order_id,customer_id,gender,age,city,product,category,order_datequatity,,unitprice,total_amount
1,C1408,F,29,Calgary,Smartwatch,Electronics,2025-01-17,1,170.06,170.06
2,C0320,M,53,Halifax,Jeans,Clothing,2025-07-12,1,49.85,49.85
3,C0219,M,26,Montreal,Air Fryer,Home,2025-07-31,2,100.05,200.1
4,C1194,F,43,Ottawa,Camera,Electronics,2025-05-06,2,338.52,677.04
5,C1437,F,39,Halifax,Lotion,Beauty,2025-05-06,4,20.13,80.52
6,C0419,F,48,Winnipeg,Lotion,Beauty,2025-05-10,1,20.31,20.31
7,C1140,M,65,Ottawa,Lotion,Beauty,2025-05-25,1,18.21,18.21
8,C0606,F,61,Edmonton,Hoodie,Clothing,2025-09-13,1,42.8,42.8
9,C0069,M,47,Halifax,Blender,Home,2025-01-23,2,87.35,174.7
10,C1311,F,32,Montreal,Lamp,Home,2025-08-02,2,42.87,85.74
11,C0683,F,64,Calgary,Lipstick,Beauty,2025-05-09,2,16.25,32.5
12,C0969,F,50,Ottawa,Jacket,Clothing,2025-01-12,4,90.01,360.04
13,C0461,F,20,Vancouver,Dress,Clothing,2025-05-21,2,60.55,121.1
14,C1003,M,51,Vancouver,Serum,Beauty,2025-09-25,1,40.53,40.53
15,C0149,F,34,Halifax,Lipstick,Beauty,2025-02-26,2,15.11,30.22
16,C0193,F,61,Winnipeg,Lotion,Beauty,2025-03-27,2,20.07,40.14
17,C1257,M,22,Vancouver,Camera,Electronics,2025-10-01,1,345.93,345.93
18,C0162,F,47,Halifax,Smartwatch,Electronics,2025-04-13,1,169.28,169.28
19,C0976,M,60,Edmonton,Headphones,Electronics,2025-05-23,2,75.73,151.46
20,C1482,M,32,Calgary,Camera,Electronics,2025-06-25,1,301.97,301.97
21,C0742,M,56,Calgary,Kettle,Home,2025-05-13,2,28.14,56.28
22,C0553,M,25,Toronto,Perfume,Beauty,2025-09-21,1,48.08,48.08
23,C0162,M,59,Toronto,Keyboard,Electronics,2025-05-27,4,36.89,147.56
24,C0153,F,55,Edmonton,Keyboard,Electronics,2025-01-12,1,42.36,42.36
25,C1465,F,45,Edmonton,Camera,Electronics,2025-02-24,1,299.71,299.71
26,C0321,M,38,Vancouver,Lamp,Home,2025-08-18,1,42.46,42.46
27,C1100,F,64,Winnipeg,Mascara,Beauty,2025-05-02,1,18.4,18.4
28,C0380,F,27,Edmonton,Charger,Electronics,2025-08-21,1,18.77,18.77
29,C0763,F,45,Montreal,Camera,Electronics,2025-06-11,1,318.29,318.29
30,C0790,M,38,Montreal,Shampoo,Beauty,2025-03-23,2,12.44,24.88
31,C1462,M,45,Vancouver,Toaster,Home,2025-02-16,1,35.94,35.94
32,C0701,M,39,Winnipeg,Perfume,Beauty,2025-10-18,2,44.35,88.7
33,C1150,M,55,Toronto,Lotion,Beauty,2025-06-09,2,21.6,43.2
34,C0752,F,36,Halifax,Dress,Clothing,2025-06-28,2,60.23,120.46
35,C0941,F,55,Halifax,Jeans,Clothing,2025-07-27,1,55.06,55.06
36,C1224,M,63,Calgary,Jacket,Clothing,2025-02-09,1,82.12,82.12
37,C1249,F,41,Montreal,Headphones,Electronics,2025-08-02,1,75.91,75.91
38,C0581,M,45,Calgary,Mascara,Beauty,2025-06-03,3,16.84,50.52
39,C1216,M,62,Vancouver,Vacuum,Home,2025-10-20,3,150.85,452.55
40,C1270,F,30,Calgary,Keyboard,Electronics,2025-06-15,1,42.43,42.43
41,C0412,F,26,Halifax,Shampoo,Beauty,2025-09-29,1,11.32,11.32
42,C0556,M,26,Montreal,Headphones,Electronics,2025-01-24,1,70.38,70.38
43,C0621,F,38,Winnipeg,Mascara,Beauty,2025-04-25,1,17.07,17.07
44,C0349,M,41,Winnipeg,T-Shirt,Clothing,2025-09-17,1,21.04,21.04
45,C1114,F,48,Edmonton,Lotion,Beauty,2025-08-14,2,20.26,40.52
46,C0989,M,46,Toronto,Toaster,Home,2025-04-12,1,37.49,37.49
47,C1486,F,57,Montreal,Charger,Electronics,2025-05-11,2,21.58,43.16
48,C1316,M,27,Halifax,Headphones,Electronics,2025-09-21,3,72.08,216.24
49,C1315,M,21,Winnipeg,Mouse,Electronics,2025-01-12,2,26.13,52.26
50,C0369,M,20,Ottawa,Serum,Beauty,2025-06-30,1,38.37,38.37
51,C1288,F,30,Halifax,Jacket,Clothing,2025-06-10,1,87.92,87.92
52,C1296,M,38,Calgary,Kettle,Home,2025-04-24,1,28.83,28.83
53,C0069,M,25,Winnipeg,Sneakers,Clothing,2025-01-18,3,91.94,275.82
54,C0144,F,26,Calgary,T-Shirt,Clothing,2025-04-14,1,19.67,19.67
55,C0056,F,63,Calgary,Smartwatch,Electronics,2025-07-05,1,154.06,154.06
56,C1101,M,18,Vancouver,Hoodie,Clothing,2025-04-03,1,44,44
57,C0520,M,31,Vancouver,Mascara,Beauty,2025-10-28,1,17.77,17.77
58,C1334,F,29,Montreal,Shampoo,Beauty,2025-05-23,2,10.98,21.96
59,C0090,F,53,Halifax,Mascara,Beauty,2025-05-23,1,17.99,17.99
60,C0376,M,39,Toronto,Headphones,Electronics,2025-10-28,1,69.92,69.92
61,C0777,F,53,Ottawa,Smartwatch,Electronics,2025-04-10,1,162.83,162.83
62,C0998,M,62,Toronto,Lipstick,Beauty,2025-03-03,1,14.59,14.59
63,C1218,F,33,Edmonton,Jacket,Clothing,2025-03-25,2,92.04,184.08
64,C0337,M,28,Toronto,Camera,Electronics,2025-10-03,1,344.21,344.21
65,C0506,M,20,Ottawa,Mouse,Electronics,2025-06-16,1,27.28,27.28
66,C0108,F,51,Vancouver,Keyboard,Electronics,2025-10-22,2,40.67,81.34
67,C0607,F,42,Calgary,Lotion,Beauty,2025-05-09,2,18.17,36.34
68,C0511,F,43,Winnipeg,Hoodie,Clothing,2025-03-08,1,49.22,49.22
69,C0321,M,20,Halifax,Mascara,Beauty,2025-02-16,1,18.74,18.74
70,C1500,F,37,Vancouver,Jacket,Clothing,2025-05-28,1,87.05,87.05
71,C0286,F,48,Calgary,Vacuum,Home,2025-09-07,1,139.41,139.41
72,C0815,F,18,Winnipeg,Lotion,Beauty,2025-05-17,1,18.57,18.57
73,C1375,F,43,Calgary,Serum,Beauty,2025-04-05,1,35.47,35.47
74,C0856,M,42,Vancouver,T-Shirt,Clothing,2025-08-26,5,18.18,90.9
75,C1269,M,28,Toronto,Air Fryer,Home,2025-10-11,1,118.85,118.85
76,C0587,F,33,Calgary,Vacuum,Home,2025-02-04,2,151.22,302.44
77,C0362,M,37,Vancouver,Kettle,Home,2025-10-23,2,29.12,58.24
78,C1360,F,59,Toronto,Mascara,Beauty,2025-09-15,5,19.18,95.9
79,C0222,M,55,Ottawa,Charger,Electronics,2025-09-27,1,21.17,21.17
80,C0716,F,19,Calgary,Serum,Beauty,2025-02-16,3,40.91,122.73
81,C0438,M,46,Toronto,Dress,Clothing,2025-04-04,4,65.61,262.44
82,C1007,F,24,Calgary,Toaster,Home,2025-07-01,1,34.57,34.57
83,C0573,M,57,Winnipeg,Mouse,Electronics,2025-07-09,1,27.25,27.25
84,C0448,F,62,Edmonton,Mascara,Beauty,2025-02-20,1,18.8,18.8
85,C1286,F,42,Toronto,Camera,Electronics,2025-07-25,2,292.52,585.04
86,C0301,M,21,Ottawa,Camera,Electronics,2025-10-31,1,331.63,331.63
87,C0973,F,60,Calgary,Toaster,Home,2025-05-05,1,36.31,36.31
88,C0549,M,51,Winnipeg,Kettle,Home,2025-07-31,2,30.27,60.54
89,C0995,M,42,Vancouver,T-Shirt,Clothing,2025-09-23,1,19.49,19.49
90,C1004,F,25,Edmonton,Charger,Electronics,2025-05-15,2,20.34,40.68
91,C1258,F,49,Edmonton,Lipstick,Beauty,2025-09-30,1,13.54,13.54
92,C1225,F,35,Edmonton,Toaster,Home,2025-10-05,2,33.82,67.64
93,C1425,M,57,Toronto,Vacuum,Home,2025-10-27,1,136.87,136.87
94,C0614,M,28,Ottawa,Charger,Electronics,2025-09-24,1,20.09,20.09
95,C1134,M,54,Calgary,Toaster,Home,2025-10-25,2,37.22,74.44
96,C0562,M,56,Halifax,Keyboard,Electronics,2025-10-06,1,37.65,37.65
97,C0508,F,53,Ottawa,Charger,Electronics,2025-08-02,1,20.11,20.11
98,C0891,M,27,Ottawa,Charger,Electronics,2025-03-03,3,18.82,56.46
99,C0839,M,23,Winnipeg,Shampoo,Beauty,2025-02-23,1,11.09,11.09
100,C0799,F,62,Calgary,Serum,Beauty,2025-04-22,2,38.08,76.16
101,C0883,F,33,Calgary,Mascara,Beauty,2025-09-26,1,16.48,16.48
102,C0816,F,42,Toronto,Vacuum,Home,2025-04-17,1,152.62,152.62
103,C1235,M,51,Halifax,Mouse,Electronics,2025-10-10,1,22.66,22.66
104,C0499,F,48,Winnipeg,Keyboard,Electronics,2025-06-17,5,36.85,184.25
105,C1213,F,64,Edmonton,Jacket,Clothing,2025-03-15,1,90.9,90.9
106,C1209,M,25,Vancouver,Mascara,Beauty,2025-08-24,3,18.33,54.99
107,C1337,F,34,Edmonton,Charger,Electronics,2025-04-02,5,18.12,90.6
108,C0454,F,31,Edmonton,Toaster,Home,2025-03-26,1,35.51,35.51
109,C0985,M,47,Halifax,Shampoo,Beauty,2025-03-16,2,12.81,25.62
110,C0249,F,35,Winnipeg,Shampoo,Beauty,2025-03-25,2,12.53,25.06
111,C0659,M,63,Ottawa,Camera,Electronics,2025-09-02,1,296.4,296.4
112,C0783,M,53,Edmonton,Serum,Beauty,2025-08-16,1,38.7,38.7
113,C0675,F,38,Calgary,Hoodie,Clothing,2025-03-24,1,46.55,46.55
114,C0689,F,48,Ottawa,Jacket,Clothing,2025-01-15,2,81.67,163.34
115,C0230,F,50,Winnipeg,Vacuum,Home,2025-10-28,2,160.66,321.32
116,C0224,F,40,Edmonton,Jeans,Clothing,2025-06-30,1,59.47,59.47
117,C0054,F,55,Toronto,Jacket,Clothing,2025-09-20,1,96.31,96.31
118,C1060,M,22,Halifax,Lotion,Beauty,2025-03-19,3,21.3,63.9
119,C0700,F,32,Toronto,T-Shirt,Clothing,2025-08-17,1,20.98,20.98
120,C0482,M,47,Halifax,Mouse,Electronics,2025-08-21,2,25.67,51.34
121,C0586,F,33,Halifax,Jeans,Clothing,2025-01-30,1,56.96,56.96
122,C1324,M,57,Halifax,T-Shirt,Clothing,2025-06-04,2,21.23,42.46
123,C0289,M,46,Toronto,Smartwatch,Electronics,2025-07-04,3,165.2,495.6
124,C1452,M,45,Halifax,Shampoo,Beauty,2025-09-12,1,11.59,11.59
125,C0311,F,23,Vancouver,Shampoo,Beauty,2025-06-18,1,11.7,11.7
126,C0458,M,22,Montreal,Camera,Electronics,2025-03-22,1,345.41,345.41
127,C0051,M,55,Montreal,Hoodie,Clothing,2025-10-13,1,40.65,40.65
128,C1123,M,42,Edmonton,Hoodie,Clothing,2025-07-29,1,46.79,46.79
129,C0342,F,45,Winnipeg,Lipstick,Beauty,2025-09-16,2,16.36,32.72
130,C0563,F,18,Montreal,Mouse,Electronics,2025-02-06,1,26.03,26.03
131,C0983,F,31,Vancouver,Smartwatch,Electronics,2025-10-13,1,175.81,175.81
132,C1409,F,36,Vancouver,Lotion,Beauty,2025-02-23,2,20.75,41.5
133,C0457,M,48,Halifax,Shampoo,Beauty,2025-07-31,2,10.88,21.76
134,C1328,M,32,Ottawa,Headphones,Electronics,2025-04-10,1,74.58,74.58
135,C0751,F,36,Ottawa,Dress,Clothing,2025-03-26,2,57.42,114.84
136,C0852,F,55,Toronto,Smartwatch,Electronics,2025-08-01,2,158.27,316.54
137,C0266,M,49,Vancouver,Smartwatch,Electronics,2025-09-21,1,153.99,153.99
138,C0026,M,48,Halifax,Blender,Home,2025-03-27,1,81.07,81.07
139,C1074,M,54,Edmonton,Keyboard,Electronics,2025-03-04,1,39.45,39.45
140,C0943,F,43,Montreal,Hoodie,Clothing,2025-07-11,2,43.91,87.82
141,C0641,F,65,Montreal,Dress,Clothing,2025-04-03,2,61.6,123.2
142,C0365,M,58,Halifax,Lipstick,Beauty,2025-09-10,2,15.94,31.88
143,C1169,M,42,Halifax,Mouse,Electronics,2025-05-18,1,23.99,23.99
144,C0145,F,64,Ottawa,Headphones,Electronics,2025-02-18,1,65.99,65.99
145,C0167,F,57,Toronto,Headphones,Electronics,2025-05-01,2,72.34,144.68
146,C1067,M,25,Toronto,Lipstick,Beauty,2025-02-08,1,15.51,15.51
147,C0972,F,21,Edmonton,Vacuum,Home,2025-02-03,1,162.03,162.03
148,C1039,F,48,Calgary,Headphones,Electronics,2025-09-23,1,63.22,63.22
149,C0129,F,49,Winnipeg,Perfume,Beauty,2025-01-09,2,48.18,96.36
150,C0058,F,51,Vancouver,Serum,Beauty,2025-07-07,1,38.16,38.16
151,C0054,M,65,Montreal,Jeans,Clothing,2025-04-06,1,56.33,56.33
152,C1248,M,20,Edmonton,Mascara,Beauty,2025-05-13,2,16.53,33.06
153,C0133,F,58,Montreal,Lipstick,Beauty,2025-06-12,2,14.8,29.6
154,C1267,F,43,Ottawa,Camera,Electronics,2025-05-19,2,302.55,605.1
155,C0210,M,21,Ottawa,Hoodie,Clothing,2025-10-25,2,42.79,85.58
156,C0242,F,19,Vancouver,Serum,Beauty,2025-03-21,1,38.03,38.03
157,C0383,F,36,Edmonton,Lamp,Home,2025-04-01,1,42.5,42.5
158,C1234,M,40,Winnipeg,Vacuum,Home,2025-09-13,2,157.31,314.62
159,C0215,M,42,Halifax,Lipstick,Beauty,2025-05-28,1,15.27,15.27
160,C1268,M,64,Edmonton,Kettle,Home,2025-06-28,2,28.22,56.44
161,C1095,F,24,Ottawa,Keyboard,Electronics,2025-09-14,2,39.42,78.84
162,C0814,F,25,Halifax,Toaster,Home,2025-08-06,1,38.31,38.31
163,C1114,F,20,Edmonton,Blender,Home,2025-09-24,1,86.02,86.02
164,C1473,M,40,Ottawa,Camera,Electronics,2025-03-20,1,304.25,304.25
165,C1180,F,64,Montreal,Lipstick,Beauty,2025-06-16,1,14.19,14.19
166,C1402,F,50,Halifax,Sneakers,Clothing,2025-04-14,1,86.89,86.89
167,C0084,F,65,Vancouver,Keyboard,Electronics,2025-10-31,3,40.18,120.54
168,C1449,M,45,Halifax,Shampoo,Beauty,2025-10-11,1,10.82,10.82
169,C0663,M,39,Montreal,Lotion,Beauty,2025-08-03,2,21.32,42.64
170,C0954,M,52,Halifax,Headphones,Electronics,2025-03-16,1,72.86,72.86
171,C0082,M,51,Montreal,Lamp,Home,2025-08-13,1,41.29,41.29
172,C0801,F,47,Ottawa,Perfume,Beauty,2025-10-19,1,41.12,41.12
173,C1210,F,64,Halifax,Headphones,Electronics,2025-03-11,2,68.07,136.14
174,C0089,M,53,Winnipeg,Perfume,Beauty,2025-07-09,1,48.92,48.92
175,C0160,M,31,Montreal,Lamp,Home,2025-04-16,1,42.9,42.9
176,C1008,M,26,Vancouver,Lotion,Beauty,2025-03-11,2,19.14,38.28
177,C0370,M,39,Ottawa,Air Fryer,Home,2025-01-10,1,102.46,102.46
178,C0562,M,45,Vancouver,Smartwatch,Electronics,2025-08-02,1,158.37,158.37
179,C0179,M,58,Halifax,Jacket,Clothing,2025-01-05,1,87.4,87.4
180,C0732,M,31,Toronto,Perfume,Beauty,2025-01-28,1,46.64,46.64
181,C1229,F,32,Vancouver,Headphones,Electronics,2025-08-29,1,76.53,76.53
182,C0515,F,54,Halifax,Shampoo,Beauty,2025-08-24,1,11.67,11.67
183,C0116,M,41,Vancouver,Jacket,Clothing,2025-04-02,1,82.12,82.12
184,C1371,F,51,Calgary,Sneakers,Clothing,2025-02-07,3,91.76,275.28
185,C0401,M,60,Winnipeg,Shampoo,Beauty,2025-08-07,3,10.89,32.67
186,C0299,F,62,Winnipeg,Toaster,Home,2025-06-01,2,38.17,76.34
187,C0669,F,61,Winnipeg,Hoodie,Clothing,2025-07-11,3,46.48,139.44
188,C0510,M,20,Edmonton,Camera,Electronics,2025-05-01,1,348.27,348.27
189,C1132,M,40,Halifax,Headphones,Electronics,2025-06-20,2,65.8,131.6
190,C0052,F,37,Edmonton,Serum,Beauty,2025-04-20,1,34.51,34.51
191,C1008,F,62,Vancouver,Perfume,Beauty,2025-05-24,2,44.89,89.78
192,C1377,F,32,Winnipeg,T-Shirt,Clothing,2025-03-07,1,19.8,19.8
193,C0540,F,60,Montreal,Dress,Clothing,2025-07-16,1,57.98,57.98
194,C0212,M,33,Montreal,Blender,Home,2025-02-15,2,92.78,185.56
195,C1133,F,24,Edmonton,Smartwatch,Electronics,2025-05-29,2,170.32,340.64
196,C0770,M,50,Ottawa,Smartwatch,Electronics,2025-03-01,2,165.17,330.34
197,C1394,F,36,Edmonton,Vacuum,Home,2025-05-18,1,139.89,139.89
198,C0732,M,35,Winnipeg,T-Shirt,Clothing,2025-03-31,1,20.94,20.94
199,C0529,M,58,Toronto,Hoodie,Clothing,2025-07-31,1,47.04,47.04
200,C1264,F,35,Ottawa,Vacuum,Home,2025-06-18,1,147.75,147.75
201,C0724,M,20,Vancouver,Lamp,Home,2025-04-23,1,43.4,43.4
202,C1426,F,20,Winnipeg,Perfume,Beauty,2025-03-07,1,42,42
203,C1013,F,53,Edmonton,Mascara,Beauty,2025-10-29,1,17.16,17.16
204,C0796,F,33,Winnipeg,Hoodie,Clothing,2025-04-28,1,41.07,41.07
205,C1204,F,60,Winnipeg,Air Fryer,Home,2025-08-13,2,116.5,233
206,C1296,F,40,Vancouver,Serum,Beauty,2025-05-31,3,38.93,116.79
207,C0929,M,40,Montreal,Mascara,Beauty,2025-06-16,1,17.33,17.33
208,C0085,M,32,Winnipeg,Air Fryer,Home,2025-04-05,1,102.6,102.6
209,C1325,M,26,Vancouver,Serum,Beauty,2025-09-17,1,34.51,34.51
210,C0421,F,57,Edmonton,Shampoo,Beauty,2025-09-16,1,11.2,11.2
211,C0210,M,55,Edmonton,Smartwatch,Electronics,2025-04-30,2,158.51,317.02
212,C1332,F,35,Edmonton,Toaster,Home,2025-03-15,2,33.23,66.46
213,C0062,M,55,Vancouver,Kettle,Home,2025-04-06,2,26.65,53.3
214,C0005,F,23,Montreal,Lipstick,Beauty,2025-10-19,1,16.13,16.13
215,C0496,F,61,Toronto,Vacuum,Home,2025-06-26,3,150.45,451.35
216,C1131,F,54,Vancouver,Serum,Beauty,2025-01-27,1,39.74,39.74
217,C1498,F,63,Calgary,Charger,Electronics,2025-07-30,1,18.14,18.14
218,C0731,F,23,Toronto,Toaster,Home,2025-09-14,1,34.06,34.06
219,C1411,F,38,Toronto,Air Fryer,Home,2025-07-24,2,109.54,219.08
220,C0179,F,47,Edmonton,Hoodie,Clothing,2025-03-07,1,42.18,42.18
221,C1090,F,45,Montreal,Vacuum,Home,2025-05-30,1,138.61,138.61
222,C0529,F,37,Halifax,Smartwatch,Electronics,2025-06-16,2,171.85,343.7
223,C1411,F,36,Ottawa,Mascara,Beauty,2025-08-08,1,19.58,19.58
224,C0387,F,31,Edmonton,Smartwatch,Electronics,2025-10-27,1,146.52,146.52
225,C0552,M,18,Edmonton,Shampoo,Beauty,2025-09-15,1,11.64,11.64
226,C0336,F,44,Vancouver,Lotion,Beauty,2025-07-22,1,21.83,21.83
227,C0588,M,49,Vancouver,T-Shirt,Clothing,2025-08-28,2,18.33,36.66
228,C0758,F,46,Ottawa,Headphones,Electronics,2025-08-17,1,72.01,72.01
229,C1075,M,48,Vancouver,T-Shirt,Clothing,2025-06-05,1,21.89,21.89
230,C0641,F,42,Calgary,Kettle,Home,2025-08-06,1,30.68,30.68
231,C0307,F,24,Ottawa,Vacuum,Home,2025-07-14,2,149.14,298.28
232,C1284,F,56,Montreal,Charger,Electronics,2025-09-27,1,18.65,18.65
233,C0721,F,63,Ottawa,Mouse,Electronics,2025-01-16,2,23.51,47.02
234,C0211,M,33,Toronto,Smartwatch,Electronics,2025-08-29,1,172.47,172.47
235,C1455,M,61,Montreal,Lotion,Beauty,2025-09-09,1,21.65,21.65
236,C0935,F,28,Toronto,Lamp,Home,2025-02-20,4,40.86,163.44
237,C0049,F,35,Montreal,Keyboard,Electronics,2025-01-28,1,42.13,42.13
238,C0441,F,61,Ottawa,Lipstick,Beauty,2025-02-22,1,15.72,15.72
239,C0246,M,59,Winnipeg,Vacuum,Home,2025-04-26,1,154.85,154.85
240,C0551,M,22,Toronto,Lipstick,Beauty,2025-01-09,1,15.98,15.98
241,C0452,M,19,Halifax,Jeans,Clothing,2025-01-11,1,57.04,57.04
242,C1169,F,27,Montreal,Hoodie,Clothing,2025-04-17,3,45.31,135.93
243,C0655,M,43,Winnipeg,T-Shirt,Clothing,2025-10-28,3,18.95,56.85
244,C0247,F,41,Vancouver,Mouse,Electronics,2025-09-15,1,26.22,26.22
245,C0361,M,43,Toronto,Lotion,Beauty,2025-07-01,1,19.89,19.89
246,C0668,F,33,Calgary,T-Shirt,Clothing,2025-06-19,2,19.18,38.36
247,C0016,F,42,Montreal,Headphones,Electronics,2025-05-19,1,74.23,74.23
248,C0390,M,55,Edmonton,Sneakers,Clothing,2025-10-12,1,88.34,88.34
249,C0348,F,23,Winnipeg,Hoodie,Clothing,2025-04-21,2,48.94,97.88
250,C0928,M,29,Halifax,Hoodie,Clothing,2025-04-02,2,41.99,83.98
251,C0281,F,26,Edmonton,Keyboard,Electronics,2025-08-08,2,41.19,82.38
252,C0145,M,59,Halifax,Charger,Electronics,2025-01-05,2,18.98,37.96
253,C0046,F,25,Edmonton,Jeans,Clothing,2025-01-20,4,59.44,237.76
254,C0463,M,48,Edmonton,Mouse,Electronics,2025-04-11,1,23,23
255,C0821,M,58,Vancouver,Lotion,Beauty,2025-10-22,3,20.62,61.86
256,C1394,F,49,Vancouver,Camera,Electronics,2025-06-06,1,338.63,338.63
257,C1331,F,24,Edmonton,Jeans,Clothing,2025-01-01,1,53.4,53.4
258,C1426,F,49,Edmonton,Kettle,Home,2025-07-31,1,30.54,30.54
259,C0494,M,59,Ottawa,Mouse,Electronics,2025-04-29,2,26.75,53.5
260,C1367,M,42,Winnipeg,Serum,Beauty,2025-09-17,1,36.44,36.44
261,C0133,F,50,Edmonton,Blender,Home,2025-06-24,2,76.63,153.26
262,C1342,F,45,Halifax,Hoodie,Clothing,2025-05-14,2,43.17,86.34
263,C0268,M,28,Edmonton,Serum,Beauty,2025-04-12,1,36.34,36.34
264,C0593,F,48,Ottawa,Keyboard,Electronics,2025-03-03,2,43.12,86.24
265,C0670,F,27,Winnipeg,Jacket,Clothing,2025-02-23,3,98.41,295.23
266,C0979,M,19,Edmonton,Vacuum,Home,2025-01-07,2,137.11,274.22
267,C0224,F,63,Edmonton,Blender,Home,2025-01-03,1,84.51,84.51
268,C0912,F,61,Toronto,Blender,Home,2025-05-29,3,85.82,257.46
269,C0002,M,21,Toronto,Charger,Electronics,2025-10-15,2,18.37,36.74
270,C0972,F,39,Halifax,Mouse,Electronics,2025-01-12,1,24.39,24.39
271,C0637,M,62,Halifax,Sneakers,Clothing,2025-04-14,1,81.89,81.89
272,C1265,F,45,Calgary,T-Shirt,Clothing,2025-04-21,1,20.14,20.14
273,C0117,F,27,Vancouver,Dress,Clothing,2025-09-20,3,61.93,185.79
274,C0437,M,19,Montreal,Jeans,Clothing,2025-06-22,1,57.24,57.24
275,C0311,F,48,Calgary,Smartwatch,Electronics,2025-04-05,1,148.38,148.38
276,C1240,F,59,Halifax,Charger,Electronics,2025-07-22,3,21.25,63.75
277,C1013,M,40,Halifax,Kettle,Home,2025-02-14,1,29,29
278,C0217,F,33,Winnipeg,Vacuum,Home,2025-02-03,3,161.67,485.01
279,C0571,F,26,Edmonton,Air Fryer,Home,2025-07-30,1,108.89,108.89
280,C0345,F,60,Winnipeg,Air Fryer,Home,2025-08-13,1,118.67,118.67
281,C0078,F,23,Calgary,Sneakers,Clothing,2025-09-21,1,91.22,91.22
282,C1143,F,42,Winnipeg,Keyboard,Electronics,2025-10-28,3,39.51,118.53
283,C1454,M,21,Calgary,Keyboard,Electronics,2025-08-14,2,39.05,78.1
284,C1343,M,65,Winnipeg,Lotion,Beauty,2025-04-14,3,21.73,65.19
285,C1231,F,29,Edmonton,Mouse,Electronics,2025-08-09,2,26.08,52.16
286,C1346,F,41,Montreal,Lotion,Beauty,2025-10-28,1,21.71,21.71
287,C0597,M,44,Winnipeg,Keyboard,Electronics,2025-05-03,1,42.38,42.38
288,C1028,F,65,Halifax,Keyboard,Electronics,2025-08-10,1,40.87,40.87
289,C0669,M,20,Edmonton,Smartwatch,Electronics,2025-02-12,2,147.71,295.42
290,C1201,F,29,Calgary,Keyboard,Electronics,2025-07-29,3,38.33,114.99
291,C1373,F,64,Ottawa,Perfume,Beauty,2025-01-11,1,49.22,49.22
292,C0899,M,47,Ottawa,Mascara,Beauty,2025-08-04,2,17.35,34.7
293,C0310,M,29,Ottawa,Dress,Clothing,2025-06-13,4,55.12,220.48
294,C1104,F,58,Calgary,Headphones,Electronics,2025-08-13,1,72.91,72.91
295,C0044,F,59,Calgary,Lotion,Beauty,2025-08-13,3,20.94,62.82
296,C0916,F,57,Vancouver,Charger,Electronics,2025-09-03,1,19.14,19.14
297,C0453,M,62,Winnipeg,Air Fryer,Home,2025-05-26,2,105.55,211.1
298,C1008,F,39,Toronto,Serum,Beauty,2025-07-10,1,37.76,37.76
299,C0730,F,32,Vancouver,Blender,Home,2025-09-18,1,76.87,76.87
300,C1223,F,45,Edmonton,Shampoo,Beauty,2025-10-14,1,12.69,12.69
301,C1232,F,34,Ottawa,Perfume,Beauty,2025-01-16,4,43.35,173.4
302,C0194,M,61,Winnipeg,Camera,Electronics,2025-07-13,2,342.64,685.28
303,C1036,M,65,Toronto,Charger,Electronics,2025-01-09,1,21.21,21.21
304,C0954,M,42,Halifax,Lamp,Home,2025-01-02,5,41.29,206.45
305,C0717,M,60,Vancouver,Air Fryer,Home,2025-10-20,2,106.15,212.3
306,C1413,M,62,Montreal,Hoodie,Clothing,2025-03-25,3,45.15,135.45
307,C1150,M,20,Montreal,Charger,Electronics,2025-07-28,1,19.78,19.78
308,C0348,M,53,Montreal,Charger,Electronics,2025-02-27,1,19.36,19.36
309,C1096,F,48,Ottawa,Vacuum,Home,2025-04-16,2,160.44,320.88
310,C0440,F,32,Toronto,Lipstick,Beauty,2025-05-16,1,14.95,14.95
311,C0732,F,63,Ottawa,Charger,Electronics,2025-03-18,1,21.33,21.33
312,C0302,F,45,Winnipeg,Perfume,Beauty,2025-07-29,1,41.45,41.45
313,C0349,M,60,Montreal,Perfume,Beauty,2025-08-20,1,41.77,41.77
314,C0121,M,48,Calgary,Jacket,Clothing,2025-05-05,1,98.59,98.59
315,C0786,M,62,Ottawa,Sneakers,Clothing,2025-06-29,4,86.49,345.96
316,C1324,F,37,Toronto,Air Fryer,Home,2025-10-17,1,110.21,110.21
317,C0555,M,62,Ottawa,Charger,Electronics,2025-08-02,1,20.09,20.09
318,C0208,F,38,Toronto,Shampoo,Beauty,2025-04-07,1,11.32,11.32
319,C0474,M,44,Edmonton,Mascara,Beauty,2025-09-06,2,18.79,37.58
320,C0214,M,36,Calgary,Mascara,Beauty,2025-08-09,2,16.51,33.02
321,C1359,F,53,Vancouver,Mouse,Electronics,2025-01-13,2,25.37,50.74
322,C0077,M,29,Toronto,Blender,Home,2025-04-01,1,86.2,86.2
323,C1174,M,52,Toronto,Blender,Home,2025-07-12,1,92.04,92.04
324,C0252,F,65,Halifax,Lotion,Beauty,2025-07-18,2,20.1,40.2
325,C0572,F,50,Montreal,Jeans,Clothing,2025-09-17,3,51.01,153.03
326,C0213,M,53,Halifax,Air Fryer,Home,2025-03-05,2,111.6,223.2
327,C0498,F,58,Winnipeg,Headphones,Electronics,2025-08-20,1,64.28,64.28
328,C0705,M,40,Montreal,Vacuum,Home,2025-08-15,1,141.11,141.11
329,C0029,F,30,Calgary,Smartwatch,Electronics,2025-06-16,1,145,145
330,C0897,M,47,Winnipeg,Serum,Beauty,2025-09-08,2,38.1,76.2
331,C0073,F,27,Edmonton,Charger,Electronics,2025-07-05,1,18.34,18.34
332,C0789,F,58,Edmonton,Air Fryer,Home,2025-09-06,1,109.33,109.33
333,C0206,F,37,Winnipeg,Lotion,Beauty,2025-09-29,1,21.73,21.73
334,C0052,F,23,Ottawa,Lotion,Beauty,2025-05-18,1,20.88,20.88
335,C1003,M,48,Winnipeg,Lotion,Beauty,2025-04-19,1,18.31,18.31
336,C0322,M,36,Vancouver,Shampoo,Beauty,2025-02-13,1,11.34,11.34
337,C0627,F,20,Vancouver,Dress,Clothing,2025-07-20,2,62.08,124.16
338,C1250,F,27,Winnipeg,Air Fryer,Home,2025-04-14,1,118.68,118.68
339,C1086,F,27,Calgary,Smartwatch,Electronics,2025-04-30,1,145.05,145.05
340,C0019,F,38,Vancouver,Lotion,Beauty,2025-01-28,1,21.25,21.25
341,C0311,F,19,Ottawa,Charger,Electronics,2025-04-17,1,20.25,20.25
342,C0591,F,62,Montreal,Mouse,Electronics,2025-10-07,2,25.23,50.46
343,C1465,F,56,Edmonton,Lipstick,Beauty,2025-01-28,1,16.37,16.37
344,C0523,M,62,Calgary,Headphones,Electronics,2025-07-05,2,73.47,146.94
345,C0656,M,47,Vancouver,Keyboard,Electronics,2025-07-14,1,42.8,42.8
346,C0085,M,63,Winnipeg,Vacuum,Home,2025-05-26,2,145.62,291.24
347,C0958,F,45,Edmonton,Toaster,Home,2025-09-17,1,35.38,35.38
348,C0003,M,35,Calgary,Mascara,Beauty,2025-06-26,1,18.42,18.42
349,C0771,F,31,Halifax,Smartwatch,Electronics,2025-05-08,2,154.29,308.58
350,C1267,F,62,Halifax,Kettle,Home,2025-04-16,1,28.39,28.39
351,C0405,F,36,Calgary,Smartwatch,Electronics,2025-07-30,1,151.57,151.57
352,C1067,F,57,Toronto,Jacket,Clothing,2025-01-11,2,83.58,167.16
353,C0233,F,53,Toronto,Lamp,Home,2025-01-17,1,38.99,38.99
354,C0508,F,58,Calgary,Lipstick,Beauty,2025-03-07,1,15.72,15.72
355,C1374,M,29,Edmonton,Lipstick,Beauty,2025-04-23,1,16.25,16.25
356,C1464,M,37,Toronto,Vacuum,Home,2025-05-12,4,148.73,594.92
357,C0916,M,51,Vancouver,Perfume,Beauty,2025-03-12,3,46.29,138.87
358,C1187,F,53,Calgary,Charger,Electronics,2025-03-02,1,18.41,18.41
359,C1323,F,38,Toronto,Jacket,Clothing,2025-09-01,1,97.28,97.28
360,C0986,F,36,Vancouver,Charger,Electronics,2025-01-05,1,20.27,20.27
361,C0021,F,58,Montreal,Headphones,Electronics,2025-01-21,1,73.92,73.92
362,C1034,F,58,Winnipeg,Toaster,Home,2025-07-05,2,37.06,74.12
363,C0045,F,60,Montreal,Mouse,Electronics,2025-07-28,1,23.78,23.78
364,C0605,F,59,Halifax,Charger,Electronics,2025-08-19,1,20.12,20.12
365,C1027,M,52,Edmonton,T-Shirt,Clothing,2025-01-14,3,21.84,65.52
366,C0043,M,25,Winnipeg,Charger,Electronics,2025-03-20,2,18.36,36.72
367,C1204,M,39,Calgary,Dress,Clothing,2025-07-01,2,62.2,124.4
368,C0297,M,60,Ottawa,Jeans,Clothing,2025-03-19,3,60.08,180.24
369,C0377,F,55,Vancouver,Perfume,Beauty,2025-10-24,2,43.21,86.42
370,C1131,F,35,Edmonton,Serum,Beauty,2025-09-29,1,40.75,40.75
371,C0937,F,25,Edmonton,Lipstick,Beauty,2025-02-20,1,16.3,16.3
372,C0717,F,19,Winnipeg,Perfume,Beauty,2025-09-14,1,47.22,47.22
373,C1454,F,37,Edmonton,Shampoo,Beauty,2025-10-23,1,11.36,11.36
374,C0636,F,22,Calgary,Lamp,Home,2025-01-18,2,38.67,77.34
375,C1137,F,59,Toronto,Shampoo,Beauty,2025-10-17,1,10.89,10.89
376,C0377,M,47,Montreal,Keyboard,Electronics,2025-08-06,1,42.65,42.65
377,C0047,F,35,Toronto,Jacket,Clothing,2025-04-10,1,96.29,96.29
378,C1308,M,61,Vancouver,Lipstick,Beauty,2025-05-29,1,15.4,15.4
379,C0331,F,40,Calgary,Dress,Clothing,2025-06-04,3,58.23,174.69
380,C0236,F,19,Edmonton,Charger,Electronics,2025-04-12,2,18.31,36.62
381,C0862,F,59,Montreal,Lipstick,Beauty,2025-04-25,1,15.76,15.76
382,C0285,F,61,Vancouver,Air Fryer,Home,2025-09-27,1,114.98,114.98
383,C0754,M,54,Winnipeg,Blender,Home,2025-04-02,2,92.01,184.02
384,C1464,F,59,Montreal,Jacket,Clothing,2025-01-21,2,94.15,188.3
385,C1273,F,49,Edmonton,Lamp,Home,2025-04-30,1,42.63,42.63
386,C0716,M,18,Halifax,Dress,Clothing,2025-01-19,3,62.95,188.85
387,C0712,F,56,Halifax,Keyboard,Electronics,2025-01-24,4,41.05,164.2
388,C1081,M,18,Montreal,Serum,Beauty,2025-01-26,5,37.44,187.2
389,C0437,F,61,Calgary,Air Fryer,Home,2025-06-02,2,118.85,237.7
390,C1098,F,48,Halifax,T-Shirt,Clothing,2025-10-28,3,20.6,61.8
391,C0119,M,56,Calgary,Jeans,Clothing,2025-07-21,1,53.88,53.88
392,C0571,M,25,Ottawa,Mouse,Electronics,2025-05-19,3,22.92,68.76
393,C1315,F,20,Ottawa,Smartwatch,Electronics,2025-10-07,3,153.3,459.9
394,C0948,M,64,Ottawa,Lamp,Home,2025-01-24,3,40.35,121.05
395,C1357,M,29,Ottawa,Camera,Electronics,2025-01-12,2,305.64,611.28
396,C0058,M,51,Edmonton,Dress,Clothing,2025-05-15,1,56.65,56.65
397,C0500,M,42,Winnipeg,Jacket,Clothing,2025-03-22,1,90.49,90.49
398,C0731,M,53,Toronto,Mouse,Electronics,2025-03-11,1,23.35,23.35
399,C1282,M,24,Ottawa,Kettle,Home,2025-07-23,2,29.68,59.36
400,C0796,M,32,Toronto,Air Fryer,Home,2025-03-20,1,109.66,109.66
401,C0482,M,38,Montreal,Perfume,Beauty,2025-10-06,1,45.66,45.66
402,C1493,F,42,Winnipeg,Sneakers,Clothing,2025-07-18,1,79.01,79.01
403,C0326,F,65,Toronto,Headphones,Electronics,2025-10-21,2,67.54,135.08
404,C1087,M,55,Montreal,Jacket,Clothing,2025-10-12,3,88.38,265.14
405,C1204,F,54,Ottawa,Smartwatch,Electronics,2025-06-05,2,169.86,339.72
406,C0231,M,33,Toronto,Jeans,Clothing,2025-03-17,2,57.97,115.94
407,C1188,F,18,Montreal,Keyboard,Electronics,2025-08-07,1,37.78,37.78
408,C1384,M,64,Ottawa,Serum,Beauty,2025-10-04,2,38.88,77.76
409,C1234,M,54,Edmonton,T-Shirt,Clothing,2025-09-22,1,18.97,18.97
410,C1470,M,62,Montreal,Perfume,Beauty,2025-02-18,1,49.39,49.39
411,C0555,F,31,Calgary,Charger,Electronics,2025-04-08,3,21.81,65.43
412,C0423,M,51,Montreal,T-Shirt,Clothing,2025-10-20,2,20.25,40.5
413,C1157,M,19,Ottawa,Hoodie,Clothing,2025-01-21,2,46.79,93.58
414,C0730,F,48,Winnipeg,Smartwatch,Electronics,2025-01-23,1,169.65,169.65
415,C0203,M,36,Edmonton,Toaster,Home,2025-05-18,1,36.55,36.55
416,C0690,F,36,Vancouver,Mouse,Electronics,2025-08-18,1,26,26
417,C0784,F,61,Calgary,Headphones,Electronics,2025-01-29,1,76.42,76.42
418,C1491,M,40,Toronto,Mouse,Electronics,2025-01-21,1,25.48,25.48
419,C0453,M,47,Calgary,Vacuum,Home,2025-04-09,1,154.09,154.09
420,C1027,M,34,Ottawa,Blender,Home,2025-03-04,1,90.94,90.94
421,C1113,F,19,Montreal,Air Fryer,Home,2025-10-29,2,113.74,227.48
422,C1075,F,28,Vancouver,Blender,Home,2025-05-13,4,88.96,355.84
423,C1477,M,31,Ottawa,Lipstick,Beauty,2025-01-15,2,14.2,28.4
424,C0672,F,58,Halifax,Charger,Electronics,2025-04-15,3,19.49,58.47
425,C1021,F,46,Edmonton,Shampoo,Beauty,2025-04-21,1,11.15,11.15
426,C0480,M,36,Montreal,Smartwatch,Electronics,2025-04-21,2,160.18,320.36
427,C1157,M,45,Edmonton,Camera,Electronics,2025-01-04,1,317.17,317.17
428,C1271,F,18,Edmonton,Hoodie,Clothing,2025-06-01,1,49.47,49.47
429,C0886,M,22,Winnipeg,Camera,Electronics,2025-02-11,1,327.12,327.12
430,C0396,M,51,Ottawa,Lotion,Beauty,2025-01-26,1,21.15,21.15
431,C0159,M,31,Edmonton,Shampoo,Beauty,2025-07-13,2,11.6,23.2
432,C0465,F,36,Vancouver,Kettle,Home,2025-01-08,1,29.86,29.86
433,C1174,F,41,Montreal,Air Fryer,Home,2025-03-14,3,112.53,337.59
434,C0571,F,57,Halifax,Serum,Beauty,2025-03-19,4,39.5,158
435,C1014,F,34,Halifax,Shampoo,Beauty,2025-05-28,1,11.51,11.51
436,C1332,F,19,Halifax,Toaster,Home,2025-03-09,1,35.34,35.34
437,C0559,M,48,Vancouver,Mascara,Beauty,2025-07-02,2,18.48,36.96
438,C0982,F,34,Halifax,Jacket,Clothing,2025-03-26,1,91.6,91.6
439,C1021,M,25,Halifax,Vacuum,Home,2025-03-20,1,162.46,162.46
440,C1329,M,63,Montreal,Lipstick,Beauty,2025-02-08,2,16.19,32.38
441,C1336,F,34,Winnipeg,Serum,Beauty,2025-01-20,4,41.58,166.32
442,C0543,F,55,Halifax,Dress,Clothing,2025-03-11,2,62.01,124.02
443,C0247,M,43,Calgary,Camera,Electronics,2025-06-05,1,350.2,350.2
444,C0699,F,60,Ottawa,Camera,Electronics,2025-04-27,1,341.28,341.28
445,C1259,M,57,Winnipeg,Jacket,Clothing,2025-01-28,1,85.87,85.87
446,C1356,F,62,Toronto,Jacket,Clothing,2025-04-08,1,88.69,88.69
447,C1195,F,57,Toronto,Hoodie,Clothing,2025-05-31,1,42.65,42.65
448,C1499,M,24,Ottawa,Lamp,Home,2025-01-22,1,36.03,36.03
449,C0593,F,41,Edmonton,Mouse,Electronics,2025-09-18,3,23.44,70.32
450,C0842,M,47,Winnipeg,Perfume,Beauty,2025-03-01,2,40.54,81.08
451,C1389,M,43,Edmonton,Air Fryer,Home,2025-06-12,2,114.84,229.68
452,C1029,F,47,Halifax,Camera,Electronics,2025-04-24,3,315.23,945.69
453,C0516,M,52,Toronto,Headphones,Electronics,2025-07-15,1,67.38,67.38
454,C0487,M,19,Vancouver,Jeans,Clothing,2025-02-14,1,57.88,57.88
455,C0655,M,61,Winnipeg,Lotion,Beauty,2025-04-23,2,21.33,42.66
456,C0898,F,21,Toronto,Smartwatch,Electronics,2025-06-28,5,175.21,876.05
457,C1457,F,22,Winnipeg,Mascara,Beauty,2025-09-27,1,18.51,18.51
458,C0312,F,65,Ottawa,Mouse,Electronics,2025-02-25,1,24.81,24.81
459,C1279,F,19,Edmonton,Serum,Beauty,2025-09-24,2,36.52,73.04
460,C0724,F,48,Calgary,Serum,Beauty,2025-04-25,1,35.89,35.89
461,C1304,M,44,Winnipeg,Perfume,Beauty,2025-06-16,1,42.42,42.42
462,C0763,M,41,Edmonton,Blender,Home,2025-04-25,1,83.46,83.46
463,C0995,F,62,Halifax,Blender,Home,2025-03-21,3,93.36,280.08
464,C1335,M,21,Ottawa,Charger,Electronics,2025-10-13,1,18,18
465,C0694,M,45,Halifax,T-Shirt,Clothing,2025-01-29,3,18.79,56.37
466,C0209,F,22,Ottawa,Charger,Electronics,2025-02-11,1,18.75,18.75
467,C1349,F,44,Montreal,Keyboard,Electronics,2025-04-29,1,41.74,41.74
468,C0718,M,61,Toronto,Jeans,Clothing,2025-03-03,3,53.38,160.14
469,C0750,M,64,Toronto,Serum,Beauty,2025-06-04,1,37.68,37.68
470,C0159,F,22,Montreal,Sneakers,Clothing,2025-10-12,1,79.03,79.03
471,C0461,M,22,Vancouver,Lipstick,Beauty,2025-07-08,1,14.71,14.71
472,C1024,M,65,Vancouver,Sneakers,Clothing,2025-10-12,2,78.25,156.5
473,C0054,F,26,Edmonton,Shampoo,Beauty,2025-04-14,1,12.08,12.08
474,C0393,M,64,Montreal,Sneakers,Clothing,2025-02-26,1,78.16,78.16
475,C0244,F,44,Toronto,Headphones,Electronics,2025-06-21,2,74.07,148.14
476,C0744,M,21,Vancouver,Hoodie,Clothing,2025-06-05,1,45.6,45.6
477,C1360,F,41,Vancouver,Shampoo,Beauty,2025-06-14,1,12.54,12.54
478,C1217,F,44,Calgary,Headphones,Electronics,2025-03-10,2,68.86,137.72
479,C1168,M,18,Vancouver,Hoodie,Clothing,2025-02-27,1,43.93,43.93
480,C0838,F,49,Toronto,Mouse,Electronics,2025-07-26,1,22.99,22.99
481,C1236,M,33,Calgary,Vacuum,Home,2025-03-26,2,150.72,301.44
482,C0902,M,40,Calgary,Toaster,Home,2025-04-11,3,35.1,105.3
483,C0291,F,45,Winnipeg,Mouse,Electronics,2025-10-19,1,24.84,24.84
484,C0131,F,37,Halifax,Blender,Home,2025-09-08,1,89.09,89.09
485,C1301,F,34,Halifax,Headphones,Electronics,2025-08-08,2,74.66,149.32
486,C1415,M,53,Halifax,Dress,Clothing,2025-06-09,1,63.01,63.01
487,C1358,M,62,Edmonton,Mascara,Beauty,2025-07-06,1,16.72,16.72
488,C0278,M,25,Winnipeg,Mouse,Electronics,2025-03-28,1,25.61,25.61
489,C0142,F,35,Toronto,Hoodie,Clothing,2025-06-04,2,41.22,82.44
490,C0067,F,30,Montreal,Dress,Clothing,2025-10-07,1,62.34,62.34
491,C1413,M,26,Winnipeg,Mouse,Electronics,2025-06-13,2,24.41,48.82
492,C0883,M,54,Halifax,Air Fryer,Home,2025-03-09,2,101.91,203.82
493,C1083,M,47,Ottawa,Shampoo,Beauty,2025-10-15,1,12.87,12.87
494,C0393,M,60,Vancouver,Perfume,Beauty,2025-07-31,1,46.03,46.03
495,C0509,M,45,Edmonton,Keyboard,Electronics,2025-04-30,4,38.84,155.36
496,C0176,F,63,Halifax,Smartwatch,Electronics,2025-07-04,1,144.98,144.98
497,C1126,F,35,Montreal,Headphones,Electronics,2025-08-04,1,70.52,70.52
498,C0037,M,37,Ottawa,Perfume,Beauty,2025-05-10,2,48.81,97.62
499,C1348,M,65,Toronto,Hoodie,Clothing,2025-03-19,1,45.87,45.87
500,C0916,F,53,Vancouver,Hoodie,Clothing,2025-06-19,1,49.24,49.24
501,C0597,M,36,Montreal,Vacuum,Home,2025-02-07,1,139.09,139.09
502,C0434,M,22,Ottawa,Smartwatch,Electronics,2025-02-24,1,162.19,162.19
503,C0496,M,51,Edmonton,Camera,Electronics,2025-10-17,1,339.08,339.08
504,C0892,M,34,Toronto,Hoodie,Clothing,2025-02-15,2,45.23,90.46
505,C1006,M,45,Edmonton,Lamp,Home,2025-06-20,5,36.73,183.65
506,C1150,M,53,Calgary,Perfume,Beauty,2025-05-10,1,45.75,45.75
507,C0305,F,55,Calgary,Hoodie,Clothing,2025-06-13,1,46.01,46.01
508,C0256,F,47,Calgary,T-Shirt,Clothing,2025-03-11,1,20.91,20.91
509,C1416,F,35,Toronto,Hoodie,Clothing,2025-10-19,1,47.35,47.35
510,C0587,F,23,Ottawa,Blender,Home,2025-03-10,1,89.6,89.6
511,C0622,F,43,Toronto,Toaster,Home,2025-04-15,1,36.14,36.14
512,C1481,F,32,Calgary,Smartwatch,Electronics,2025-02-23,3,150.91,452.73
513,C1030,F,18,Toronto,T-Shirt,Clothing,2025-09-05,1,19.62,19.62
514,C0849,F,34,Vancouver,Jeans,Clothing,2025-04-16,1,58.04,58.04
515,C0950,F,48,Ottawa,Shampoo,Beauty,2025-04-07,1,13.09,13.09
516,C1389,F,19,Winnipeg,Perfume,Beauty,2025-01-27,1,41.21,41.21
517,C0657,F,53,Edmonton,Camera,Electronics,2025-03-13,3,322.27,966.81
518,C1331,F,52,Vancouver,Jeans,Clothing,2025-07-04,1,52.94,52.94
519,C1026,M,44,Edmonton,Dress,Clothing,2025-05-14,4,56.7,226.8
520,C1182,F,20,Calgary,Lipstick,Beauty,2025-06-23,1,15.02,15.02
521,C0928,F,63,Ottawa,Smartwatch,Electronics,2025-10-08,2,163.39,326.78
522,C0818,F,37,Vancouver,Keyboard,Electronics,2025-04-08,5,36.08,180.4
523,C0228,F,25,Halifax,Hoodie,Clothing,2025-03-05,1,47.52,47.52
524,C1223,F,46,Toronto,T-Shirt,Clothing,2025-04-23,1,21.28,21.28
525,C1424,F,25,Montreal,Dress,Clothing,2025-03-06,2,65.59,131.18
526,C0083,M,58,Edmonton,Headphones,Electronics,2025-08-04,1,65.53,65.53
527,C0975,F,44,Winnipeg,Keyboard,Electronics,2025-10-17,2,40.76,81.52
528,C1463,M,43,Winnipeg,Mascara,Beauty,2025-03-30,1,17.74,17.74
529,C0441,M,56,Toronto,Shampoo,Beauty,2025-09-04,1,11.6,11.6
530,C1486,F,27,Calgary,Hoodie,Clothing,2025-05-29,1,45.59,45.59
531,C1069,F,47,Montreal,Jeans,Clothing,2025-08-28,3,58.11,174.33
532,C1460,F,50,Edmonton,Hoodie,Clothing,2025-01-06,1,40.71,40.71
533,C0711,F,53,Ottawa,Hoodie,Clothing,2025-08-25,1,49.22,49.22
534,C0175,F,37,Winnipeg,Smartwatch,Electronics,2025-09-24,1,169.92,169.92
535,C0384,F,21,Edmonton,Lamp,Home,2025-08-26,1,42.01,42.01
536,C0408,M,40,Montreal,Hoodie,Clothing,2025-05-19,1,47.34,47.34
537,C0192,M,46,Edmonton,Jacket,Clothing,2025-06-14,1,88,88
538,C1109,M,63,Edmonton,Lotion,Beauty,2025-10-09,2,21.01,42.02
539,C0856,F,49,Winnipeg,Headphones,Electronics,2025-07-04,2,68.41,136.82
540,C0464,F,54,Ottawa,Lipstick,Beauty,2025-06-03,1,16.2,16.2
541,C1340,M,54,Vancouver,Hoodie,Clothing,2025-04-16,1,42.1,42.1
542,C0721,M,43,Winnipeg,Lamp,Home,2025-05-29,1,38.34,38.34
543,C0029,F,22,Edmonton,Perfume,Beauty,2025-07-04,2,45.46,90.92
544,C1298,M,41,Vancouver,Blender,Home,2025-09-28,1,81.93,81.93
545,C1210,M,60,Edmonton,Vacuum,Home,2025-07-10,1,147.73,147.73
546,C1072,F,19,Winnipeg,Camera,Electronics,2025-06-12,1,319.52,319.52
547,C0267,M,32,Edmonton,Serum,Beauty,2025-07-20,2,40.71,81.42
548,C0387,M,63,Vancouver,Lamp,Home,2025-04-16,4,40.19,160.76
549,C0682,F,63,Vancouver,Smartwatch,Electronics,2025-08-03,1,155.6,155.6
550,C1170,M,57,Winnipeg,Air Fryer,Home,2025-08-08,1,104.45,104.45
551,C1040,M,25,Winnipeg,Smartwatch,Electronics,2025-08-05,1,157.08,157.08
552,C1321,M,54,Winnipeg,T-Shirt,Clothing,2025-01-29,1,20.06,20.06
553,C1013,F,54,Edmonton,Camera,Electronics,2025-08-26,1,335.75,335.75
554,C0449,F,31,Vancouver,Headphones,Electronics,2025-03-05,3,64.69,194.07
555,C1451,M,22,Montreal,Dress,Clothing,2025-04-06,1,56.66,56.66
556,C0347,M,26,Ottawa,Keyboard,Electronics,2025-06-03,2,39.04,78.08
557,C0287,F,39,Vancouver,Lotion,Beauty,2025-01-28,1,19.44,19.44
558,C1308,F,60,Halifax,Lotion,Beauty,2025-06-25,2,19.57,39.14
559,C1000,M,61,Vancouver,Lamp,Home,2025-09-08,1,42.35,42.35
560,C0377,F,61,Ottawa,Toaster,Home,2025-07-13,1,33.77,33.77
561,C1404,F,65,Winnipeg,Air Fryer,Home,2025-10-06,3,110.04,330.12
562,C0422,F,47,Montreal,Serum,Beauty,2025-02-08,1,38.94,38.94
563,C0932,M,50,Edmonton,Perfume,Beauty,2025-03-10,1,42.59,42.59
564,C0764,F,55,Winnipeg,Lotion,Beauty,2025-10-04,3,20.87,62.61
565,C0745,F,54,Vancouver,Smartwatch,Electronics,2025-04-30,1,161.51,161.51
566,C0219,F,62,Edmonton,Mouse,Electronics,2025-03-27,1,24.73,24.73
567,C0057,F,55,Edmonton,Headphones,Electronics,2025-06-26,2,74.34,148.68
568,C0687,F,24,Winnipeg,Keyboard,Electronics,2025-04-04,4,37.95,151.8
569,C0114,M,20,Halifax,Jeans,Clothing,2025-04-02,2,59.21,118.42
570,C1270,F,60,Halifax,Camera,Electronics,2025-03-22,1,323.91,323.91
571,C0475,M,57,Montreal,Headphones,Electronics,2025-08-16,2,71.53,143.06
572,C1092,F,49,Halifax,Kettle,Home,2025-03-29,2,30.1,60.2
573,C0058,F,53,Vancouver,Charger,Electronics,2025-05-08,2,21.27,42.54
574,C0304,M,59,Montreal,Kettle,Home,2025-10-25,3,28.57,85.71
575,C0998,F,58,Edmonton,Hoodie,Clothing,2025-07-09,1,47.28,47.28
576,C1339,M,62,Calgary,Sneakers,Clothing,2025-05-14,1,83.87,83.87
577,C1100,F,36,Vancouver,Mascara,Beauty,2025-05-16,2,18.17,36.34
578,C0303,F,48,Vancouver,Sneakers,Clothing,2025-02-09,4,77.56,310.24
579,C0911,M,47,Halifax,Smartwatch,Electronics,2025-05-18,1,146.88,146.88
580,C0734,F,64,Edmonton,Serum,Beauty,2025-10-14,4,40.5,162
581,C0718,M,54,Edmonton,Charger,Electronics,2025-09-13,3,18.24,54.72
582,C1500,F,42,Edmonton,T-Shirt,Clothing,2025-10-13,3,18.68,56.04
583,C0863,F,30,Toronto,Charger,Electronics,2025-03-26,3,21.18,63.54
584,C0002,F,29,Winnipeg,Mouse,Electronics,2025-01-27,3,22.51,67.53
585,C1064,M,26,Toronto,Air Fryer,Home,2025-08-18,2,105.21,210.42
586,C1072,M,57,Winnipeg,Serum,Beauty,2025-10-18,2,38.64,77.28
587,C0712,M,26,Edmonton,Serum,Beauty,2025-10-15,1,38.73,38.73
588,C0057,M,62,Edmonton,Perfume,Beauty,2025-05-12,1,47.49,47.49
589,C0012,F,44,Edmonton,Perfume,Beauty,2025-04-01,1,45.05,45.05
590,C0458,M,58,Montreal,Lotion,Beauty,2025-08-17,1,20.04,20.04
591,C1348,F,48,Toronto,Lipstick,Beauty,2025-01-27,1,15.68,15.68
592,C0691,F,23,Montreal,Blender,Home,2025-10-30,3,84.98,254.94
593,C0541,F,46,Vancouver,Lipstick,Beauty,2025-10-09,2,15.33,30.66
594,C1116,M,47,Vancouver,Camera,Electronics,2025-10-07,1,345.46,345.46
595,C0339,F,55,Edmonton,Dress,Clothing,2025-07-18,2,58.82,117.64
596,C1395,M,28,Halifax,Headphones,Electronics,2025-10-27,1,68.39,68.39
597,C0759,F,59,Calgary,Kettle,Home,2025-06-03,1,25.22,25.22
598,C0256,M,63,Calgary,Lotion,Beauty,2025-10-26,3,20.45,61.35
599,C1122,M,23,Toronto,Lipstick,Beauty,2025-02-12,1,13.59,13.59
600,C1070,F,56,Edmonton,Perfume,Beauty,2025-04-20,2,45.04,90.08
601,C1044,F,58,Edmonton,Lotion,Beauty,2025-04-21,1,21.22,21.22
602,C1083,F,48,Vancouver,Perfume,Beauty,2025-01-01,1,45.45,45.45
603,C0240,F,52,Montreal,Serum,Beauty,2025-05-20,2,36.25,72.5
604,C0376,F,29,Toronto,Shampoo,Beauty,2025-06-27,1,12.69,12.69
605,C1060,M,65,Calgary,Lotion,Beauty,2025-03-01,4,19.08,76.32
606,C0858,F,62,Ottawa,Mouse,Electronics,2025-07-02,1,26.17,26.17
607,C0387,F,23,Montreal,Lipstick,Beauty,2025-10-09,1,15.33,15.33
608,C0812,F,62,Edmonton,Smartwatch,Electronics,2025-08-09,3,149.44,448.32
609,C0183,F,43,Halifax,Charger,Electronics,2025-08-15,3,21.62,64.86
610,C0316,F,54,Ottawa,Air Fryer,Home,2025-05-24,1,103.41,103.41
611,C1411,M,49,Toronto,Lipstick,Beauty,2025-08-12,1,16.47,16.47
612,C0085,M,21,Halifax,Vacuum,Home,2025-02-21,2,135.22,270.44
613,C1471,M,57,Toronto,Vacuum,Home,2025-03-22,1,142.9,142.9
614,C1252,F,20,Ottawa,Serum,Beauty,2025-05-29,1,35.72,35.72
615,C0829,M,19,Toronto,Dress,Clothing,2025-01-27,2,54.17,108.34
616,C1073,M,37,Toronto,Sneakers,Clothing,2025-08-20,1,88.95,88.95
617,C0812,M,36,Vancouver,Perfume,Beauty,2025-04-21,1,46.74,46.74
618,C0948,M,56,Edmonton,Serum,Beauty,2025-03-20,1,40.22,40.22
619,C0840,F,29,Montreal,Jeans,Clothing,2025-10-06,3,52.32,156.96
620,C0857,F,53,Calgary,Vacuum,Home,2025-05-07,2,148.33,296.66
621,C0945,F,59,Edmonton,Lotion,Beauty,2025-10-08,2,20.64,41.28
622,C0302,F,45,Vancouver,Shampoo,Beauty,2025-07-01,1,11.86,11.86
623,C0950,F,26,Toronto,Keyboard,Electronics,2025-04-29,1,41.58,41.58
624,C0724,M,61,Calgary,Camera,Electronics,2025-09-23,1,328.57,328.57
625,C0651,M,28,Toronto,Kettle,Home,2025-06-27,1,25.84,25.84
626,C0616,M,47,Edmonton,Smartwatch,Electronics,2025-07-20,1,168.99,168.99
627,C1089,F,19,Halifax,Mouse,Electronics,2025-03-11,1,26.1,26.1
628,C1493,M,55,Halifax,Lamp,Home,2025-06-07,2,41.25,82.5
629,C0372,F,55,Montreal,Mascara,Beauty,2025-04-08,2,16.76,33.52
630,C0540,M,50,Toronto,Lipstick,Beauty,2025-07-24,1,14.3,14.3
631,C1354,F,24,Ottawa,Lamp,Home,2025-03-27,2,39.15,78.3
632,C0009,M,61,Ottawa,Hoodie,Clothing,2025-10-07,2,43.02,86.04
633,C0162,M,38,Ottawa,Charger,Electronics,2025-03-26,1,18.91,18.91
634,C1428,F,29,Ottawa,Smartwatch,Electronics,2025-08-03,1,169.77,169.77
635,C0735,M,38,Calgary,Lotion,Beauty,2025-05-13,2,20.55,41.1
636,C0643,F,40,Edmonton,Keyboard,Electronics,2025-09-04,1,40.52,40.52
637,C0641,F,23,Winnipeg,Mouse,Electronics,2025-05-21,1,23.63,23.63
638,C0828,M,31,Ottawa,Serum,Beauty,2025-03-17,1,41.18,41.18
639,C0865,M,49,Halifax,Mascara,Beauty,2025-04-08,1,16.89,16.89
640,C1330,M,62,Toronto,Smartwatch,Electronics,2025-10-30,4,169.44,677.76
641,C0648,F,30,Halifax,Serum,Beauty,2025-02-24,2,41.55,83.1
642,C0914,F,44,Winnipeg,Keyboard,Electronics,2025-09-16,1,41.82,41.82
643,C0097,F,28,Winnipeg,Mascara,Beauty,2025-01-22,3,19.77,59.31
644,C0490,F,49,Vancouver,Headphones,Electronics,2025-02-04,2,72.11,144.22
645,C0521,M,20,Toronto,Shampoo,Beauty,2025-01-28,2,11.32,22.64
646,C0278,F,19,Toronto,Jacket,Clothing,2025-06-19,1,84.67,84.67
647,C0906,F,47,Halifax,Charger,Electronics,2025-05-20,1,19.3,19.3
648,C0502,M,19,Halifax,Toaster,Home,2025-05-09,1,31.55,31.55
649,C0993,F,56,Halifax,Lamp,Home,2025-04-10,1,41.45,41.45
650,C0496,F,46,Toronto,Camera,Electronics,2025-09-04,1,305.19,305.19
651,C0323,M,39,Toronto,Lotion,Beauty,2025-01-23,1,21.26,21.26
652,C1233,M,42,Vancouver,Mouse,Electronics,2025-10-11,1,24.3,24.3
653,C0009,M,59,Winnipeg,Keyboard,Electronics,2025-04-23,1,39.84,39.84
654,C1327,M,63,Winnipeg,Vacuum,Home,2025-07-16,2,163.97,327.94
655,C1316,M,36,Ottawa,Charger,Electronics,2025-06-13,1,18.97,18.97
656,C1378,F,33,Montreal,Perfume,Beauty,2025-02-25,2,46.99,93.98
657,C1026,M,34,Winnipeg,Camera,Electronics,2025-01-10,2,336.33,672.66
658,C1499,M,44,Calgary,Keyboard,Electronics,2025-05-13,1,37.77,37.77
659,C0673,F,60,Vancouver,Lamp,Home,2025-06-01,1,40.01,40.01
660,C0064,F,36,Vancouver,Mouse,Electronics,2025-07-10,3,24.25,72.75
661,C0410,F,60,Winnipeg,Camera,Electronics,2025-10-11,1,337.4,337.4
662,C1135,F,59,Vancouver,Jacket,Clothing,2025-10-04,2,92.2,184.4
663,C1442,F,47,Calgary,Kettle,Home,2025-08-31,2,27.87,55.74
664,C1232,F,31,Halifax,Lipstick,Beauty,2025-10-03,1,15.84,15.84
665,C0092,F,63,Toronto,Shampoo,Beauty,2025-07-09,1,11.36,11.36
666,C1102,M,59,Edmonton,Lipstick,Beauty,2025-04-25,1,15.76,15.76
667,C1070,M,49,Halifax,Lipstick,Beauty,2025-10-23,3,16.1,48.3
668,C0625,M,40,Calgary,Shampoo,Beauty,2025-08-22,2,12.91,25.82
669,C0251,F,53,Winnipeg,Perfume,Beauty,2025-03-22,3,47.55,142.65
670,C1478,F,27,Vancouver,Smartwatch,Electronics,2025-07-12,1,157.06,157.06
671,C0456,M,55,Toronto,Lotion,Beauty,2025-09-15,1,21.93,21.93
672,C0941,F,46,Halifax,Sneakers,Clothing,2025-08-19,1,82.95,82.95
673,C1274,F,28,Vancouver,Lipstick,Beauty,2025-01-14,3,15.42,46.26
674,C0772,M,55,Halifax,Mouse,Electronics,2025-01-14,1,23.31,23.31
675,C1200,F,32,Halifax,Camera,Electronics,2025-02-13,1,350.75,350.75
676,C0610,F,49,Halifax,Jeans,Clothing,2025-07-29,3,57.24,171.72
677,C0984,M,44,Winnipeg,Perfume,Beauty,2025-02-09,1,47.28,47.28
678,C0877,M,55,Montreal,Camera,Electronics,2025-02-03,1,292.21,292.21
679,C0707,F,18,Ottawa,Sneakers,Clothing,2025-08-23,1,89.48,89.48
680,C1436,M,58,Ottawa,Hoodie,Clothing,2025-08-22,1,47.47,47.47
681,C1438,F,31,Vancouver,Sneakers,Clothing,2025-10-01,3,87.92,263.76
682,C0285,M,20,Toronto,Shampoo,Beauty,2025-10-17,1,11.5,11.5
683,C0661,F,47,Montreal,Lipstick,Beauty,2025-08-17,1,14.97,14.97
684,C0475,F,48,Montreal,Air Fryer,Home,2025-05-08,1,101.43,101.43
685,C0896,F,18,Edmonton,T-Shirt,Clothing,2025-07-28,1,19.89,19.89
686,C1024,F,63,Toronto,Charger,Electronics,2025-10-31,1,18.98,18.98
687,C0306,F,31,Toronto,Charger,Electronics,2025-03-21,1,19.4,19.4
688,C0857,F,53,Montreal,Shampoo,Beauty,2025-10-22,2,11.19,22.38
689,C0894,M,63,Ottawa,Air Fryer,Home,2025-06-25,1,104.06,104.06
690,C0515,F,53,Ottawa,Lipstick,Beauty,2025-08-21,2,13.73,27.46
691,C0449,M,60,Montreal,Camera,Electronics,2025-09-22,1,346.87,346.87
692,C0791,F,58,Calgary,Keyboard,Electronics,2025-10-12,2,40.24,80.48
693,C0875,F,60,Montreal,Headphones,Electronics,2025-04-28,1,68.55,68.55
694,C0773,M,32,Vancouver,Lotion,Beauty,2025-06-15,1,20.14,20.14
695,C0223,F,55,Edmonton,Perfume,Beauty,2025-05-22,4,46.15,184.6
696,C1305,F,42,Calgary,Lamp,Home,2025-09-04,1,43.38,43.38
697,C0803,M,61,Toronto,Mouse,Electronics,2025-06-26,1,23.39,23.39
698,C0747,F,62,Montreal,Camera,Electronics,2025-10-26,1,306.92,306.92
699,C0577,M,31,Winnipeg,Shampoo,Beauty,2025-09-21,1,13.14,13.14
700,C1231,F,41,Montreal,Headphones,Electronics,2025-06-17,1,68.2,68.2
701,C0728,M,60,Calgary,Keyboard,Electronics,2025-01-25,1,36.18,36.18
702,C1403,F,19,Montreal,Shampoo,Beauty,2025-07-10,2,11.15,22.3
703,C0482,M,51,Vancouver,Keyboard,Electronics,2025-01-15,2,36.21,72.42
704,C0274,M,40,Halifax,Shampoo,Beauty,2025-01-16,2,13.18,26.36
705,C0281,F,25,Ottawa,Lotion,Beauty,2025-05-07,1,19.12,19.12
706,C1021,F,22,Montreal,Jeans,Clothing,2025-09-24,1,59.66,59.66
707,C1380,M,46,Ottawa,Headphones,Electronics,2025-01-28,2,76.94,153.88
708,C1409,M,60,Toronto,Hoodie,Clothing,2025-09-20,1,45.9,45.9
709,C0958,M,50,Toronto,Serum,Beauty,2025-10-21,2,34.45,68.9
710,C1161,F,37,Montreal,Kettle,Home,2025-06-01,1,25.66,25.66
711,C1193,M,33,Toronto,Kettle,Home,2025-03-09,1,27.9,27.9
712,C1302,M,54,Montreal,Smartwatch,Electronics,2025-02-06,2,157,314
713,C0230,F,65,Ottawa,Headphones,Electronics,2025-02-04,2,71.49,142.98
714,C0194,M,54,Calgary,Keyboard,Electronics,2025-05-14,2,39.51,79.02
715,C0489,F,59,Montreal,Headphones,Electronics,2025-06-10,3,76.08,228.24
716,C1300,M,58,Edmonton,Jacket,Clothing,2025-08-12,2,90.63,181.26
717,C0889,F,41,Halifax,Sneakers,Clothing,2025-04-20,1,88.29,88.29
718,C1239,M,46,Winnipeg,Jacket,Clothing,2025-04-12,4,97.14,388.56
719,C0202,F,52,Calgary,Mascara,Beauty,2025-07-01,2,16.73,33.46
720,C0892,M,26,Ottawa,Lamp,Home,2025-05-27,2,37.84,75.68
721,C0576,F,39,Ottawa,T-Shirt,Clothing,2025-08-04,1,18.43,18.43
722,C0672,M,37,Halifax,Lotion,Beauty,2025-05-19,3,18.56,55.68
723,C1086,M,57,Winnipeg,Perfume,Beauty,2025-07-07,1,45.11,45.11
724,C1157,M,21,Calgary,Toaster,Home,2025-03-29,1,33.75,33.75
725,C0120,M,60,Edmonton,Smartwatch,Electronics,2025-09-04,1,157.54,157.54
726,C0812,F,53,Montreal,Jeans,Clothing,2025-07-05,1,60.31,60.31
727,C1181,F,29,Calgary,Mascara,Beauty,2025-03-29,1,16.76,16.76
728,C1313,F,40,Montreal,Toaster,Home,2025-06-01,2,35.29,70.58
729,C1380,F,56,Edmonton,Perfume,Beauty,2025-09-24,2,41.39,82.78
730,C1037,F,25,Montreal,Perfume,Beauty,2025-07-19,1,43.37,43.37
731,C0818,F,27,Halifax,Lotion,Beauty,2025-09-03,2,20.11,40.22
732,C1483,F,40,Halifax,Dress,Clothing,2025-08-04,1,65.36,65.36
733,C0412,M,46,Calgary,Blender,Home,2025-03-15,1,83.15,83.15
734,C1298,M,62,Ottawa,Smartwatch,Electronics,2025-06-09,1,146.08,146.08
735,C0231,F,49,Vancouver,Charger,Electronics,2025-09-12,3,19.55,58.65
736,C0969,F,31,Toronto,Jacket,Clothing,2025-01-17,1,83.62,83.62
737,C0228,F,33,Vancouver,Camera,Electronics,2025-05-18,1,302.72,302.72
738,C0430,M,56,Ottawa,Jacket,Clothing,2025-01-06,1,92.13,92.13
739,C0145,F,65,Toronto,Mouse,Electronics,2025-08-07,2,22.84,45.68
740,C0161,M,34,Winnipeg,Mouse,Electronics,2025-01-01,2,24.82,49.64
741,C0867,F,37,Winnipeg,Charger,Electronics,2025-03-05,1,20.44,20.44
742,C0289,M,29,Edmonton,Camera,Electronics,2025-07-28,1,315,315
743,C1376,M,26,Edmonton,Kettle,Home,2025-01-01,2,25.31,50.62
744,C0084,M,25,Calgary,Camera,Electronics,2025-07-08,2,351.07,702.14
745,C0926,M,58,Winnipeg,Lipstick,Beauty,2025-09-04,1,14.6,14.6
746,C0534,M,54,Vancouver,Dress,Clothing,2025-09-14,2,63.34,126.68
747,C0125,F,38,Halifax,Keyboard,Electronics,2025-06-23,4,38.61,154.44
748,C0181,M,59,Montreal,Camera,Electronics,2025-04-19,1,318.4,318.4
749,C0985,F,49,Ottawa,T-Shirt,Clothing,2025-03-01,1,19.55,19.55
750,C0430,F,54,Ottawa,Blender,Home,2025-02-12,1,82.32,82.32
751,C1068,F,63,Edmonton,Serum,Beauty,2025-02-07,2,34.37,68.74
752,C0843,F,35,Ottawa,T-Shirt,Clothing,2025-09-15,1,19.44,19.44
753,C0370,M,46,Edmonton,Air Fryer,Home,2025-03-23,1,118.57,118.57
754,C0930,F,24,Vancouver,Headphones,Electronics,2025-08-09,2,72.67,145.34
755,C0419,F,57,Montreal,Shampoo,Beauty,2025-04-21,2,11.15,22.3
756,C0964,F,54,Vancouver,Air Fryer,Home,2025-09-22,1,112.01,112.01
757,C0777,M,23,Montreal,Blender,Home,2025-05-16,1,91.67,91.67
758,C1387,F,37,Toronto,Mouse,Electronics,2025-01-23,1,26,26
759,C1302,F,26,Calgary,T-Shirt,Clothing,2025-02-28,2,18.59,37.18
760,C1469,F,26,Edmonton,Air Fryer,Home,2025-09-23,2,118.09,236.18
761,C1241,M,25,Halifax,Lipstick,Beauty,2025-05-20,1,14.4,14.4
762,C1109,F,34,Ottawa,Headphones,Electronics,2025-04-26,1,69.36,69.36
763,C0793,F,41,Montreal,Lipstick,Beauty,2025-07-23,2,15.08,30.16
764,C1361,M,57,Vancouver,Air Fryer,Home,2025-06-07,1,117.71,117.71
765,C0079,F,40,Edmonton,Lipstick,Beauty,2025-07-15,2,16.29,32.58
766,C0937,M,50,Winnipeg,Smartwatch,Electronics,2025-07-31,1,173.75,173.75
767,C1480,F,39,Edmonton,Lamp,Home,2025-02-10,3,36.06,108.18
768,C0707,M,64,Halifax,Dress,Clothing,2025-01-07,1,65.06,65.06
769,C0289,M,39,Edmonton,Charger,Electronics,2025-04-15,1,18.22,18.22
770,C0977,F,44,Vancouver,Jeans,Clothing,2025-02-14,1,52.42,52.42
771,C0961,M,65,Ottawa,Serum,Beauty,2025-02-07,2,38.11,76.22
772,C1380,M,19,Ottawa,Hoodie,Clothing,2025-06-13,1,44.82,44.82
773,C0872,F,48,Halifax,Lotion,Beauty,2025-03-22,1,20.42,20.42
774,C0081,F,30,Ottawa,Camera,Electronics,2025-02-27,4,318.68,1274.72
775,C1146,M,19,Toronto,Vacuum,Home,2025-10-29,3,163.03,489.09
776,C0570,F,63,Calgary,Lotion,Beauty,2025-05-03,4,18.96,75.84
777,C0812,M,24,Edmonton,Mascara,Beauty,2025-07-14,1,17.19,17.19
778,C0502,F,28,Montreal,Lamp,Home,2025-07-12,3,43.37,130.11
779,C1072,M,64,Ottawa,Toaster,Home,2025-04-14,1,32.04,32.04
780,C0933,F,43,Montreal,Kettle,Home,2025-04-22,1,28.61,28.61
781,C0665,M,38,Vancouver,Kettle,Home,2025-05-12,1,29.02,29.02
782,C0409,M,32,Calgary,Camera,Electronics,2025-04-06,1,320.35,320.35
783,C0825,F,33,Calgary,Serum,Beauty,2025-03-24,1,39.48,39.48
784,C1037,F,26,Montreal,Keyboard,Electronics,2025-06-19,1,37.38,37.38
785,C0224,F,38,Winnipeg,Mascara,Beauty,2025-02-18,2,19.27,38.54
786,C0227,F,58,Vancouver,Hoodie,Clothing,2025-05-15,1,41.76,41.76
787,C0988,F,23,Halifax,Charger,Electronics,2025-09-22,1,19.6,19.6
788,C1388,F,18,Vancouver,Camera,Electronics,2025-07-18,1,292.82,292.82
789,C0191,M,48,Toronto,Charger,Electronics,2025-10-10,3,20.18,60.54
790,C0762,F,22,Edmonton,Dress,Clothing,2025-02-04,1,62.04,62.04
791,C0702,F,54,Ottawa,Shampoo,Beauty,2025-07-23,1,13.06,13.06
792,C1024,M,43,Vancouver,Mouse,Electronics,2025-08-29,1,26.2,26.2
793,C0468,M,18,Ottawa,Smartwatch,Electronics,2025-02-12,3,161.32,483.96
794,C0028,M,18,Ottawa,Air Fryer,Home,2025-09-21,1,119.52,119.52
795,C1463,M,46,Winnipeg,Shampoo,Beauty,2025-03-19,1,11.95,11.95
796,C1247,F,39,Winnipeg,Dress,Clothing,2025-02-05,1,60.73,60.73
797,C0984,F,55,Winnipeg,Sneakers,Clothing,2025-10-31,3,86.63,259.89
798,C1066,M,58,Montreal,Headphones,Electronics,2025-06-23,1,68.74,68.74
799,C1213,M,36,Edmonton,Blender,Home,2025-05-15,2,90.75,181.5
800,C0038,F,45,Ottawa,Jacket,Clothing,2025-05-20,1,84.33,84.33
801,C1361,F,22,Montreal,Toaster,Home,2025-02-24,4,35.38,141.52
802,C1133,F,38,Winnipeg,Lipstick,Beauty,2025-09-09,1,15.67,15.67
803,C1388,F,39,Halifax,Charger,Electronics,2025-10-06,2,21.62,43.24
804,C1157,F,37,Calgary,Vacuum,Home,2025-06-29,1,161.52,161.52
805,C1364,F,29,Vancouver,Camera,Electronics,2025-01-13,1,320.56,320.56
806,C0510,F,23,Winnipeg,Vacuum,Home,2025-07-23,1,154.29,154.29
807,C0163,F,46,Montreal,Jacket,Clothing,2025-03-04,2,88.1,176.2
808,C0304,F,62,Toronto,Dress,Clothing,2025-03-15,4,59.62,238.48
809,C0747,F,57,Montreal,Headphones,Electronics,2025-06-04,1,75.69,75.69
810,C0782,F,52,Ottawa,Serum,Beauty,2025-01-07,3,41.27,123.81
811,C0054,F,28,Halifax,T-Shirt,Clothing,2025-06-02,1,21.58,21.58
812,C1178,F,50,Halifax,T-Shirt,Clothing,2025-02-13,3,18.55,55.65
813,C0374,M,42,Winnipeg,Perfume,Beauty,2025-02-05,1,48.15,48.15
814,C0877,M,31,Toronto,Jacket,Clothing,2025-04-07,1,98.07,98.07
815,C1451,M,46,Edmonton,Sneakers,Clothing,2025-06-14,1,82.64,82.64
816,C0750,M,30,Ottawa,Headphones,Electronics,2025-08-22,2,70.26,140.52
817,C1066,F,32,Toronto,Camera,Electronics,2025-04-13,2,337.86,675.72
818,C0728,M,25,Montreal,Keyboard,Electronics,2025-01-07,1,40.5,40.5
819,C0607,F,64,Ottawa,Mascara,Beauty,2025-04-04,1,19.78,19.78
820,C0818,F,62,Montreal,Camera,Electronics,2025-05-01,1,317.17,317.17
821,C0637,M,50,Vancouver,Dress,Clothing,2025-02-06,1,62.57,62.57
822,C0342,F,28,Edmonton,Lotion,Beauty,2025-01-21,1,21.17,21.17
823,C0661,F,32,Toronto,Camera,Electronics,2025-04-08,1,319.62,319.62
824,C0162,F,38,Winnipeg,Keyboard,Electronics,2025-10-29,1,42.86,42.86
825,C1241,F,53,Calgary,Keyboard,Electronics,2025-01-21,2,40.37,80.74
826,C0040,F,23,Edmonton,Dress,Clothing,2025-08-20,2,58.94,117.88
827,C0798,M,42,Calgary,Smartwatch,Electronics,2025-03-13,1,147.45,147.45
828,C0710,F,61,Montreal,Keyboard,Electronics,2025-02-21,2,39.15,78.3
829,C0629,M,18,Toronto,Lamp,Home,2025-08-10,1,41.87,41.87
830,C0025,M,59,Toronto,Mouse,Electronics,2025-10-12,2,27.11,54.22
831,C0965,F,50,Halifax,Lipstick,Beauty,2025-06-16,1,14.26,14.26
832,C1309,F,56,Montreal,Smartwatch,Electronics,2025-10-10,2,155.37,310.74
833,C0067,M,49,Calgary,Perfume,Beauty,2025-07-24,1,41.89,41.89
834,C0697,M,19,Edmonton,Serum,Beauty,2025-05-18,1,39.45,39.45
835,C0303,F,42,Vancouver,Keyboard,Electronics,2025-02-05,2,43.68,87.36
836,C1019,M,57,Edmonton,Mouse,Electronics,2025-04-05,1,25.7,25.7
837,C0478,M,50,Calgary,Hoodie,Clothing,2025-01-16,1,46.05,46.05
838,C1240,M,55,Ottawa,Camera,Electronics,2025-08-25,2,323.42,646.84
839,C0105,F,28,Calgary,Charger,Electronics,2025-06-13,2,18.35,36.7
840,C0657,M,36,Ottawa,Blender,Home,2025-03-31,1,88.9,88.9
841,C1457,F,42,Ottawa,Lipstick,Beauty,2025-04-18,1,15.31,15.31
842,C1074,F,45,Halifax,Vacuum,Home,2025-03-25,1,154.84,154.84
843,C1236,M,27,Halifax,Lipstick,Beauty,2025-09-12,2,16.2,32.4
844,C0602,F,48,Vancouver,Sneakers,Clothing,2025-06-14,1,89.83,89.83
845,C0389,F,33,Vancouver,Shampoo,Beauty,2025-07-19,3,12.67,38.01
846,C1293,M,65,Edmonton,Mouse,Electronics,2025-06-06,1,27.14,27.14
847,C1215,M,59,Calgary,Perfume,Beauty,2025-01-31,1,49.41,49.41
848,C1319,M,35,Edmonton,Hoodie,Clothing,2025-03-07,1,45.73,45.73
849,C0964,M,39,Winnipeg,Keyboard,Electronics,2025-03-30,1,36.87,36.87
850,C0429,M,52,Halifax,Camera,Electronics,2025-09-16,2,317.38,634.76
851,C0017,M,29,Winnipeg,Perfume,Beauty,2025-09-10,1,47.59,47.59
852,C1256,F,59,Montreal,Vacuum,Home,2025-08-22,4,135.83,543.32
853,C0443,F,45,Calgary,Mascara,Beauty,2025-04-17,1,16.4,16.4
854,C1379,M,65,Winnipeg,Hoodie,Clothing,2025-03-10,1,41.1,41.1
855,C1017,M,26,Vancouver,Lotion,Beauty,2025-10-05,1,20.92,20.92
856,C1376,F,47,Edmonton,Serum,Beauty,2025-07-20,3,38.01,114.03
857,C0378,F,35,Ottawa,Shampoo,Beauty,2025-02-22,2,11.69,23.38
858,C0392,F,62,Winnipeg,Smartwatch,Electronics,2025-08-29,1,147.38,147.38
859,C0030,F,41,Ottawa,Camera,Electronics,2025-06-24,3,334.86,1004.58
860,C0131,F,63,Halifax,Serum,Beauty,2025-02-11,1,36.64,36.64
861,C0401,F,36,Montreal,Blender,Home,2025-09-17,2,81.01,162.02
862,C0123,M,31,Calgary,Smartwatch,Electronics,2025-07-29,2,164.87,329.74
863,C0051,F,19,Montreal,Headphones,Electronics,2025-02-11,2,70.83,141.66
864,C0920,F,28,Montreal,Mouse,Electronics,2025-06-19,3,24.31,72.93
865,C1216,F,43,Calgary,Headphones,Electronics,2025-09-16,3,71.98,215.94
866,C0074,F,25,Winnipeg,Smartwatch,Electronics,2025-07-23,5,152.68,763.4
867,C1403,F,20,Toronto,Mascara,Beauty,2025-06-12,1,19.06,19.06
868,C1496,F,32,Calgary,Mascara,Beauty,2025-04-15,1,17.03,17.03
869,C0111,F,62,Montreal,Jeans,Clothing,2025-06-27,2,51.25,102.5
870,C1392,M,57,Edmonton,Dress,Clothing,2025-07-10,2,63.39,126.78
871,C0177,M,30,Toronto,Headphones,Electronics,2025-05-04,1,72.91,72.91
872,C1044,F,33,Winnipeg,Mascara,Beauty,2025-07-17,1,16.86,16.86
873,C0205,F,39,Edmonton,Lamp,Home,2025-04-09,2,36.93,73.86
874,C0541,F,50,Montreal,Keyboard,Electronics,2025-01-06,4,42.71,170.84
875,C1033,F,19,Montreal,Serum,Beauty,2025-10-15,1,40.1,40.1
876,C1057,M,62,Winnipeg,Shampoo,Beauty,2025-09-24,1,11.59,11.59
877,C0152,F,46,Montreal,Lamp,Home,2025-02-12,1,41.27,41.27
878,C0080,M,63,Edmonton,Vacuum,Home,2025-10-22,1,138.72,138.72
879,C0846,M,51,Ottawa,Lotion,Beauty,2025-05-21,2,20.03,40.06
880,C0126,F,33,Calgary,Mascara,Beauty,2025-09-26,3,16.27,48.81
881,C0508,F,31,Vancouver,Lotion,Beauty,2025-02-08,1,19.57,19.57
882,C0375,F,56,Winnipeg,Toaster,Home,2025-06-11,1,32.02,32.02
883,C0989,F,63,Winnipeg,Lipstick,Beauty,2025-07-14,2,14.93,29.86
884,C0534,F,22,Winnipeg,Lipstick,Beauty,2025-04-14,1,14.77,14.77
885,C0151,F,60,Ottawa,Lamp,Home,2025-09-02,1,39.56,39.56
886,C0218,M,35,Calgary,Mascara,Beauty,2025-03-06,2,16.36,32.72
887,C0282,F,65,Ottawa,Kettle,Home,2025-07-20,2,27.23,54.46
888,C0305,F,43,Calgary,Shampoo,Beauty,2025-08-30,1,12.62,12.62
889,C0662,F,27,Winnipeg,Serum,Beauty,2025-01-07,2,37,74
890,C1219,M,23,Toronto,Shampoo,Beauty,2025-08-07,1,12.52,12.52
891,C1450,M,31,Edmonton,Vacuum,Home,2025-01-03,1,146.08,146.08
892,C0654,M,19,Vancouver,Dress,Clothing,2025-10-11,1,59.08,59.08
893,C1088,F,44,Toronto,Jeans,Clothing,2025-01-22,1,55.7,55.7
894,C0173,M,26,Toronto,Mouse,Electronics,2025-04-04,1,27.25,27.25
895,C0704,F,30,Calgary,Vacuum,Home,2025-03-12,1,138.27,138.27
896,C0397,F,38,Montreal,Mascara,Beauty,2025-08-10,2,16.32,32.64
897,C0744,F,61,Edmonton,Mouse,Electronics,2025-01-13,2,25.54,51.08
898,C1184,F,19,Winnipeg,Jeans,Clothing,2025-01-05,1,59.94,59.94
899,C1454,F,20,Montreal,Lipstick,Beauty,2025-01-22,1,16.47,16.47
900,C0051,M,30,Montreal,Shampoo,Beauty,2025-10-22,1,11.96,11.96
901,C1239,M,38,Montreal,Lipstick,Beauty,2025-02-06,1,14.9,14.9
902,C0620,F,50,Edmonton,Mascara,Beauty,2025-01-31,1,18.52,18.52
903,C0884,M,37,Vancouver,Perfume,Beauty,2025-03-03,2,45.5,91
904,C0275,M,53,Toronto,Mouse,Electronics,2025-08-09,1,25.67,25.67
905,C0688,F,35,Ottawa,Keyboard,Electronics,2025-03-22,1,42.99,42.99
906,C0866,F,42,Vancouver,Sneakers,Clothing,2025-08-21,1,89.19,89.19
907,C0584,M,62,Winnipeg,Hoodie,Clothing,2025-01-06,1,44.97,44.97
908,C0362,F,55,Edmonton,Camera,Electronics,2025-04-15,4,317.56,1270.24
909,C0400,F,42,Calgary,Shampoo,Beauty,2025-06-11,1,12.34,12.34
910,C0795,F,55,Vancouver,Charger,Electronics,2025-02-21,1,19.82,19.82
911,C0563,M,32,Vancouver,Keyboard,Electronics,2025-06-07,2,39.66,79.32
912,C1108,M,34,Edmonton,Lotion,Beauty,2025-01-13,1,18.07,18.07
913,C0227,F,63,Calgary,Blender,Home,2025-07-05,1,79.46,79.46
914,C0017,M,53,Halifax,Charger,Electronics,2025-08-10,2,19.95,39.9
915,C0220,M,46,Ottawa,Charger,Electronics,2025-08-29,3,21.29,63.87
916,C0584,M,50,Toronto,Keyboard,Electronics,2025-05-28,1,38.23,38.23
917,C0452,F,49,Halifax,Smartwatch,Electronics,2025-02-24,1,160.72,160.72
918,C0626,F,25,Winnipeg,Dress,Clothing,2025-02-28,2,58.14,116.28
919,C0470,F,60,Halifax,Blender,Home,2025-07-17,1,78.28,78.28
920,C0351,F,30,Vancouver,Serum,Beauty,2025-04-08,1,41.48,41.48
921,C1129,M,34,Winnipeg,Dress,Clothing,2025-06-05,1,64.26,64.26
922,C1294,F,38,Halifax,Smartwatch,Electronics,2025-09-07,1,146.51,146.51
923,C0903,M,31,Calgary,Jeans,Clothing,2025-06-29,1,57.42,57.42
924,C0064,M,42,Calgary,Blender,Home,2025-03-15,1,82.41,82.41
925,C0950,M,41,Ottawa,Keyboard,Electronics,2025-03-02,2,43.96,87.92
926,C1176,F,50,Winnipeg,Serum,Beauty,2025-02-14,1,36.5,36.5
927,C0439,F,25,Vancouver,Shampoo,Beauty,2025-05-15,1,11.37,11.37
928,C0897,F,45,Calgary,Mouse,Electronics,2025-07-29,1,25.34,25.34
929,C1224,F,36,Edmonton,Vacuum,Home,2025-03-27,2,160.05,320.1
930,C0581,M,28,Winnipeg,Perfume,Beauty,2025-09-27,1,42.23,42.23
931,C0032,M,27,Edmonton,Lipstick,Beauty,2025-10-19,1,15.63,15.63
932,C0001,M,18,Ottawa,Hoodie,Clothing,2025-09-21,1,41.05,41.05
933,C0706,F,22,Winnipeg,Hoodie,Clothing,2025-09-25,1,48.77,48.77
934,C1006,M,33,Winnipeg,Camera,Electronics,2025-08-13,3,293.19,879.57
935,C0716,M,37,Halifax,Serum,Beauty,2025-08-04,1,41.15,41.15
936,C0586,F,37,Ottawa,Perfume,Beauty,2025-08-19,1,44.92,44.92
937,C0152,M,45,Calgary,Shampoo,Beauty,2025-07-09,2,11.88,23.76
938,C1385,F,22,Calgary,Sneakers,Clothing,2025-05-22,1,93.05,93.05
939,C0370,F,65,Vancouver,Mascara,Beauty,2025-06-26,1,19.77,19.77
940,C0563,F,20,Halifax,Mouse,Electronics,2025-02-20,1,25.75,25.75
941,C0849,M,47,Vancouver,Serum,Beauty,2025-07-09,2,35.17,70.34
942,C0258,F,40,Toronto,Smartwatch,Electronics,2025-01-05,1,160.2,160.2
943,C0522,M,51,Calgary,Blender,Home,2025-07-30,1,85.5,85.5
944,C0965,F,45,Winnipeg,T-Shirt,Clothing,2025-07-14,1,20.06,20.06
945,C1127,F,18,Montreal,Shampoo,Beauty,2025-01-01,1,12.17,12.17
946,C0646,F,65,Edmonton,Lotion,Beauty,2025-04-14,2,18.07,36.14
947,C0190,M,44,Montreal,Lipstick,Beauty,2025-04-11,2,15.63,31.26
948,C0578,F,51,Edmonton,Dress,Clothing,2025-05-08,2,62.55,125.1
949,C1288,M,48,Toronto,Jacket,Clothing,2025-09-06,2,83.08,166.16
950,C0836,F,49,Calgary,Headphones,Electronics,2025-10-18,3,70.98,212.94
951,C1211,F,24,Ottawa,Toaster,Home,2025-09-26,1,35.48,35.48
952,C0863,F,60,Edmonton,Air Fryer,Home,2025-02-07,1,114.01,114.01
953,C0648,F,55,Winnipeg,Lipstick,Beauty,2025-09-07,1,13.76,13.76
954,C0607,M,51,Montreal,T-Shirt,Clothing,2025-08-09,1,20.51,20.51
955,C0505,F,63,Vancouver,Mouse,Electronics,2025-03-04,1,23.9,23.9
956,C0378,F,21,Halifax,Smartwatch,Electronics,2025-09-10,1,160.22,160.22
957,C0345,M,36,Montreal,Camera,Electronics,2025-09-22,1,337.49,337.49
958,C1230,F,39,Calgary,Perfume,Beauty,2025-06-13,1,46.85,46.85
959,C0983,F,46,Edmonton,Shampoo,Beauty,2025-01-23,3,11.09,33.27
960,C0811,F,51,Montreal,Blender,Home,2025-03-20,1,86.55,86.55
961,C1257,F,51,Toronto,Serum,Beauty,2025-04-28,1,41.57,41.57
962,C0063,F,62,Winnipeg,Kettle,Home,2025-07-04,2,26.08,52.16
963,C0849,M,62,Winnipeg,Lipstick,Beauty,2025-02-28,1,16.06,16.06
964,C1393,F,20,Vancouver,Mouse,Electronics,2025-10-30,1,26.01,26.01
965,C0780,M,38,Toronto,Keyboard,Electronics,2025-09-09,1,42.19,42.19
966,C1364,F,55,Ottawa,Charger,Electronics,2025-03-30,2,19.13,38.26
967,C0866,M,38,Ottawa,Kettle,Home,2025-08-17,2,26.81,53.62
968,C0948,M,34,Ottawa,Mouse,Electronics,2025-08-26,1,27.03,27.03
969,C0539,F,46,Ottawa,Keyboard,Electronics,2025-10-19,1,38.88,38.88
970,C0905,M,50,Calgary,Mouse,Electronics,2025-10-22,1,22.82,22.82
971,C1106,M,56,Calgary,Blender,Home,2025-02-13,1,86.71,86.71
972,C0548,F,43,Calgary,Dress,Clothing,2025-03-21,3,55.5,166.5
973,C0468,M,24,Toronto,Air Fryer,Home,2025-06-23,2,116.53,233.06
974,C1398,M,62,Halifax,Serum,Beauty,2025-05-21,1,39.08,39.08
975,C0234,F,26,Toronto,Serum,Beauty,2025-02-06,2,40.85,81.7
976,C1181,F,35,Winnipeg,Serum,Beauty,2025-01-14,1,40.16,40.16
977,C0079,M,18,Halifax,Mouse,Electronics,2025-05-02,4,23.06,92.24
978,C1321,F,28,Montreal,Perfume,Beauty,2025-08-26,2,43.93,87.86
979,C1260,M,39,Halifax,Charger,Electronics,2025-02-24,1,21.1,21.1
980,C1216,F,49,Vancouver,Mouse,Electronics,2025-01-22,2,24.59,49.18
981,C1000,F,60,Halifax,Camera,Electronics,2025-07-22,1,350.23,350.23
982,C0790,M,27,Toronto,Toaster,Home,2025-01-15,1,36.65,36.65
983,C1071,F,44,Montreal,Perfume,Beauty,2025-01-30,2,40.64,81.28
984,C0529,F,29,Ottawa,Perfume,Beauty,2025-01-29,1,48.42,48.42
985,C0897,F,47,Halifax,Blender,Home,2025-09-09,1,78.21,78.21
986,C1439,F,27,Ottawa,Charger,Electronics,2025-06-09,2,18.56,37.12
987,C0345,F,29,Winnipeg,Lamp,Home,2025-04-27,2,41.88,83.76
988,C0276,M,55,Toronto,Mouse,Electronics,2025-06-07,1,26.82,26.82
989,C0403,M,38,Calgary,Mascara,Beauty,2025-04-18,1,18.13,18.13
990,C1285,M,44,Winnipeg,Jacket,Clothing,2025-04-25,1,86.2,86.2
991,C0254,M,23,Montreal,Blender,Home,2025-09-29,1,82.47,82.47
992,C1039,M,55,Edmonton,Toaster,Home,2025-06-25,3,33.9,101.7
993,C1001,M,25,Winnipeg,Shampoo,Beauty,2025-08-19,1,11.58,11.58
994,C0537,F,54,Vancouver,Headphones,Electronics,2025-10-11,1,66.4,66.4
995,C0163,M,23,Halifax,Camera,Electronics,2025-09-07,1,326.97,326.97
996,C1132,M,51,Montreal,Lipstick,Beauty,2025-02-25,1,16.2,16.2
997,C0063,F,57,Calgary,Jacket,Clothing,2025-09-30,2,86.53,173.06
998,C0243,F,39,Halifax,Mascara,Beauty,2025-07-09,1,16.87,16.87
999,C0303,F,46,Edmonton,T-Shirt,Clothing,2025-01-21,1,21.35,21.35
1000,C0963,M,26,Calgary,Smartwatch,Electronics,2025-06-14,2,167.74,335.48
1001,C1140,M,38,Toronto,Lotion,Beauty,2025-10-12,1,21.72,21.72
1002,C0320,F,49,Winnipeg,Smartwatch,Electronics,2025-03-09,1,149.3,149.3
1003,C1046,M,25,Winnipeg,Jacket,Clothing,2025-09-24,1,83.6,83.6
1004,C1488,F,60,Winnipeg,Vacuum,Home,2025-08-06,1,151.24,151.24
1005,C1487,M,27,Calgary,Dress,Clothing,2025-04-06,1,61.37,61.37
1006,C0965,M,40,Calgary,Lamp,Home,2025-07-07,1,39.84,39.84
1007,C0490,F,37,Vancouver,Blender,Home,2025-07-27,1,86.68,86.68
1008,C0618,M,30,Calgary,T-Shirt,Clothing,2025-03-15,2,18.72,37.44
1009,C0842,F,39,Edmonton,Lotion,Beauty,2025-06-11,1,19.92,19.92
1010,C1360,M,58,Ottawa,Charger,Electronics,2025-06-10,2,20.63,41.26
1011,C0383,F,32,Calgary,Shampoo,Beauty,2025-03-01,2,11.84,23.68
1012,C1154,F,48,Ottawa,T-Shirt,Clothing,2025-01-26,1,20.72,20.72
1013,C1150,F,62,Halifax,T-Shirt,Clothing,2025-01-25,1,19.8,19.8
1014,C0370,F,49,Halifax,Shampoo,Beauty,2025-09-15,1,11.6,11.6
1015,C0740,M,62,Vancouver,Toaster,Home,2025-01-03,1,33.63,33.63
1016,C1395,M,30,Edmonton,Hoodie,Clothing,2025-10-15,3,44.2,132.6
1017,C0409,M,42,Toronto,Lipstick,Beauty,2025-09-14,1,13.57,13.57
1018,C0829,M,38,Halifax,Charger,Electronics,2025-10-07,3,20.67,62.01
1019,C0261,M,21,Ottawa,Jeans,Clothing,2025-09-05,2,58.8,117.6
1020,C0028,M,59,Toronto,Serum,Beauty,2025-02-13,1,36.9,36.9
1021,C0849,M,32,Edmonton,Lamp,Home,2025-02-02,1,36.37,36.37
1022,C0450,F,38,Edmonton,Smartwatch,Electronics,2025-10-21,1,175.58,175.58
1023,C0527,F,59,Winnipeg,Jeans,Clothing,2025-04-22,2,52.4,104.8
1024,C0183,F,25,Edmonton,Jeans,Clothing,2025-10-18,3,50.89,152.67
1025,C0376,F,48,Halifax,Jeans,Clothing,2025-09-30,1,53.57,53.57
1026,C0210,F,27,Halifax,Keyboard,Electronics,2025-10-31,1,41.91,41.91
1027,C0526,F,38,Edmonton,Hoodie,Clothing,2025-02-12,1,43.15,43.15
1028,C0032,M,34,Toronto,Sneakers,Clothing,2025-10-31,2,86.27,172.54
1029,C0044,M,22,Ottawa,Charger,Electronics,2025-02-13,3,19.66,58.98
1030,C1478,M,30,Montreal,Dress,Clothing,2025-10-16,1,55.41,55.41
1031,C1372,M,38,Calgary,Serum,Beauty,2025-03-28,1,36.71,36.71
1032,C0886,M,61,Winnipeg,Smartwatch,Electronics,2025-08-18,1,167.2,167.2
1033,C0116,M,29,Vancouver,Shampoo,Beauty,2025-03-24,1,12.27,12.27
1034,C0372,F,42,Edmonton,Lipstick,Beauty,2025-07-23,2,13.86,27.72
1035,C1490,M,45,Toronto,Serum,Beauty,2025-05-10,1,35.44,35.44
1036,C0995,M,19,Montreal,Toaster,Home,2025-05-18,2,35.99,71.98
1037,C0442,F,38,Halifax,Smartwatch,Electronics,2025-03-24,1,170.03,170.03
1038,C0614,F,58,Toronto,Toaster,Home,2025-06-24,1,33.95,33.95
1039,C1028,F,39,Montreal,Lotion,Beauty,2025-05-16,1,20.38,20.38
1040,C1395,M,19,Vancouver,Headphones,Electronics,2025-04-17,2,65.39,130.78
1041,C1009,F,47,Winnipeg,Headphones,Electronics,2025-05-31,2,67.36,134.72
1042,C1468,F,18,Montreal,Lamp,Home,2025-04-19,1,36.16,36.16
1043,C0238,M,63,Halifax,Camera,Electronics,2025-08-10,1,337.17,337.17
1044,C0059,M,30,Winnipeg,Air Fryer,Home,2025-09-04,1,107.82,107.82
1045,C1355,F,20,Winnipeg,Jacket,Clothing,2025-02-06,1,95.69,95.69
1046,C0925,M,37,Winnipeg,Lamp,Home,2025-09-25,2,41.67,83.34
1047,C0915,F,22,Halifax,Perfume,Beauty,2025-03-15,1,47.96,47.96
1048,C0772,F,19,Vancouver,Lotion,Beauty,2025-04-25,1,19.14,19.14
1049,C0955,M,43,Calgary,T-Shirt,Clothing,2025-03-22,2,18.74,37.48
1050,C1420,F,46,Edmonton,Perfume,Beauty,2025-07-12,1,49.25,49.25
1051,C0303,F,35,Edmonton,Jacket,Clothing,2025-08-02,1,93.91,93.91
1052,C0981,M,26,Winnipeg,Headphones,Electronics,2025-01-15,1,74.68,74.68
1053,C0481,F,39,Edmonton,Hoodie,Clothing,2025-03-25,2,40.62,81.24
1054,C0229,M,45,Halifax,Toaster,Home,2025-09-23,1,33.98,33.98
1055,C1164,F,29,Montreal,Jeans,Clothing,2025-10-25,1,57.67,57.67
1056,C0054,F,54,Halifax,Headphones,Electronics,2025-06-03,2,64.09,128.18
1057,C0442,F,35,Edmonton,Toaster,Home,2025-09-10,1,35.47,35.47
1058,C0575,F,51,Toronto,Camera,Electronics,2025-09-30,2,315.46,630.92
1059,C1167,M,59,Halifax,Camera,Electronics,2025-05-12,3,289.13,867.39
1060,C0585,F,59,Calgary,Lamp,Home,2025-07-18,2,37.89,75.78
1061,C1121,M,20,Toronto,T-Shirt,Clothing,2025-03-24,2,19.14,38.28
1062,C0592,M,63,Toronto,Dress,Clothing,2025-05-06,1,55.34,55.34
1063,C1295,M,22,Calgary,Vacuum,Home,2025-08-02,1,153.95,153.95
1064,C0130,F,40,Calgary,Mouse,Electronics,2025-08-03,2,23.71,47.42
1065,C0517,F,30,Vancouver,Camera,Electronics,2025-08-26,1,305.77,305.77
1066,C0944,F,41,Halifax,Toaster,Home,2025-03-29,1,37.79,37.79
1067,C1441,M,45,Winnipeg,Lipstick,Beauty,2025-04-23,3,14.9,44.7
1068,C0181,M,34,Halifax,Perfume,Beauty,2025-04-15,1,44.03,44.03
1069,C0618,F,23,Montreal,Charger,Electronics,2025-03-04,1,20.9,20.9
1070,C1008,F,44,Vancouver,Smartwatch,Electronics,2025-08-27,2,173.11,346.22
1071,C0237,M,62,Ottawa,Mouse,Electronics,2025-01-26,2,22.63,45.26
1072,C0512,M,46,Ottawa,Perfume,Beauty,2025-05-08,3,44.53,133.59
1073,C0533,M,29,Halifax,Lotion,Beauty,2025-01-01,2,20.44,40.88
1074,C0962,M,52,Vancouver,Perfume,Beauty,2025-04-04,2,43.37,86.74
1075,C1462,M,65,Vancouver,Sneakers,Clothing,2025-01-12,2,89.63,179.26
1076,C0225,M,22,Montreal,Smartwatch,Electronics,2025-06-15,1,175.09,175.09
1077,C0203,M,19,Calgary,Keyboard,Electronics,2025-10-25,2,43.55,87.1
1078,C1065,M,28,Ottawa,Blender,Home,2025-09-29,1,81.02,81.02
1079,C0855,M,21,Winnipeg,Lipstick,Beauty,2025-03-08,1,14.18,14.18
1080,C0934,F,39,Winnipeg,Dress,Clothing,2025-06-16,1,65.49,65.49
1081,C0136,F,18,Calgary,Blender,Home,2025-09-11,1,84.3,84.3
1082,C1057,M,62,Toronto,Mascara,Beauty,2025-09-10,1,16.95,16.95
1083,C1053,M,33,Toronto,Mouse,Electronics,2025-09-03,1,26.03,26.03
1084,C1375,M,19,Calgary,Dress,Clothing,2025-02-28,1,57.41,57.41
1085,C1081,M,58,Toronto,Jacket,Clothing,2025-10-21,1,85.81,85.81
1086,C0990,M,44,Ottawa,Mouse,Electronics,2025-05-24,1,26.9,26.9
1087,C1352,F,29,Ottawa,Blender,Home,2025-07-28,2,79.26,158.52
1088,C0445,M,22,Halifax,Lipstick,Beauty,2025-08-14,3,13.69,41.07
1089,C1495,F,22,Toronto,Jacket,Clothing,2025-10-11,2,85.85,171.7
1090,C1394,F,39,Ottawa,Mascara,Beauty,2025-04-01,1,18.39,18.39
1091,C0371,F,30,Toronto,Jacket,Clothing,2025-04-21,2,83.22,166.44
1092,C0939,F,33,Montreal,Vacuum,Home,2025-08-28,1,149.15,149.15
1093,C0638,M,43,Montreal,Kettle,Home,2025-03-21,1,28.71,28.71
1094,C0922,M,26,Calgary,Headphones,Electronics,2025-07-23,2,74.88,149.76
1095,C1396,M,65,Winnipeg,Mascara,Beauty,2025-08-26,2,17.03,34.06
1096,C1277,F,49,Winnipeg,Mascara,Beauty,2025-10-21,2,19.14,38.28
1097,C0486,M,36,Toronto,Shampoo,Beauty,2025-07-03,2,11.36,22.72
1098,C0258,M,53,Montreal,Lotion,Beauty,2025-07-31,1,20.71,20.71
1099,C0439,F,45,Halifax,Vacuum,Home,2025-09-08,3,147.92,443.76
1100,C0602,F,32,Montreal,Headphones,Electronics,2025-08-15,2,64.61,129.22
1101,C0018,M,26,Ottawa,Perfume,Beauty,2025-06-16,2,46.93,93.86
1102,C0219,F,33,Calgary,Sneakers,Clothing,2025-01-31,2,80.2,160.4
1103,C0512,M,23,Calgary,Jacket,Clothing,2025-05-31,1,84.18,84.18
1104,C1202,F,25,Halifax,Hoodie,Clothing,2025-06-11,1,43.72,43.72
1105,C0209,F,50,Montreal,Dress,Clothing,2025-04-06,1,61.84,61.84
1106,C0527,F,49,Montreal,Serum,Beauty,2025-09-30,1,35.98,35.98
1107,C0235,M,63,Calgary,Headphones,Electronics,2025-01-24,1,65.57,65.57
1108,C1159,M,53,Edmonton,Air Fryer,Home,2025-04-28,1,99.22,99.22
1109,C1233,F,59,Halifax,Blender,Home,2025-03-28,3,84.52,253.56
1110,C0211,M,65,Ottawa,Shampoo,Beauty,2025-10-02,3,11.83,35.49
1111,C0273,F,53,Vancouver,Jeans,Clothing,2025-02-19,2,52.07,104.14
1112,C1184,F,51,Ottawa,Perfume,Beauty,2025-04-22,1,40.98,40.98
1113,C0144,M,19,Vancouver,Perfume,Beauty,2025-10-07,1,44.36,44.36
1114,C0734,M,30,Calgary,Smartwatch,Electronics,2025-10-29,2,169.22,338.44
1115,C1358,M,60,Calgary,Charger,Electronics,2025-05-16,1,20.86,20.86
1116,C0502,F,27,Halifax,Headphones,Electronics,2025-01-03,2,75.05,150.1
1117,C0444,F,55,Halifax,Lipstick,Beauty,2025-06-11,3,13.53,40.59
1118,C1110,F,24,Calgary,Hoodie,Clothing,2025-03-18,1,49.2,49.2
1119,C0180,M,64,Toronto,Perfume,Beauty,2025-07-04,2,43.57,87.14
1120,C1017,F,20,Toronto,Mascara,Beauty,2025-02-27,1,19.77,19.77
1121,C1104,M,44,Toronto,Sneakers,Clothing,2025-06-12,2,80.79,161.58
1122,C1178,M,31,Calgary,Hoodie,Clothing,2025-01-21,1,44.74,44.74
1123,C0179,M,47,Montreal,Jacket,Clothing,2025-03-06,1,87.37,87.37
1124,C0299,F,51,Calgary,Sneakers,Clothing,2025-03-07,2,82.55,165.1
1125,C1350,M,40,Vancouver,Air Fryer,Home,2025-10-25,2,117.53,235.06
1126,C0755,F,65,Halifax,Headphones,Electronics,2025-10-26,2,73.45,146.9
1127,C0009,F,34,Ottawa,Shampoo,Beauty,2025-10-09,1,13.18,13.18
1128,C1452,F,32,Edmonton,Charger,Electronics,2025-06-24,2,20.45,40.9
1129,C0192,F,62,Vancouver,Charger,Electronics,2025-06-14,2,19.85,39.7
1130,C1114,F,61,Halifax,Lipstick,Beauty,2025-03-23,4,13.77,55.08
1131,C1026,F,24,Winnipeg,Air Fryer,Home,2025-05-26,3,120.92,362.76
1132,C1444,F,20,Ottawa,Headphones,Electronics,2025-07-23,2,70.72,141.44
1133,C1027,F,26,Winnipeg,Lotion,Beauty,2025-06-13,2,20.8,41.6
1134,C0950,M,20,Halifax,Serum,Beauty,2025-04-14,1,37.29,37.29
1135,C1429,M,65,Halifax,Blender,Home,2025-05-10,1,85.81,85.81
1136,C0492,F,52,Vancouver,Lipstick,Beauty,2025-03-25,1,16.33,16.33
1137,C1289,F,57,Ottawa,Sneakers,Clothing,2025-04-30,2,79.33,158.66
1138,C0780,M,25,Edmonton,Headphones,Electronics,2025-09-16,2,67.09,134.18
1139,C0968,F,43,Montreal,Camera,Electronics,2025-04-14,2,297.73,595.46
1140,C1267,M,32,Ottawa,Mouse,Electronics,2025-02-03,1,26.46,26.46
1141,C1018,M,22,Calgary,Jeans,Clothing,2025-06-23,1,50.18,50.18
1142,C0677,F,30,Vancouver,Keyboard,Electronics,2025-08-20,1,36.65,36.65
1143,C0725,F,32,Halifax,Blender,Home,2025-07-04,1,81.57,81.57
1144,C1384,F,56,Toronto,Camera,Electronics,2025-01-18,1,320.91,320.91
1145,C0195,F,29,Winnipeg,Mascara,Beauty,2025-08-19,3,17.66,52.98
1146,C0499,M,52,Montreal,Sneakers,Clothing,2025-05-15,1,77.26,77.26
1147,C0568,M,25,Edmonton,Vacuum,Home,2025-02-14,1,163.72,163.72
1148,C1237,M,27,Vancouver,Kettle,Home,2025-04-22,1,30.54,30.54
1149,C0154,F,51,Montreal,Hoodie,Clothing,2025-03-24,5,43.01,215.05
1150,C1070,M,25,Toronto,Hoodie,Clothing,2025-02-08,3,47.08,141.24
1151,C0181,M,39,Toronto,Air Fryer,Home,2025-09-11,1,111.73,111.73
1152,C0226,M,29,Toronto,Dress,Clothing,2025-05-25,5,56.85,284.25
1153,C1056,F,39,Toronto,Air Fryer,Home,2025-02-20,1,104.77,104.77
1154,C0347,F,44,Toronto,Vacuum,Home,2025-10-20,1,149.73,149.73
1155,C0446,F,35,Calgary,Toaster,Home,2025-03-08,1,34.43,34.43
1156,C0175,F,36,Ottawa,Lamp,Home,2025-01-24,1,38.33,38.33
1157,C0829,M,22,Winnipeg,Perfume,Beauty,2025-05-02,2,47.77,95.54
1158,C1154,F,33,Toronto,Sneakers,Clothing,2025-02-18,3,84.68,254.04
1159,C1321,F,58,Halifax,Jacket,Clothing,2025-05-29,2,92.79,185.58
1160,C0252,M,27,Vancouver,Lipstick,Beauty,2025-07-04,1,14.07,14.07
1161,C1476,M,36,Vancouver,Jacket,Clothing,2025-09-07,1,90.6,90.6
1162,C1445,F,61,Halifax,Lotion,Beauty,2025-05-25,1,19.27,19.27
1163,C0651,F,18,Toronto,Headphones,Electronics,2025-08-31,1,70.37,70.37
1164,C0484,F,39,Montreal,Lamp,Home,2025-05-29,1,42.25,42.25
1165,C1381,M,34,Toronto,Perfume,Beauty,2025-03-09,1,47.42,47.42
1166,C0624,F,52,Halifax,Jeans,Clothing,2025-08-12,2,53.4,106.8
1167,C0158,F,56,Edmonton,Hoodie,Clothing,2025-07-29,2,46.75,93.5
1168,C0569,M,26,Winnipeg,Headphones,Electronics,2025-07-11,1,76.18,76.18
1169,C1025,F,22,Calgary,Serum,Beauty,2025-10-27,1,38.96,38.96
1170,C0009,F,26,Edmonton,Keyboard,Electronics,2025-05-04,1,37.19,37.19
1171,C0509,F,28,Ottawa,Air Fryer,Home,2025-10-11,1,113.95,113.95
1172,C0544,F,31,Halifax,Jeans,Clothing,2025-10-19,1,50.65,50.65
1173,C0589,F,63,Vancouver,Lamp,Home,2025-10-27,1,42.98,42.98
1174,C0813,F,57,Winnipeg,Mascara,Beauty,2025-02-19,2,18.06,36.12
1175,C0095,M,41,Winnipeg,Blender,Home,2025-07-02,3,83.05,249.15
1176,C0697,M,37,Toronto,Charger,Electronics,2025-09-04,1,18.23,18.23
1177,C1301,F,50,Ottawa,Air Fryer,Home,2025-03-29,2,107.38,214.76
1178,C0973,F,21,Ottawa,Lotion,Beauty,2025-05-18,1,21.61,21.61
1179,C0922,F,33,Toronto,Blender,Home,2025-02-07,3,76.86,230.58
1180,C0985,M,42,Winnipeg,Charger,Electronics,2025-02-18,1,19.9,19.9
1181,C0117,F,18,Ottawa,Jeans,Clothing,2025-03-13,1,59.74,59.74
1182,C1480,F,41,Vancouver,Headphones,Electronics,2025-09-15,1,68.53,68.53
1183,C0360,F,20,Toronto,Toaster,Home,2025-02-13,1,34.5,34.5
1184,C1054,M,49,Montreal,Hoodie,Clothing,2025-10-18,1,45.71,45.71
1185,C0325,F,51,Toronto,Shampoo,Beauty,2025-04-26,4,11.91,47.64
1186,C0074,M,42,Vancouver,Dress,Clothing,2025-05-29,2,56.02,112.04
1187,C0979,F,60,Toronto,Lamp,Home,2025-10-06,1,36.15,36.15
1188,C1443,M,20,Toronto,Mascara,Beauty,2025-10-15,1,18.4,18.4
1189,C0807,M,24,Winnipeg,Headphones,Electronics,2025-08-06,2,75.89,151.78
1190,C1287,M,59,Toronto,Lamp,Home,2025-03-12,2,36.85,73.7
1191,C1470,M,52,Calgary,Perfume,Beauty,2025-06-10,2,42.4,84.8
1192,C0551,M,46,Calgary,Charger,Electronics,2025-09-30,1,19.48,19.48
1193,C0404,M,57,Halifax,Camera,Electronics,2025-05-07,2,339.76,679.52
1194,C0104,F,42,Vancouver,Kettle,Home,2025-06-19,2,26.71,53.42
1195,C1464,M,45,Ottawa,Perfume,Beauty,2025-01-17,1,48.44,48.44
1196,C0706,M,41,Winnipeg,Jeans,Clothing,2025-10-31,1,50.1,50.1
1197,C0143,F,22,Toronto,Dress,Clothing,2025-08-27,2,65.29,130.58
1198,C0714,F,44,Winnipeg,Jacket,Clothing,2025-06-25,3,91.09,273.27
1199,C0917,F,27,Toronto,Vacuum,Home,2025-07-29,1,154.76,154.76
1200,C0207,F,29,Winnipeg,Shampoo,Beauty,2025-02-26,4,11.68,46.72
1201,C0546,M,35,Edmonton,Kettle,Home,2025-07-08,1,29.58,29.58
1202,C1285,M,55,Calgary,Perfume,Beauty,2025-02-13,1,42,42
1203,C0824,M,25,Montreal,Serum,Beauty,2025-05-02,1,34.57,34.57
1204,C1107,M,55,Edmonton,Charger,Electronics,2025-02-02,3,19.58,58.74
1205,C0263,F,47,Calgary,Keyboard,Electronics,2025-01-28,1,42.83,42.83
1206,C0172,M,26,Ottawa,Toaster,Home,2025-05-31,1,36.78,36.78
1207,C0362,M,65,Edmonton,Blender,Home,2025-03-04,1,85.29,85.29
1208,C0042,F,60,Toronto,Keyboard,Electronics,2025-01-07,1,40.58,40.58
1209,C0274,F,42,Toronto,Lotion,Beauty,2025-04-21,3,18.52,55.56
1210,C0500,F,47,Winnipeg,Hoodie,Clothing,2025-05-10,1,48.07,48.07
1211,C0132,F,19,Vancouver,Charger,Electronics,2025-05-12,2,21.15,42.3
1212,C1477,F,34,Montreal,Camera,Electronics,2025-01-08,3,330.01,990.03
1213,C0910,F,62,Vancouver,Lotion,Beauty,2025-01-29,1,19.86,19.86
1214,C0425,M,24,Montreal,Kettle,Home,2025-01-06,2,30.6,61.2
1215,C0943,F,39,Edmonton,Air Fryer,Home,2025-04-22,1,118.34,118.34
1216,C0609,M,27,Edmonton,Mascara,Beauty,2025-04-15,1,18.52,18.52
1217,C1077,M,43,Montreal,Serum,Beauty,2025-07-26,2,37.03,74.06
1218,C0789,M,30,Edmonton,Toaster,Home,2025-02-09,2,35.83,71.66
1219,C1421,F,59,Montreal,Toaster,Home,2025-09-25,1,35.53,35.53
1220,C0194,M,45,Montreal,Serum,Beauty,2025-02-15,1,37.2,37.2
1221,C1423,M,53,Vancouver,Jeans,Clothing,2025-08-29,3,52.87,158.61
1222,C1007,M,28,Toronto,Lotion,Beauty,2025-09-27,2,19.63,39.26
1223,C0464,F,26,Toronto,Smartwatch,Electronics,2025-06-04,1,162.37,162.37
1224,C1379,M,33,Edmonton,Dress,Clothing,2025-04-26,1,59.14,59.14
1225,C1197,F,34,Winnipeg,Mouse,Electronics,2025-02-06,1,23.82,23.82
1226,C1364,M,22,Vancouver,Blender,Home,2025-07-24,1,89.44,89.44
1227,C0193,M,22,Edmonton,Mouse,Electronics,2025-09-06,1,25.16,25.16
1228,C1454,M,55,Calgary,Shampoo,Beauty,2025-04-20,1,10.96,10.96
1229,C0387,M,48,Winnipeg,T-Shirt,Clothing,2025-03-21,1,19.47,19.47
1230,C0657,F,19,Edmonton,Smartwatch,Electronics,2025-03-17,2,172.32,344.64
1231,C1001,F,44,Ottawa,T-Shirt,Clothing,2025-09-27,1,21.02,21.02
1232,C1492,M,63,Montreal,Lotion,Beauty,2025-04-08,1,19.29,19.29
1233,C1355,F,60,Winnipeg,Mascara,Beauty,2025-03-17,1,19.58,19.58
1234,C1453,M,36,Winnipeg,Lipstick,Beauty,2025-10-09,1,13.73,13.73
1235,C0795,F,60,Winnipeg,Lamp,Home,2025-03-22,1,43.69,43.69
1236,C1020,F,42,Halifax,Charger,Electronics,2025-03-04,2,18.98,37.96
1237,C1240,M,55,Vancouver,Jacket,Clothing,2025-09-24,1,81.16,81.16
1238,C1300,M,30,Montreal,Camera,Electronics,2025-02-02,1,315.76,315.76
1239,C0108,F,46,Montreal,Sneakers,Clothing,2025-10-24,1,82.6,82.6
1240,C0256,F,36,Montreal,Lotion,Beauty,2025-02-09,1,20.16,20.16
1241,C1103,F,52,Vancouver,Sneakers,Clothing,2025-06-23,1,90.05,90.05
1242,C0390,F,42,Toronto,Air Fryer,Home,2025-09-17,1,117.53,117.53
1243,C1366,F,65,Calgary,Toaster,Home,2025-08-12,1,34.31,34.31
1244,C1329,M,26,Calgary,Hoodie,Clothing,2025-08-11,2,44.37,88.74
1245,C0725,F,52,Halifax,Lamp,Home,2025-09-24,4,37.19,148.76
1246,C1233,M,32,Edmonton,Blender,Home,2025-06-04,1,77.31,77.31
1247,C1035,F,39,Vancouver,Shampoo,Beauty,2025-09-21,2,12.34,24.68
1248,C1170,M,30,Ottawa,Shampoo,Beauty,2025-05-29,2,10.95,21.9
1249,C1059,F,47,Calgary,Sneakers,Clothing,2025-08-13,3,88.98,266.94
1250,C1375,M,38,Calgary,Vacuum,Home,2025-05-07,1,151.17,151.17
1251,C0540,M,42,Montreal,Toaster,Home,2025-01-05,2,32.89,65.78
1252,C0856,M,42,Vancouver,Headphones,Electronics,2025-10-15,3,70.55,211.65
1253,C0109,M,57,Edmonton,Perfume,Beauty,2025-02-27,1,42.15,42.15
1254,C0024,M,39,Edmonton,Lipstick,Beauty,2025-03-13,1,14.82,14.82
1255,C0499,F,63,Toronto,Kettle,Home,2025-06-04,4,29.68,118.72
1256,C0990,F,58,Vancouver,Charger,Electronics,2025-10-09,2,19.85,39.7
1257,C0372,M,20,Halifax,Shampoo,Beauty,2025-06-17,1,11.16,11.16
1258,C1189,F,26,Halifax,Camera,Electronics,2025-01-29,2,334.33,668.66
1259,C0397,M,41,Vancouver,Serum,Beauty,2025-03-23,1,35.62,35.62
1260,C0272,M,61,Calgary,Mouse,Electronics,2025-09-20,1,26.19,26.19
1261,C1451,M,64,Winnipeg,Perfume,Beauty,2025-04-16,1,44.81,44.81
1262,C1097,F,49,Winnipeg,Toaster,Home,2025-10-04,1,34.68,34.68
1263,C0050,F,34,Winnipeg,Camera,Electronics,2025-01-10,2,342.49,684.98
1264,C0071,M,58,Montreal,Mouse,Electronics,2025-03-03,1,26.04,26.04
1265,C0492,F,41,Winnipeg,Mascara,Beauty,2025-08-12,2,16.32,32.64
1266,C0474,F,25,Vancouver,Lipstick,Beauty,2025-05-16,1,14.39,14.39
1267,C1225,M,23,Toronto,Camera,Electronics,2025-08-12,1,343.74,343.74
1268,C0024,M,26,Halifax,Charger,Electronics,2025-04-24,1,18.07,18.07
1269,C0993,F,32,Montreal,Kettle,Home,2025-09-17,1,28.25,28.25
1270,C0469,F,41,Montreal,Charger,Electronics,2025-06-06,3,20.91,62.73
1271,C1461,M,28,Toronto,Air Fryer,Home,2025-08-17,1,112.68,112.68
1272,C0214,M,48,Toronto,Jacket,Clothing,2025-04-10,2,94.69,189.38
1273,C1319,M,63,Edmonton,Air Fryer,Home,2025-09-12,1,114.97,114.97
1274,C0147,M,62,Toronto,Lipstick,Beauty,2025-06-28,1,15.58,15.58
1275,C0940,F,62,Vancouver,Camera,Electronics,2025-10-02,1,340.58,340.58
1276,C0382,F,30,Halifax,Serum,Beauty,2025-08-17,2,39.11,78.22
1277,C1453,F,47,Edmonton,Lotion,Beauty,2025-01-31,1,19.61,19.61
1278,C1440,M,42,Halifax,Hoodie,Clothing,2025-04-18,2,44.75,89.5
1279,C1029,F,65,Montreal,Perfume,Beauty,2025-10-09,2,46.95,93.9
1280,C0844,F,29,Edmonton,Headphones,Electronics,2025-04-19,1,75.27,75.27
1281,C0872,F,38,Montreal,Vacuum,Home,2025-01-29,1,143.17,143.17
1282,C0390,F,41,Ottawa,Blender,Home,2025-01-17,1,82.32,82.32
1283,C0850,F,43,Winnipeg,Headphones,Electronics,2025-06-19,3,76.03,228.09
1284,C1031,F,29,Ottawa,Perfume,Beauty,2025-06-24,1,45.71,45.71
1285,C0723,M,54,Winnipeg,Smartwatch,Electronics,2025-03-15,1,149.73,149.73
1286,C0783,M,38,Halifax,Headphones,Electronics,2025-08-28,1,72.29,72.29
1287,C1353,M,40,Ottawa,Perfume,Beauty,2025-04-06,2,49.42,98.84
1288,C1300,M,18,Edmonton,Keyboard,Electronics,2025-01-02,2,42.59,85.18
1289,C1264,M,62,Vancouver,Perfume,Beauty,2025-07-21,3,47.21,141.63
1290,C0827,F,27,Edmonton,Mascara,Beauty,2025-02-06,3,16.95,50.85
1291,C0004,F,52,Vancouver,Camera,Electronics,2025-04-01,1,344.07,344.07
1292,C0106,M,55,Toronto,Perfume,Beauty,2025-08-21,1,45.23,45.23
1293,C0040,F,65,Vancouver,Mouse,Electronics,2025-05-27,2,26.95,53.9
1294,C0577,M,45,Montreal,Toaster,Home,2025-10-24,3,33.81,101.43
1295,C0547,M,18,Montreal,T-Shirt,Clothing,2025-09-10,1,18.25,18.25
1296,C0556,M,25,Winnipeg,Serum,Beauty,2025-07-31,1,37.82,37.82
1297,C1287,F,58,Edmonton,Perfume,Beauty,2025-03-05,3,42.93,128.79
1298,C0662,F,40,Winnipeg,Perfume,Beauty,2025-01-05,1,46.94,46.94
1299,C1303,F,37,Calgary,Air Fryer,Home,2025-05-26,1,120.06,120.06
1300,C0577,M,49,Calgary,Air Fryer,Home,2025-03-13,3,114.2,342.6
1301,C0344,M,40,Winnipeg,Lotion,Beauty,2025-04-15,2,21.55,43.1
1302,C0788,F,24,Vancouver,Jacket,Clothing,2025-02-05,1,89.15,89.15
1303,C0164,F,28,Winnipeg,Mascara,Beauty,2025-05-27,1,18.98,18.98
1304,C0402,F,25,Edmonton,Smartwatch,Electronics,2025-09-13,1,170.98,170.98
1305,C0485,F,60,Edmonton,Kettle,Home,2025-08-16,3,29.18,87.54
1306,C0353,M,31,Calgary,Hoodie,Clothing,2025-10-06,5,45.07,225.35
1307,C0673,F,31,Vancouver,Lamp,Home,2025-04-23,2,41.01,82.02
1308,C0837,F,53,Toronto,Dress,Clothing,2025-01-11,1,62.41,62.41
1309,C1106,F,58,Toronto,Charger,Electronics,2025-07-13,1,19.01,19.01
1310,C0265,F,57,Calgary,Jacket,Clothing,2025-08-12,2,95.57,191.14
1311,C1066,F,64,Vancouver,Perfume,Beauty,2025-09-07,1,49.05,49.05
1312,C0991,M,44,Calgary,Sneakers,Clothing,2025-09-06,2,84.41,168.82
1313,C1223,M,37,Montreal,Keyboard,Electronics,2025-09-26,2,41.61,83.22
1314,C1407,F,55,Vancouver,Dress,Clothing,2025-10-18,1,62.84,62.84
1315,C0207,F,42,Ottawa,Camera,Electronics,2025-03-24,3,330.38,991.14
1316,C0110,F,65,Montreal,Vacuum,Home,2025-01-29,1,151.41,151.41
1317,C1454,M,65,Vancouver,Keyboard,Electronics,2025-03-21,2,43.05,86.1
1318,C0072,F,46,Halifax,Vacuum,Home,2025-04-05,1,148.47,148.47
1319,C0408,F,31,Calgary,Lotion,Beauty,2025-09-16,2,18.24,36.48
1320,C0840,F,45,Edmonton,Lotion,Beauty,2025-05-02,2,21.38,42.76
1321,C0709,M,47,Calgary,Serum,Beauty,2025-05-04,1,39.32,39.32
1322,C0279,F,32,Calgary,Lipstick,Beauty,2025-01-23,1,16.05,16.05
1323,C1131,F,38,Vancouver,Jeans,Clothing,2025-08-04,1,51.02,51.02
1324,C1463,F,29,Calgary,Mascara,Beauty,2025-10-16,1,16.31,16.31
1325,C0051,M,28,Halifax,Hoodie,Clothing,2025-04-02,2,48.91,97.82
1326,C1147,M,56,Winnipeg,Mouse,Electronics,2025-01-24,1,23.24,23.24
1327,C0431,F,23,Winnipeg,Mascara,Beauty,2025-04-17,1,19.11,19.11
1328,C0551,F,20,Vancouver,Air Fryer,Home,2025-02-21,1,117.11,117.11
1329,C0324,F,58,Winnipeg,Lamp,Home,2025-07-18,1,41.67,41.67
1330,C0375,M,32,Halifax,Mouse,Electronics,2025-10-21,2,23.16,46.32
1331,C0874,F,51,Vancouver,Camera,Electronics,2025-10-27,1,330.71,330.71
1332,C0548,M,21,Calgary,Kettle,Home,2025-02-25,2,30.18,60.36
1333,C1445,M,51,Toronto,Shampoo,Beauty,2025-07-13,2,11.82,23.64
1334,C0938,F,55,Toronto,Dress,Clothing,2025-02-14,1,58.96,58.96
1335,C0376,F,61,Winnipeg,T-Shirt,Clothing,2025-08-27,2,19.77,39.54
1336,C0109,F,56,Halifax,Blender,Home,2025-08-20,1,77.9,77.9
1337,C0491,M,58,Montreal,Lipstick,Beauty,2025-08-27,1,16.18,16.18
1338,C1247,F,23,Vancouver,Toaster,Home,2025-05-16,1,37.58,37.58
1339,C1043,F,39,Calgary,Perfume,Beauty,2025-10-12,1,49.48,49.48
1340,C0549,F,54,Edmonton,Lotion,Beauty,2025-01-13,2,20.34,40.68
1341,C1241,F,49,Winnipeg,Lipstick,Beauty,2025-01-29,1,15.75,15.75
1342,C0233,M,45,Calgary,Keyboard,Electronics,2025-06-27,1,37.62,37.62
1343,C1434,M,43,Calgary,T-Shirt,Clothing,2025-10-20,1,20.67,20.67
1344,C0554,F,21,Toronto,Toaster,Home,2025-09-14,1,36.05,36.05
1345,C1214,M,27,Ottawa,Vacuum,Home,2025-04-18,2,162.04,324.08
1346,C0963,M,44,Edmonton,Smartwatch,Electronics,2025-03-10,1,170.59,170.59
1347,C1330,M,37,Vancouver,Smartwatch,Electronics,2025-06-25,2,174.03,348.06
1348,C0873,M,53,Montreal,Camera,Electronics,2025-07-02,4,343.61,1374.44
1349,C1477,M,22,Montreal,Dress,Clothing,2025-08-30,1,64.42,64.42
1350,C0107,M,34,Winnipeg,Mascara,Beauty,2025-07-13,2,16.43,32.86
1351,C1249,F,49,Montreal,T-Shirt,Clothing,2025-01-22,1,21.38,21.38
1352,C1410,F,52,Vancouver,Smartwatch,Electronics,2025-01-11,1,163.44,163.44
1353,C0060,F,40,Vancouver,Charger,Electronics,2025-10-12,1,19.52,19.52
1354,C0372,F,30,Montreal,Air Fryer,Home,2025-09-16,1,100.24,100.24
1355,C1166,M,18,Montreal,Charger,Electronics,2025-06-22,4,20.71,82.84
1356,C0118,M,48,Calgary,Jacket,Clothing,2025-07-24,1,86.91,86.91
1357,C0680,M,36,Halifax,Jacket,Clothing,2025-09-05,2,89.42,178.84
1358,C1216,M,40,Edmonton,Charger,Electronics,2025-09-16,1,20.73,20.73
1359,C0286,F,51,Ottawa,Shampoo,Beauty,2025-09-27,2,12.99,25.98
1360,C0019,M,21,Toronto,Smartwatch,Electronics,2025-03-22,1,170.41,170.41
1361,C1006,M,65,Vancouver,T-Shirt,Clothing,2025-07-07,2,19.8,39.6
1362,C0602,M,65,Ottawa,Shampoo,Beauty,2025-08-19,1,11.73,11.73
1363,C1014,M,61,Montreal,Toaster,Home,2025-01-28,3,33.18,99.54
1364,C0116,M,51,Winnipeg,Kettle,Home,2025-01-03,2,27.29,54.58
1365,C1064,M,47,Edmonton,Vacuum,Home,2025-08-25,2,138.33,276.66
1366,C1289,M,27,Montreal,Serum,Beauty,2025-06-30,1,41.58,41.58
1367,C0121,F,23,Montreal,Toaster,Home,2025-01-04,1,35.52,35.52
1368,C0622,M,29,Montreal,Jeans,Clothing,2025-03-13,3,50.91,152.73
1369,C0364,F,29,Calgary,Serum,Beauty,2025-07-01,1,36.88,36.88
1370,C0205,F,35,Vancouver,Perfume,Beauty,2025-04-14,1,45.42,45.42
1371,C0486,F,53,Montreal,Dress,Clothing,2025-09-29,1,60.39,60.39
1372,C0671,F,52,Montreal,Shampoo,Beauty,2025-10-14,1,10.89,10.89
1373,C0846,M,42,Vancouver,Jeans,Clothing,2025-03-28,1,59.96,59.96
1374,C0095,M,58,Toronto,Camera,Electronics,2025-03-14,1,305.62,305.62
1375,C1423,M,39,Halifax,Shampoo,Beauty,2025-04-01,1,10.84,10.84
1376,C0546,M,47,Halifax,Jeans,Clothing,2025-06-22,1,50.34,50.34
1377,C0754,M,61,Calgary,Smartwatch,Electronics,2025-07-06,1,162.57,162.57
1378,C0330,M,46,Calgary,Charger,Electronics,2025-08-24,1,18.55,18.55
1379,C0825,M,24,Winnipeg,Smartwatch,Electronics,2025-06-11,2,145.34,290.68
1380,C0661,F,65,Winnipeg,Headphones,Electronics,2025-03-14,1,68.31,68.31
1381,C0615,M,57,Ottawa,Perfume,Beauty,2025-08-13,2,46.1,92.2
1382,C0310,M,20,Halifax,Keyboard,Electronics,2025-08-18,1,36.89,36.89
1383,C1241,M,38,Calgary,Jeans,Clothing,2025-09-11,1,52.95,52.95
1384,C0677,M,62,Winnipeg,Lipstick,Beauty,2025-06-11,1,14.75,14.75
1385,C0168,F,37,Halifax,Lamp,Home,2025-09-07,1,37.28,37.28
1386,C0532,F,26,Winnipeg,Keyboard,Electronics,2025-07-18,2,40.05,80.1
1387,C1133,F,58,Ottawa,Kettle,Home,2025-08-28,1,25.68,25.68
1388,C0199,M,53,Toronto,Serum,Beauty,2025-08-25,2,34.55,69.1
1389,C0402,M,31,Vancouver,Sneakers,Clothing,2025-03-17,3,85.34,256.02
1390,C0745,F,35,Montreal,Smartwatch,Electronics,2025-10-22,1,151.93,151.93
1391,C0172,F,50,Edmonton,Lotion,Beauty,2025-02-14,1,18.38,18.38
1392,C0184,M,19,Ottawa,Lotion,Beauty,2025-06-28,1,19.7,19.7
1393,C0017,M,54,Winnipeg,Mascara,Beauty,2025-08-10,3,19.49,58.47
1394,C0554,F,48,Winnipeg,Mouse,Electronics,2025-01-17,2,26.12,52.24
1395,C0967,F,39,Edmonton,Charger,Electronics,2025-08-07,2,21.26,42.52
1396,C0156,M,63,Edmonton,Hoodie,Clothing,2025-03-25,1,48.35,48.35
1397,C1045,F,26,Calgary,Smartwatch,Electronics,2025-07-10,2,175.12,350.24
1398,C1445,F,37,Winnipeg,Perfume,Beauty,2025-05-12,2,47.37,94.74
1399,C1175,M,37,Edmonton,Vacuum,Home,2025-10-14,1,153.25,153.25
1400,C1135,M,64,Montreal,Air Fryer,Home,2025-04-04,1,107.04,107.04
1401,C1339,M,18,Toronto,Perfume,Beauty,2025-04-05,1,42.13,42.13
1402,C0640,M,47,Vancouver,Mascara,Beauty,2025-07-03,1,18.67,18.67
1403,C0458,F,36,Halifax,Shampoo,Beauty,2025-05-12,2,13.19,26.38
1404,C1006,F,53,Halifax,Blender,Home,2025-03-23,1,84.45,84.45
1405,C1076,M,31,Ottawa,Kettle,Home,2025-10-23,1,29.25,29.25
1406,C1297,M,18,Calgary,Mouse,Electronics,2025-04-22,1,24.98,24.98
1407,C0806,M,22,Edmonton,Jacket,Clothing,2025-10-30,1,88.77,88.77
1408,C0385,M,27,Edmonton,T-Shirt,Clothing,2025-02-20,1,19.64,19.64
1409,C0587,M,26,Halifax,Mouse,Electronics,2025-10-21,5,25.02,125.1
1410,C0929,M,31,Montreal,Jacket,Clothing,2025-07-08,1,87.6,87.6
1411,C0863,F,56,Montreal,Lotion,Beauty,2025-07-27,1,21,21
1412,C1112,F,35,Montreal,Perfume,Beauty,2025-05-29,2,48.37,96.74
1413,C1044,M,59,Vancouver,Lotion,Beauty,2025-09-22,1,21.53,21.53
1414,C1455,M,42,Ottawa,Lotion,Beauty,2025-10-08,1,18.91,18.91
1415,C0581,F,53,Vancouver,Mouse,Electronics,2025-04-23,1,26.98,26.98
1416,C1194,F,48,Edmonton,Jacket,Clothing,2025-02-05,1,87.15,87.15
1417,C0666,F,63,Calgary,Lotion,Beauty,2025-04-21,1,19.24,19.24
1418,C0817,F,52,Ottawa,Serum,Beauty,2025-06-20,1,39.72,39.72
1419,C0106,M,44,Toronto,Camera,Electronics,2025-03-19,1,307.5,307.5
1420,C0327,F,39,Toronto,Dress,Clothing,2025-01-28,2,54.64,109.28
1421,C1243,F,28,Edmonton,Headphones,Electronics,2025-02-14,1,68.23,68.23
1422,C0786,F,27,Vancouver,Smartwatch,Electronics,2025-10-31,3,167.09,501.27
1423,C0265,M,25,Vancouver,Serum,Beauty,2025-05-22,1,36.68,36.68
1424,C0322,M,58,Edmonton,Lipstick,Beauty,2025-01-15,1,15.39,15.39
1425,C0316,M,45,Vancouver,Jacket,Clothing,2025-05-08,4,92.88,371.52
1426,C0108,F,40,Toronto,Jacket,Clothing,2025-06-16,1,94.21,94.21
1427,C0541,M,23,Toronto,Serum,Beauty,2025-06-02,1,41.02,41.02
1428,C0994,F,31,Ottawa,T-Shirt,Clothing,2025-03-04,1,19.73,19.73
1429,C0575,M,41,Edmonton,Kettle,Home,2025-02-28,2,26.13,52.26
1430,C0238,F,26,Ottawa,Sneakers,Clothing,2025-07-22,1,81.92,81.92
1431,C1033,F,63,Vancouver,Mouse,Electronics,2025-06-06,1,24.66,24.66
1432,C0336,F,57,Halifax,Mouse,Electronics,2025-01-03,1,26.07,26.07
1433,C1346,F,55,Edmonton,Camera,Electronics,2025-02-08,2,288.84,577.68
1434,C0001,F,42,Montreal,Toaster,Home,2025-10-05,1,33.71,33.71
1435,C0121,F,55,Ottawa,Serum,Beauty,2025-04-11,1,40.13,40.13
1436,C1033,F,47,Toronto,Perfume,Beauty,2025-06-18,1,46.54,46.54
1437,C0313,M,39,Winnipeg,Mouse,Electronics,2025-01-20,2,26.16,52.32
1438,C0184,F,19,Calgary,Air Fryer,Home,2025-05-21,1,116.86,116.86
1439,C1262,F,42,Halifax,Lotion,Beauty,2025-10-02,1,21.13,21.13
1440,C0889,F,41,Winnipeg,Air Fryer,Home,2025-07-12,2,114.01,228.02
1441,C0769,M,54,Halifax,Dress,Clothing,2025-06-01,1,59.28,59.28
1442,C1020,F,20,Montreal,Perfume,Beauty,2025-08-24,2,49.35,98.7
1443,C0330,F,60,Halifax,Kettle,Home,2025-10-21,4,28.39,113.56
1444,C0471,F,43,Halifax,Camera,Electronics,2025-07-27,2,300.98,601.96
1445,C0822,M,47,Edmonton,Hoodie,Clothing,2025-02-06,1,43.14,43.14
1446,C1043,F,46,Halifax,Perfume,Beauty,2025-03-19,1,46.74,46.74
1447,C1042,M,24,Toronto,Toaster,Home,2025-06-21,1,37.97,37.97
1448,C1304,F,26,Montreal,Hoodie,Clothing,2025-02-14,3,42.11,126.33
1449,C0127,F,62,Calgary,Hoodie,Clothing,2025-03-25,4,41.24,164.96
1450,C1332,M,47,Edmonton,Vacuum,Home,2025-04-03,1,161.45,161.45
1451,C1238,F,33,Vancouver,Mouse,Electronics,2025-06-03,2,27.08,54.16
1452,C1300,F,61,Montreal,Lamp,Home,2025-04-16,2,38.21,76.42
1453,C1021,F,57,Calgary,T-Shirt,Clothing,2025-07-28,1,19.51,19.51
1454,C1353,F,31,Winnipeg,Camera,Electronics,2025-07-23,1,330.25,330.25
1455,C0700,F,43,Calgary,Lotion,Beauty,2025-09-05,1,19.32,19.32
1456,C0016,F,63,Montreal,Jacket,Clothing,2025-08-14,1,96.79,96.79
1457,C0653,M,54,Winnipeg,Blender,Home,2025-02-17,3,78.33,234.99
1458,C0437,M,27,Edmonton,Vacuum,Home,2025-09-03,3,136.14,408.42
1459,C0006,M,47,Montreal,Perfume,Beauty,2025-01-31,1,42.38,42.38
1460,C0281,M,39,Winnipeg,Toaster,Home,2025-07-02,1,33.5,33.5
1461,C0015,M,47,Halifax,Camera,Electronics,2025-09-14,1,295.23,295.23
1462,C1334,F,49,Montreal,Kettle,Home,2025-05-06,2,25.57,51.14
1463,C0466,M,31,Montreal,Serum,Beauty,2025-08-07,2,39.94,79.88
1464,C1451,F,40,Vancouver,Vacuum,Home,2025-09-02,1,139.93,139.93
1465,C0386,F,34,Winnipeg,Dress,Clothing,2025-05-19,1,64.97,64.97
1466,C0762,M,53,Toronto,Shampoo,Beauty,2025-08-15,1,11.68,11.68
1467,C0874,M,46,Ottawa,Jeans,Clothing,2025-10-29,1,56.88,56.88
1468,C1296,F,41,Halifax,Smartwatch,Electronics,2025-09-14,5,151.21,756.05
1469,C1219,F,64,Vancouver,Hoodie,Clothing,2025-09-12,1,42.66,42.66
1470,C0238,F,28,Montreal,Lamp,Home,2025-03-11,1,40.6,40.6
1471,C0926,F,58,Calgary,Headphones,Electronics,2025-03-07,1,70.85,70.85
1472,C0471,M,32,Edmonton,Air Fryer,Home,2025-01-02,1,115.91,115.91
1473,C1127,M,39,Vancouver,Dress,Clothing,2025-09-26,1,63.09,63.09
1474,C1267,F,44,Halifax,Charger,Electronics,2025-10-30,1,20.68,20.68
1475,C1017,F,51,Ottawa,Mouse,Electronics,2025-05-09,3,24.75,74.25
1476,C0215,M,50,Halifax,Lamp,Home,2025-05-26,1,43.13,43.13
1477,C0899,F,38,Edmonton,Dress,Clothing,2025-04-23,1,61.47,61.47
1478,C0077,F,41,Ottawa,Kettle,Home,2025-10-15,1,30.75,30.75
1479,C0384,M,37,Winnipeg,Toaster,Home,2025-04-06,2,37.24,74.48
1480,C0947,F,21,Halifax,Headphones,Electronics,2025-09-24,1,63.62,63.62
1481,C0121,M,54,Vancouver,T-Shirt,Clothing,2025-01-08,2,19.28,38.56
1482,C0744,F,54,Calgary,Mascara,Beauty,2025-08-08,1,18.26,18.26
1483,C0145,F,63,Winnipeg,Camera,Electronics,2025-08-01,1,334.17,334.17
1484,C1117,M,50,Calgary,Mascara,Beauty,2025-04-12,1,18.18,18.18
1485,C0485,F,48,Edmonton,Keyboard,Electronics,2025-06-15,4,42.29,169.16
1486,C0837,M,51,Calgary,Keyboard,Electronics,2025-09-19,1,38.26,38.26
1487,C0505,F,39,Halifax,Headphones,Electronics,2025-01-02,1,65.57,65.57
1488,C1346,M,59,Toronto,Vacuum,Home,2025-07-21,1,136.62,136.62
1489,C1099,M,47,Halifax,Headphones,Electronics,2025-07-02,1,71.03,71.03
1490,C0463,F,22,Halifax,Headphones,Electronics,2025-09-16,1,72.64,72.64
1491,C0151,F,58,Calgary,Lotion,Beauty,2025-08-16,1,19.3,19.3
1492,C1159,F,62,Ottawa,Charger,Electronics,2025-07-19,1,20.45,20.45
1493,C0939,F,40,Edmonton,Lotion,Beauty,2025-01-26,1,18.21,18.21
1494,C1214,M,30,Montreal,Shampoo,Beauty,2025-04-12,1,11.04,11.04
1495,C1058,M,26,Montreal,Kettle,Home,2025-05-16,1,29.13,29.13
1496,C1382,M,31,Winnipeg,Kettle,Home,2025-07-16,1,27.26,27.26
1497,C1129,M,34,Ottawa,Blender,Home,2025-01-30,1,87.91,87.91
1498,C0369,M,52,Halifax,Smartwatch,Electronics,2025-10-26,1,170.62,170.62
1499,C0172,F,35,Calgary,Headphones,Electronics,2025-05-13,1,74.94,74.94
1500,C1094,M,29,Montreal,Jeans,Clothing,2025-09-13,1,51.39,51.39
1501,C0720,M,58,Winnipeg,Keyboard,Electronics,2025-01-20,2,39.89,79.78
1502,C0439,F,33,Edmonton,Keyboard,Electronics,2025-01-21,1,41.87,41.87
1503,C1346,F,47,Ottawa,Perfume,Beauty,2025-02-10,2,47.47,94.94
1504,C0570,M,30,Calgary,Keyboard,Electronics,2025-06-01,1,42.28,42.28
1505,C1144,F,35,Toronto,Keyboard,Electronics,2025-01-02,1,37.83,37.83
1506,C0683,M,29,Winnipeg,Camera,Electronics,2025-02-13,1,300.32,300.32
1507,C0111,F,51,Montreal,Keyboard,Electronics,2025-02-10,1,40.72,40.72
1508,C1280,F,50,Edmonton,Mouse,Electronics,2025-09-20,1,26.21,26.21
1509,C1446,F,23,Calgary,Blender,Home,2025-10-21,1,81.93,81.93
1510,C0156,M,35,Halifax,Kettle,Home,2025-06-22,2,25.79,51.58
1511,C1209,F,20,Edmonton,Dress,Clothing,2025-01-09,1,62.6,62.6
1512,C0553,F,23,Calgary,Toaster,Home,2025-02-22,4,33.6,134.4
1513,C0713,F,53,Edmonton,Sneakers,Clothing,2025-10-11,1,79.33,79.33
1514,C0985,M,39,Montreal,Shampoo,Beauty,2025-05-08,2,11.15,22.3
1515,C1261,F,24,Calgary,Perfume,Beauty,2025-01-19,1,43.33,43.33
1516,C1469,F,47,Edmonton,Lipstick,Beauty,2025-05-12,3,15.28,45.84
1517,C1349,F,19,Halifax,Toaster,Home,2025-01-13,1,34.01,34.01
1518,C1401,F,49,Vancouver,Sneakers,Clothing,2025-08-08,1,76.85,76.85
1519,C0849,M,32,Halifax,Shampoo,Beauty,2025-09-24,1,11.03,11.03
1520,C0503,F,39,Vancouver,Dress,Clothing,2025-09-02,5,57.49,287.45
1521,C0457,M,55,Toronto,Mascara,Beauty,2025-09-15,4,18.57,74.28
1522,C0407,M,25,Ottawa,Jeans,Clothing,2025-05-20,1,50.58,50.58
1523,C0692,F,25,Vancouver,Charger,Electronics,2025-09-04,2,20.24,40.48
1524,C1019,F,56,Vancouver,Perfume,Beauty,2025-08-20,1,41.58,41.58
1525,C1112,F,53,Toronto,Smartwatch,Electronics,2025-02-25,1,150.77,150.77
1526,C1129,F,37,Halifax,Serum,Beauty,2025-03-29,1,35.51,35.51
1527,C1482,F,54,Vancouver,Headphones,Electronics,2025-09-11,4,63.94,255.76
1528,C0884,M,25,Vancouver,Smartwatch,Electronics,2025-02-21,1,165.48,165.48
1529,C0966,F,31,Winnipeg,Jacket,Clothing,2025-09-04,1,89.34,89.34
1530,C0257,F,37,Edmonton,Charger,Electronics,2025-09-09,1,21.32,21.32
1531,C1158,F,52,Montreal,Charger,Electronics,2025-05-05,1,18.4,18.4
1532,C0952,F,42,Winnipeg,Toaster,Home,2025-07-20,1,32.51,32.51
1533,C1309,M,35,Toronto,Vacuum,Home,2025-05-12,1,144.19,144.19
1534,C0387,M,64,Calgary,Lipstick,Beauty,2025-06-26,1,15.8,15.8
1535,C0896,M,38,Halifax,Headphones,Electronics,2025-02-21,1,67.28,67.28
1536,C0621,F,54,Calgary,Lipstick,Beauty,2025-02-03,1,14.73,14.73
1537,C0344,F,64,Halifax,Shampoo,Beauty,2025-01-22,1,11.52,11.52
1538,C0426,M,48,Ottawa,Kettle,Home,2025-05-21,3,25.65,76.95
1539,C1161,M,23,Winnipeg,Serum,Beauty,2025-09-28,1,41.34,41.34
1540,C0849,F,59,Ottawa,Headphones,Electronics,2025-06-17,2,70.68,141.36
1541,C0747,F,64,Vancouver,Kettle,Home,2025-02-07,1,29.61,29.61
1542,C0294,F,37,Vancouver,Mascara,Beauty,2025-09-03,1,18.57,18.57
1543,C1066,M,45,Calgary,Mouse,Electronics,2025-08-23,1,25.07,25.07
1544,C1074,F,58,Toronto,Serum,Beauty,2025-02-24,2,34.88,69.76
1545,C0782,M,53,Winnipeg,Dress,Clothing,2025-04-30,2,61.71,123.42
1546,C1197,F,57,Montreal,Camera,Electronics,2025-03-07,1,297.94,297.94
1547,C0289,M,43,Edmonton,Sneakers,Clothing,2025-06-15,1,83.54,83.54
1548,C1186,M,30,Ottawa,Smartwatch,Electronics,2025-07-29,2,164.13,328.26
1549,C0579,M,21,Vancouver,Shampoo,Beauty,2025-03-16,1,12.68,12.68
1550,C1364,M,51,Ottawa,Lamp,Home,2025-05-14,2,41.48,82.96
1551,C0323,F,54,Calgary,Hoodie,Clothing,2025-09-22,1,46.54,46.54
1552,C0326,M,51,Toronto,Vacuum,Home,2025-06-23,2,139.47,278.94
1553,C0733,F,33,Winnipeg,Dress,Clothing,2025-08-31,1,58.15,58.15
1554,C1191,F,40,Calgary,Dress,Clothing,2025-03-30,1,54.51,54.51
1555,C0735,F,40,Halifax,Lotion,Beauty,2025-09-07,2,20.88,41.76
1556,C0167,M,32,Montreal,Shampoo,Beauty,2025-01-31,1,13.09,13.09
1557,C1393,M,42,Toronto,Kettle,Home,2025-10-04,1,26.68,26.68
1558,C0085,F,46,Montreal,Mouse,Electronics,2025-02-07,1,22.94,22.94
1559,C0115,F,53,Montreal,Dress,Clothing,2025-05-18,1,59.71,59.71
1560,C0865,M,32,Toronto,Sneakers,Clothing,2025-03-17,1,91.06,91.06
1561,C1074,M,54,Montreal,Headphones,Electronics,2025-09-10,4,70.73,282.92
1562,C0458,M,52,Ottawa,Perfume,Beauty,2025-03-20,2,40.92,81.84
1563,C0372,F,63,Vancouver,Blender,Home,2025-02-07,1,93.06,93.06
1564,C1242,F,56,Toronto,Lipstick,Beauty,2025-06-12,2,15.99,31.98
1565,C0259,M,64,Halifax,Dress,Clothing,2025-05-08,1,55.58,55.58
1566,C0816,M,54,Calgary,Charger,Electronics,2025-06-07,1,21.69,21.69
1567,C1394,F,58,Calgary,Blender,Home,2025-03-24,1,84.16,84.16
1568,C1120,F,45,Vancouver,Shampoo,Beauty,2025-08-05,2,11.69,23.38
1569,C1499,M,62,Calgary,Blender,Home,2025-07-21,2,84.34,168.68
1570,C0225,M,47,Vancouver,Mouse,Electronics,2025-10-05,1,26.67,26.67
1571,C1365,F,24,Ottawa,Charger,Electronics,2025-06-01,1,20.64,20.64
1572,C1451,F,21,Winnipeg,Mascara,Beauty,2025-01-26,1,16.41,16.41
1573,C0484,F,24,Winnipeg,Blender,Home,2025-09-11,1,92.78,92.78
1574,C1308,F,50,Calgary,Sneakers,Clothing,2025-09-08,1,79.01,79.01
1575,C0348,F,64,Calgary,Perfume,Beauty,2025-06-16,1,47.21,47.21
1576,C0341,M,64,Ottawa,Perfume,Beauty,2025-05-20,2,46.23,92.46
1577,C0699,F,35,Calgary,Perfume,Beauty,2025-08-17,2,42.19,84.38
1578,C1398,F,32,Calgary,Lamp,Home,2025-03-14,1,37.37,37.37
1579,C0413,F,52,Ottawa,Vacuum,Home,2025-10-26,1,161.11,161.11
1580,C1006,M,54,Edmonton,Headphones,Electronics,2025-08-24,2,68.88,137.76
1581,C1442,F,22,Halifax,Mascara,Beauty,2025-07-14,3,18.56,55.68
1582,C0833,M,65,Ottawa,Mouse,Electronics,2025-03-29,1,25.02,25.02
1583,C0916,M,40,Halifax,Headphones,Electronics,2025-04-07,1,73.18,73.18
1584,C0282,M,27,Halifax,Headphones,Electronics,2025-06-15,2,69.71,139.42
1585,C1267,M,42,Edmonton,Dress,Clothing,2025-10-23,2,57.45,114.9
1586,C0539,F,39,Ottawa,Shampoo,Beauty,2025-07-22,1,11.67,11.67
1587,C0663,M,48,Winnipeg,Air Fryer,Home,2025-07-06,1,117.9,117.9
1588,C0199,M,40,Edmonton,Camera,Electronics,2025-10-02,1,317.95,317.95
1589,C0790,F,45,Calgary,Charger,Electronics,2025-01-20,1,18.85,18.85
1590,C1455,F,62,Vancouver,Toaster,Home,2025-03-14,2,38.04,76.08
1591,C0227,F,32,Edmonton,Toaster,Home,2025-03-23,1,37.08,37.08
1592,C1007,F,57,Vancouver,T-Shirt,Clothing,2025-10-23,2,18.22,36.44
1593,C1220,F,24,Winnipeg,Mascara,Beauty,2025-01-27,1,19.8,19.8
1594,C0733,F,63,Toronto,Mascara,Beauty,2025-05-21,1,18.7,18.7
1595,C0869,F,55,Toronto,Lamp,Home,2025-02-16,2,37.28,74.56
1596,C0228,F,57,Winnipeg,Mouse,Electronics,2025-04-22,2,23.69,47.38
1597,C0067,F,32,Calgary,Lotion,Beauty,2025-08-23,4,20.77,83.08
1598,C1349,M,22,Calgary,Lipstick,Beauty,2025-05-31,1,15.84,15.84
1599,C0338,F,29,Vancouver,Mascara,Beauty,2025-05-06,1,17.06,17.06
1600,C0610,M,30,Montreal,Dress,Clothing,2025-01-07,4,57.08,228.32
1601,C1010,F,20,Winnipeg,Serum,Beauty,2025-02-19,2,36.53,73.06
1602,C0114,M,36,Toronto,Keyboard,Electronics,2025-03-07,3,40.78,122.34
1603,C0104,F,43,Vancouver,Perfume,Beauty,2025-06-16,1,42.05,42.05
1604,C0428,M,47,Calgary,Mouse,Electronics,2025-09-09,1,23.02,23.02
1605,C0503,F,45,Toronto,Perfume,Beauty,2025-09-20,1,46.61,46.61
1606,C1331,F,32,Toronto,Camera,Electronics,2025-07-15,2,337.86,675.72
1607,C1217,F,35,Edmonton,Serum,Beauty,2025-07-02,3,38.01,114.03
1608,C0214,M,24,Toronto,Jeans,Clothing,2025-09-21,1,53.5,53.5
1609,C0957,F,31,Halifax,Serum,Beauty,2025-10-15,1,37.48,37.48
1610,C0145,F,41,Winnipeg,Keyboard,Electronics,2025-10-02,1,39.11,39.11
1611,C0609,F,41,Calgary,T-Shirt,Clothing,2025-04-28,1,21.84,21.84
1612,C0058,F,28,Vancouver,Lamp,Home,2025-10-04,1,42.14,42.14
1613,C0678,F,56,Halifax,Charger,Electronics,2025-05-12,2,18.83,37.66
1614,C0581,M,60,Montreal,Keyboard,Electronics,2025-05-27,1,39.07,39.07
1615,C0123,F,57,Halifax,Smartwatch,Electronics,2025-01-29,1,161.41,161.41
1616,C0549,F,27,Calgary,Kettle,Home,2025-08-13,1,28.63,28.63
1617,C0235,M,60,Toronto,Sneakers,Clothing,2025-05-19,2,84.46,168.92
1618,C0491,M,50,Edmonton,Lamp,Home,2025-10-16,1,42.48,42.48
1619,C0075,F,37,Edmonton,Headphones,Electronics,2025-10-08,3,73.75,221.25
1620,C0295,F,59,Winnipeg,Air Fryer,Home,2025-01-26,2,110.11,220.22
1621,C0500,M,56,Halifax,Camera,Electronics,2025-10-19,1,342.68,342.68
1622,C0686,M,39,Halifax,Serum,Beauty,2025-09-24,1,39.91,39.91
1623,C1142,M,52,Winnipeg,Charger,Electronics,2025-10-13,3,21.11,63.33
1624,C0656,F,45,Ottawa,Jacket,Clothing,2025-04-07,1,98.22,98.22
1625,C0344,M,53,Vancouver,Perfume,Beauty,2025-05-18,1,42.9,42.9
1626,C0159,F,47,Calgary,Kettle,Home,2025-10-08,3,26.7,80.1
1627,C0782,M,23,Toronto,Serum,Beauty,2025-04-06,2,40.96,81.92
1628,C0047,F,18,Winnipeg,Headphones,Electronics,2025-02-26,1,73.81,73.81
1629,C0363,M,21,Montreal,Mascara,Beauty,2025-05-03,1,19.54,19.54
1630,C1357,M,42,Edmonton,Headphones,Electronics,2025-08-19,2,63.88,127.76
1631,C0614,F,56,Toronto,Vacuum,Home,2025-10-17,1,153.83,153.83
1632,C0785,F,28,Toronto,Charger,Electronics,2025-03-27,1,18.58,18.58
1633,C1004,F,55,Calgary,Lamp,Home,2025-02-20,1,40.03,40.03
1634,C1404,M,54,Edmonton,Lamp,Home,2025-08-16,1,37.25,37.25
1635,C1148,M,29,Montreal,Jacket,Clothing,2025-01-06,4,83.31,333.24
1636,C1188,F,46,Edmonton,Lotion,Beauty,2025-09-30,2,18.05,36.1
1637,C0885,M,51,Ottawa,Smartwatch,Electronics,2025-01-02,2,164.17,328.34
1638,C0170,M,35,Halifax,Shampoo,Beauty,2025-10-03,4,11.66,46.64
1639,C0594,M,26,Edmonton,Sneakers,Clothing,2025-04-01,1,78.29,78.29
1640,C1171,F,63,Edmonton,Hoodie,Clothing,2025-09-19,1,43.41,43.41
1641,C0823,M,29,Calgary,Keyboard,Electronics,2025-08-30,1,37.35,37.35
1642,C0512,F,26,Edmonton,Dress,Clothing,2025-09-03,1,65.3,65.3
1643,C1182,F,18,Vancouver,Camera,Electronics,2025-03-20,1,308.48,308.48
1644,C1356,F,24,Montreal,Vacuum,Home,2025-10-31,1,145.02,145.02
1645,C1227,M,56,Ottawa,Shampoo,Beauty,2025-02-27,1,12.82,12.82
1646,C1144,F,59,Ottawa,Blender,Home,2025-08-13,1,87.51,87.51
1647,C0029,F,51,Montreal,Shampoo,Beauty,2025-07-21,1,12.5,12.5
1648,C0963,F,49,Vancouver,Jacket,Clothing,2025-01-06,1,92.45,92.45
1649,C0162,F,45,Winnipeg,Air Fryer,Home,2025-01-30,1,119.82,119.82
1650,C0991,M,43,Toronto,Kettle,Home,2025-05-31,1,26.36,26.36
1651,C0559,M,53,Calgary,Lotion,Beauty,2025-02-05,1,21.96,21.96
1652,C0100,M,57,Winnipeg,Keyboard,Electronics,2025-04-20,4,42.65,170.6
1653,C0057,F,31,Vancouver,Serum,Beauty,2025-05-01,3,38.68,116.04
1654,C0483,F,62,Edmonton,Mouse,Electronics,2025-08-29,1,25.81,25.81
1655,C1169,M,48,Ottawa,Perfume,Beauty,2025-09-16,4,46.34,185.36
1656,C0866,M,33,Edmonton,T-Shirt,Clothing,2025-03-31,5,18.23,91.15
1657,C1178,F,56,Vancouver,Keyboard,Electronics,2025-01-30,1,37.74,37.74
1658,C1405,F,59,Toronto,Mouse,Electronics,2025-08-25,1,27.31,27.31
1659,C0650,F,28,Edmonton,Headphones,Electronics,2025-06-19,4,70.48,281.92
1660,C0039,M,28,Vancouver,Smartwatch,Electronics,2025-05-29,2,156.11,312.22
1661,C1172,F,55,Vancouver,Kettle,Home,2025-03-29,1,29.47,29.47
1662,C1256,M,29,Edmonton,Charger,Electronics,2025-01-04,2,20.1,40.2
1663,C0113,F,59,Ottawa,Dress,Clothing,2025-09-09,1,54.16,54.16
1664,C0651,M,26,Vancouver,Headphones,Electronics,2025-02-20,1,73.31,73.31
1665,C1430,M,39,Edmonton,Dress,Clothing,2025-01-24,1,62.79,62.79
1666,C1176,F,55,Calgary,Sneakers,Clothing,2025-02-15,1,79.31,79.31
1667,C1266,F,26,Montreal,Serum,Beauty,2025-04-26,1,41.47,41.47
1668,C1496,M,20,Edmonton,T-Shirt,Clothing,2025-01-27,3,18.9,56.7
1669,C0402,F,56,Winnipeg,Mascara,Beauty,2025-04-05,1,17.85,17.85
1670,C1288,M,52,Halifax,Sneakers,Clothing,2025-04-09,1,78.45,78.45
1671,C0381,M,47,Ottawa,Smartwatch,Electronics,2025-04-26,1,163.31,163.31
1672,C0078,F,43,Montreal,Sneakers,Clothing,2025-10-03,1,82.88,82.88
1673,C1327,F,25,Vancouver,Dress,Clothing,2025-04-05,5,58.24,291.2
1674,C1240,M,49,Toronto,Jacket,Clothing,2025-07-18,1,95.89,95.89
1675,C0631,F,39,Edmonton,Air Fryer,Home,2025-05-26,1,99.21,99.21
1676,C0229,F,25,Halifax,Smartwatch,Electronics,2025-06-04,1,169.53,169.53
1677,C1176,F,62,Edmonton,Lotion,Beauty,2025-09-27,1,20.29,20.29
1678,C1492,F,19,Ottawa,Charger,Electronics,2025-10-03,1,21.94,21.94
1679,C1120,M,31,Vancouver,Lotion,Beauty,2025-09-13,1,20.36,20.36
1680,C0485,M,22,Halifax,Lamp,Home,2025-02-14,1,36.44,36.44
1681,C0677,M,30,Vancouver,Charger,Electronics,2025-01-01,1,18.2,18.2
1682,C1007,M,40,Toronto,Hoodie,Clothing,2025-05-27,3,48.45,145.35
1683,C1409,F,30,Vancouver,Blender,Home,2025-10-22,1,90.8,90.8
1684,C1264,F,36,Calgary,T-Shirt,Clothing,2025-06-04,1,19.38,19.38
1685,C0860,F,41,Winnipeg,Serum,Beauty,2025-02-25,2,38.9,77.8
1686,C1297,F,52,Toronto,Jeans,Clothing,2025-08-14,2,54.89,109.78
1687,C1070,M,31,Halifax,Hoodie,Clothing,2025-01-07,1,49.2,49.2
1688,C0591,M,21,Ottawa,Camera,Electronics,2025-01-20,4,348.8,1395.2
1689,C1486,M,43,Ottawa,Blender,Home,2025-06-08,2,93.23,186.46
1690,C1013,M,27,Halifax,Lamp,Home,2025-03-20,1,42.93,42.93
1691,C0351,F,55,Montreal,Perfume,Beauty,2025-01-01,1,48.69,48.69
1692,C0674,M,55,Calgary,Keyboard,Electronics,2025-08-17,1,37.74,37.74
1693,C0259,M,51,Edmonton,Keyboard,Electronics,2025-08-01,1,42.65,42.65
1694,C0056,M,51,Calgary,Perfume,Beauty,2025-10-10,1,46.88,46.88
1695,C1082,F,36,Halifax,Camera,Electronics,2025-09-05,1,349.62,349.62
1696,C1471,F,20,Winnipeg,Shampoo,Beauty,2025-04-29,2,12.17,24.34
1697,C1250,F,53,Ottawa,Shampoo,Beauty,2025-08-15,1,11,11
1698,C0264,F,21,Vancouver,Serum,Beauty,2025-01-24,1,38.74,38.74
1699,C1228,F,43,Winnipeg,Sneakers,Clothing,2025-07-09,1,88.17,88.17
1700,C1481,M,28,Edmonton,Mouse,Electronics,2025-02-26,2,23.6,47.2
1701,C0538,F,20,Calgary,Jeans,Clothing,2025-03-30,2,53.84,107.68
1702,C0954,F,26,Calgary,Mouse,Electronics,2025-10-02,1,25.49,25.49
1703,C0422,F,63,Vancouver,Mouse,Electronics,2025-04-19,1,24.37,24.37
1704,C1073,F,19,Winnipeg,Mouse,Electronics,2025-05-21,1,24.37,24.37
1705,C0443,M,31,Toronto,Camera,Electronics,2025-10-12,2,296.52,593.04
1706,C1235,F,20,Vancouver,Serum,Beauty,2025-09-01,1,41.35,41.35
1707,C0021,F,19,Montreal,Blender,Home,2025-03-15,1,89.26,89.26
1708,C0397,F,39,Montreal,Shampoo,Beauty,2025-09-19,1,10.8,10.8
1709,C0355,M,46,Edmonton,Lamp,Home,2025-06-25,3,42.12,126.36
1710,C0387,M,50,Halifax,Air Fryer,Home,2025-08-18,1,115.28,115.28
1711,C1113,M,53,Ottawa,Lipstick,Beauty,2025-03-17,4,13.53,54.12
1712,C0928,M,27,Toronto,Perfume,Beauty,2025-07-02,1,43.83,43.83
1713,C0479,F,64,Calgary,Blender,Home,2025-10-01,1,86.81,86.81
1714,C1160,F,61,Edmonton,Smartwatch,Electronics,2025-10-04,1,158.49,158.49
1715,C0007,F,55,Halifax,Lotion,Beauty,2025-08-15,2,21.11,42.22
1716,C0740,M,38,Ottawa,Hoodie,Clothing,2025-06-14,2,44.33,88.66
1717,C0099,F,48,Ottawa,Lipstick,Beauty,2025-10-02,2,13.96,27.92
1718,C1491,M,52,Edmonton,Air Fryer,Home,2025-08-05,2,120.48,240.96
1719,C0699,F,20,Edmonton,Dress,Clothing,2025-07-09,2,56.9,113.8
1720,C0130,M,36,Calgary,Lotion,Beauty,2025-01-18,3,20.87,62.61
1721,C1349,F,39,Calgary,Serum,Beauty,2025-08-20,1,35.29,35.29
1722,C0684,M,37,Vancouver,Perfume,Beauty,2025-07-03,2,43.46,86.92
1723,C1090,F,53,Winnipeg,Keyboard,Electronics,2025-04-16,3,39.54,118.62
1724,C0018,F,36,Montreal,Mascara,Beauty,2025-08-31,1,16.89,16.89
1725,C0719,M,63,Calgary,Kettle,Home,2025-02-22,2,27.72,55.44
1726,C1168,F,21,Halifax,Mascara,Beauty,2025-08-14,1,16.77,16.77
1727,C0268,M,49,Vancouver,Mouse,Electronics,2025-07-21,1,25.3,25.3
1728,C0364,F,25,Winnipeg,Sneakers,Clothing,2025-03-27,1,87.78,87.78
1729,C0316,M,43,Montreal,Dress,Clothing,2025-02-19,1,54.75,54.75
1730,C0484,F,18,Toronto,Blender,Home,2025-09-17,1,91.31,91.31
1731,C1494,M,43,Toronto,Smartwatch,Electronics,2025-07-14,3,149.92,449.76
1732,C0988,M,64,Toronto,Lamp,Home,2025-09-05,1,37.8,37.8
1733,C0310,M,60,Calgary,Smartwatch,Electronics,2025-02-25,1,165.16,165.16
1734,C1064,F,26,Montreal,Keyboard,Electronics,2025-06-26,2,39.75,79.5
1735,C0683,F,52,Edmonton,Perfume,Beauty,2025-05-30,1,44.99,44.99
1736,C0502,F,35,Halifax,Hoodie,Clothing,2025-01-13,1,41.65,41.65
1737,C0004,M,36,Winnipeg,Camera,Electronics,2025-10-16,1,339.57,339.57
1738,C0460,F,65,Montreal,Shampoo,Beauty,2025-03-05,1,12.28,12.28
1739,C0987,M,33,Toronto,Headphones,Electronics,2025-04-15,1,64.9,64.9
1740,C0407,F,45,Ottawa,Charger,Electronics,2025-08-27,3,19.5,58.5
1741,C0170,F,20,Montreal,Jacket,Clothing,2025-02-03,1,95.59,95.59
1742,C0859,F,35,Montreal,Toaster,Home,2025-02-08,1,35.48,35.48
1743,C0809,M,30,Vancouver,Blender,Home,2025-08-13,4,78.35,313.4
1744,C1424,M,44,Toronto,Serum,Beauty,2025-05-09,2,37.03,74.06
1745,C0608,F,57,Winnipeg,Mouse,Electronics,2025-05-13,1,23.71,23.71
1746,C0548,F,56,Ottawa,Camera,Electronics,2025-02-09,1,321.12,321.12
1747,C1297,M,41,Vancouver,Perfume,Beauty,2025-08-09,2,48.09,96.18
1748,C0182,F,46,Ottawa,Perfume,Beauty,2025-04-04,2,44.43,88.86
1749,C0466,F,39,Edmonton,Vacuum,Home,2025-04-09,2,148,296
1750,C0347,M,43,Ottawa,Mascara,Beauty,2025-03-01,1,19.46,19.46
1751,C0903,M,37,Halifax,Keyboard,Electronics,2025-05-09,1,40.61,40.61
1752,C0425,F,41,Edmonton,Shampoo,Beauty,2025-05-12,1,12.16,12.16
1753,C0870,F,29,Ottawa,Mascara,Beauty,2025-10-28,2,17.14,34.28
1754,C0630,F,35,Calgary,Lipstick,Beauty,2025-03-10,2,15.32,30.64
1755,C0340,F,64,Montreal,Hoodie,Clothing,2025-01-14,1,45.68,45.68
1756,C0252,F,29,Montreal,Jacket,Clothing,2025-05-31,1,88.14,88.14
1757,C0099,F,55,Vancouver,T-Shirt,Clothing,2025-06-23,4,21.96,87.84
1758,C0495,M,49,Winnipeg,Smartwatch,Electronics,2025-10-19,1,172.22,172.22
1759,C1313,M,40,Edmonton,Mascara,Beauty,2025-07-15,1,18.9,18.9
1760,C0763,M,21,Ottawa,Camera,Electronics,2025-02-01,2,322.39,644.78
1761,C0600,F,29,Winnipeg,Mouse,Electronics,2025-03-14,1,24.81,24.81
1762,C1311,M,34,Ottawa,Jacket,Clothing,2025-07-13,1,84.33,84.33
1763,C0795,M,38,Montreal,Shampoo,Beauty,2025-02-19,1,11.53,11.53
1764,C1073,F,54,Edmonton,Mouse,Electronics,2025-02-26,1,26.37,26.37
1765,C0585,F,46,Ottawa,Shampoo,Beauty,2025-04-27,1,11.89,11.89
1766,C1218,F,23,Halifax,Headphones,Electronics,2025-07-11,3,75.35,226.05
1767,C0710,F,64,Winnipeg,Toaster,Home,2025-08-05,1,32.54,32.54
1768,C0415,F,45,Halifax,Mouse,Electronics,2025-04-21,2,25.04,50.08
1769,C0665,F,25,Ottawa,Camera,Electronics,2025-03-30,1,329.41,329.41
1770,C1040,F,48,Winnipeg,Smartwatch,Electronics,2025-06-06,1,160.54,160.54
1771,C0109,M,37,Ottawa,Smartwatch,Electronics,2025-03-10,2,172.46,344.92
1772,C1414,F,33,Toronto,Air Fryer,Home,2025-09-27,1,120.77,120.77
1773,C0087,F,30,Toronto,T-Shirt,Clothing,2025-08-13,1,18.46,18.46
1774,C0367,F,32,Winnipeg,Dress,Clothing,2025-01-05,1,55.56,55.56
1775,C0657,M,30,Toronto,Lamp,Home,2025-08-31,1,37.04,37.04
1776,C0009,F,64,Halifax,Smartwatch,Electronics,2025-04-28,1,165.8,165.8
1777,C1370,M,19,Edmonton,Air Fryer,Home,2025-06-21,2,107.2,214.4
1778,C1470,M,37,Edmonton,Keyboard,Electronics,2025-05-23,1,41.87,41.87
1779,C1293,F,45,Vancouver,Mascara,Beauty,2025-09-14,3,17.66,52.98
1780,C0903,F,35,Ottawa,Jeans,Clothing,2025-03-19,1,56.4,56.4
1781,C0530,F,24,Winnipeg,Perfume,Beauty,2025-02-26,1,47.43,47.43
1782,C1125,M,38,Toronto,Dress,Clothing,2025-01-20,1,60.58,60.58
1783,C1069,M,58,Halifax,Smartwatch,Electronics,2025-01-14,1,161.26,161.26
1784,C0408,M,56,Halifax,Air Fryer,Home,2025-07-25,1,100.94,100.94
1785,C1312,F,26,Toronto,Air Fryer,Home,2025-08-25,2,108.04,216.08
1786,C1031,M,61,Winnipeg,Hoodie,Clothing,2025-06-30,1,45.41,45.41
1787,C0276,M,27,Winnipeg,Blender,Home,2025-10-18,1,84.35,84.35
1788,C0749,F,48,Halifax,Lamp,Home,2025-07-08,4,43.21,172.84
1789,C0994,F,59,Calgary,Perfume,Beauty,2025-05-27,1,48.66,48.66
1790,C0890,M,30,Vancouver,Camera,Electronics,2025-02-11,1,340.6,340.6
1791,C0403,F,22,Toronto,Mascara,Beauty,2025-01-01,1,17.55,17.55
1792,C0366,M,57,Toronto,Lamp,Home,2025-04-14,1,41.74,41.74
1793,C0702,M,59,Toronto,Keyboard,Electronics,2025-09-12,1,39.16,39.16
1794,C1038,F,55,Halifax,Blender,Home,2025-07-28,1,80.45,80.45
1795,C0928,M,60,Calgary,Mascara,Beauty,2025-08-06,1,17.43,17.43
1796,C0868,F,53,Calgary,Serum,Beauty,2025-03-19,2,34.74,69.48
1797,C0689,F,19,Vancouver,Lamp,Home,2025-02-20,2,38.65,77.3
1798,C0602,M,23,Halifax,Mascara,Beauty,2025-10-15,2,17.86,35.72
1799,C0980,M,30,Ottawa,Serum,Beauty,2025-04-10,1,41.46,41.46
1800,C0735,F,46,Ottawa,Serum,Beauty,2025-07-31,1,36.58,36.58
1801,C1438,M,61,Halifax,Jeans,Clothing,2025-08-25,1,59.43,59.43
1802,C0136,F,31,Edmonton,Toaster,Home,2025-10-22,1,33.1,33.1
1803,C1359,M,47,Winnipeg,Charger,Electronics,2025-06-06,1,18.76,18.76
1804,C0882,M,42,Vancouver,Charger,Electronics,2025-10-25,1,20.08,20.08
1805,C0138,F,57,Edmonton,Keyboard,Electronics,2025-01-14,1,41.38,41.38
1806,C0420,M,52,Halifax,Blender,Home,2025-04-26,2,77.25,154.5
1807,C0024,M,54,Ottawa,Blender,Home,2025-05-19,1,80.26,80.26
1808,C1265,F,24,Montreal,Mascara,Beauty,2025-03-16,4,17.84,71.36
1809,C0513,M,55,Halifax,Perfume,Beauty,2025-10-30,2,43.48,86.96
1810,C1014,M,35,Edmonton,Shampoo,Beauty,2025-01-24,1,12.51,12.51
1811,C0330,M,25,Ottawa,Kettle,Home,2025-06-26,1,28.06,28.06
1812,C1495,F,24,Halifax,Blender,Home,2025-02-24,1,79.23,79.23
1813,C1382,F,51,Calgary,Mascara,Beauty,2025-08-01,2,19.42,38.84
1814,C0458,M,53,Calgary,Perfume,Beauty,2025-06-12,1,43.14,43.14
1815,C0417,F,58,Toronto,Perfume,Beauty,2025-10-27,1,47.08,47.08
1816,C0742,F,65,Calgary,Jeans,Clothing,2025-06-13,1,58.08,58.08
1817,C0077,F,27,Montreal,Camera,Electronics,2025-03-30,1,349.64,349.64
1818,C1086,F,57,Montreal,Vacuum,Home,2025-01-15,3,149.96,449.88
1819,C0684,F,46,Winnipeg,Lamp,Home,2025-10-28,1,40.93,40.93
1820,C0175,M,33,Montreal,Mouse,Electronics,2025-05-02,1,24.17,24.17
1821,C0447,F,42,Toronto,Mascara,Beauty,2025-06-27,1,18.64,18.64
1822,C0022,F,46,Ottawa,Lotion,Beauty,2025-09-26,3,19.85,59.55
1823,C1158,F,25,Halifax,Lamp,Home,2025-04-15,1,39.5,39.5
1824,C0937,M,37,Winnipeg,Air Fryer,Home,2025-06-08,2,117.82,235.64
1825,C0524,M,53,Toronto,Toaster,Home,2025-01-05,2,31.85,63.7
1826,C0969,M,44,Calgary,Keyboard,Electronics,2025-05-21,2,43.06,86.12
1827,C1477,F,30,Halifax,Lipstick,Beauty,2025-06-18,1,16.06,16.06
1828,C0899,F,43,Halifax,T-Shirt,Clothing,2025-01-17,1,20.03,20.03
1829,C0100,F,59,Montreal,Air Fryer,Home,2025-02-01,1,109.78,109.78
1830,C0842,F,42,Winnipeg,Keyboard,Electronics,2025-01-05,1,38.89,38.89
1831,C0776,F,45,Halifax,Sneakers,Clothing,2025-05-17,1,93.4,93.4
1832,C1225,F,26,Halifax,Kettle,Home,2025-04-17,1,25.82,25.82
1833,C0184,M,43,Toronto,Keyboard,Electronics,2025-06-11,1,40.72,40.72
1834,C1171,F,29,Edmonton,Air Fryer,Home,2025-09-14,2,114,228
1835,C0279,M,43,Halifax,Jacket,Clothing,2025-06-17,1,97.82,97.82
1836,C0299,M,64,Toronto,Lamp,Home,2025-10-15,1,42.24,42.24
1837,C0280,F,39,Winnipeg,Perfume,Beauty,2025-09-02,2,46.29,92.58
1838,C0387,F,18,Montreal,Keyboard,Electronics,2025-04-23,1,36.93,36.93
1839,C0225,F,29,Halifax,Hoodie,Clothing,2025-06-27,2,43.86,87.72
1840,C0398,M,41,Vancouver,Lotion,Beauty,2025-07-09,1,18.56,18.56
1841,C1441,M,47,Montreal,Camera,Electronics,2025-01-11,4,344.4,1377.6
1842,C0855,M,31,Vancouver,Charger,Electronics,2025-01-23,2,21,42
1843,C0155,F,40,Montreal,Headphones,Electronics,2025-04-29,1,73.61,73.61
1844,C0652,M,19,Ottawa,Vacuum,Home,2025-10-09,2,154.57,309.14
1845,C1070,F,20,Vancouver,Jacket,Clothing,2025-03-10,1,90.13,90.13
1846,C1135,M,23,Vancouver,Serum,Beauty,2025-05-14,1,35.34,35.34
1847,C0711,F,36,Edmonton,Lotion,Beauty,2025-09-10,2,19.32,38.64
1848,C0228,F,38,Toronto,Mascara,Beauty,2025-02-20,2,16.69,33.38
1849,C0302,M,62,Vancouver,Sneakers,Clothing,2025-02-12,1,88.82,88.82
1850,C1106,M,37,Calgary,Lamp,Home,2025-05-21,1,37.28,37.28
1851,C1168,F,38,Toronto,Keyboard,Electronics,2025-01-25,2,41.62,83.24
1852,C0570,F,57,Winnipeg,Sneakers,Clothing,2025-09-27,1,88.27,88.27
1853,C0142,F,21,Toronto,Sneakers,Clothing,2025-04-14,2,84.31,168.62
1854,C1365,F,42,Edmonton,Jacket,Clothing,2025-10-22,2,83.43,166.86
1855,C0427,F,24,Winnipeg,Hoodie,Clothing,2025-06-02,1,43.33,43.33
1856,C0475,F,24,Winnipeg,Shampoo,Beauty,2025-10-31,1,11.57,11.57
1857,C0537,F,50,Ottawa,Lamp,Home,2025-06-10,1,41.6,41.6
1858,C1167,M,43,Toronto,Camera,Electronics,2025-10-10,3,295.28,885.84
1859,C1438,F,34,Halifax,T-Shirt,Clothing,2025-02-14,2,21.32,42.64
1860,C1068,M,25,Winnipeg,Kettle,Home,2025-10-14,1,29.46,29.46
1861,C0905,M,43,Winnipeg,Blender,Home,2025-06-15,1,79.67,79.67
1862,C0860,M,32,Toronto,Air Fryer,Home,2025-07-26,2,114.82,229.64
1863,C0241,F,37,Calgary,Lipstick,Beauty,2025-04-18,1,15.51,15.51
1864,C1106,F,36,Toronto,Camera,Electronics,2025-03-06,2,335.88,671.76
1865,C0395,M,24,Vancouver,Sneakers,Clothing,2025-09-24,1,79.71,79.71
1866,C1090,M,62,Halifax,T-Shirt,Clothing,2025-07-04,2,18.63,37.26
1867,C0278,M,18,Edmonton,Lipstick,Beauty,2025-08-12,2,14.21,28.42
1868,C0599,M,56,Winnipeg,Lotion,Beauty,2025-06-02,1,19.46,19.46
1869,C0925,F,54,Edmonton,Lipstick,Beauty,2025-10-16,2,15.88,31.76
1870,C0858,F,35,Ottawa,Air Fryer,Home,2025-10-12,1,115.23,115.23
1871,C0553,M,25,Halifax,Hoodie,Clothing,2025-07-05,1,48.83,48.83
1872,C0891,F,32,Halifax,Lotion,Beauty,2025-08-14,1,18.23,18.23
1873,C1373,M,23,Edmonton,Headphones,Electronics,2025-07-19,2,63.16,126.32
1874,C0738,F,54,Edmonton,Jacket,Clothing,2025-01-11,3,93.58,280.74
1875,C0048,M,39,Calgary,Vacuum,Home,2025-10-04,2,143.38,286.76
1876,C0283,M,28,Edmonton,Keyboard,Electronics,2025-01-03,2,38.67,77.34
1877,C1374,M,43,Montreal,Camera,Electronics,2025-10-05,1,323,323
1878,C0741,M,25,Montreal,Smartwatch,Electronics,2025-03-03,1,147.28,147.28
1879,C1433,M,26,Halifax,Smartwatch,Electronics,2025-01-05,1,164.57,164.57
1880,C0945,F,30,Montreal,Keyboard,Electronics,2025-01-09,3,38.6,115.8
1881,C1336,F,20,Calgary,Air Fryer,Home,2025-02-27,4,112.92,451.68
1882,C1415,M,20,Montreal,Hoodie,Clothing,2025-10-07,1,48.01,48.01
1883,C0582,M,24,Vancouver,Air Fryer,Home,2025-08-26,2,102.76,205.52
1884,C0985,F,20,Montreal,Lamp,Home,2025-05-07,1,43.45,43.45
1885,C0880,F,28,Montreal,Shampoo,Beauty,2025-10-31,1,12.07,12.07
1886,C0233,M,63,Ottawa,Charger,Electronics,2025-08-25,1,21.69,21.69
1887,C1114,M,45,Montreal,Perfume,Beauty,2025-08-07,2,42.37,84.74
1888,C0745,M,59,Winnipeg,Serum,Beauty,2025-06-27,1,38.79,38.79
1889,C0785,F,48,Montreal,Kettle,Home,2025-05-29,3,27.46,82.38
1890,C0765,M,26,Toronto,Sneakers,Clothing,2025-02-07,1,89.66,89.66
1891,C0711,F,44,Vancouver,Mascara,Beauty,2025-04-28,1,18.38,18.38
1892,C0006,F,29,Winnipeg,Keyboard,Electronics,2025-04-07,1,39.96,39.96
1893,C1034,F,25,Halifax,Dress,Clothing,2025-01-17,2,64.96,129.92
1894,C1361,M,61,Calgary,Lotion,Beauty,2025-10-06,1,19.51,19.51
1895,C0643,F,58,Halifax,Camera,Electronics,2025-06-03,2,302.08,604.16
1896,C1339,M,39,Ottawa,Toaster,Home,2025-04-04,1,35.76,35.76
1897,C0112,M,35,Calgary,Lamp,Home,2025-06-24,1,40.99,40.99
1898,C0080,F,47,Montreal,Perfume,Beauty,2025-10-29,2,44.45,88.9
1899,C0453,M,28,Toronto,Keyboard,Electronics,2025-01-29,1,39.89,39.89
1900,C0048,M,19,Montreal,Lamp,Home,2025-02-03,2,43.68,87.36
1901,C0091,M,46,Montreal,Smartwatch,Electronics,2025-01-10,1,167.45,167.45
1902,C0696,M,43,Halifax,Shampoo,Beauty,2025-10-03,2,11.07,22.14
1903,C0076,M,31,Halifax,Air Fryer,Home,2025-10-17,2,103.67,207.34
1904,C1109,M,45,Edmonton,Perfume,Beauty,2025-04-11,3,49.28,147.84
1905,C0263,F,52,Edmonton,Toaster,Home,2025-05-21,1,36.59,36.59
1906,C0401,F,23,Ottawa,Serum,Beauty,2025-03-28,2,41.15,82.3
1907,C1258,M,53,Halifax,Jeans,Clothing,2025-10-28,1,52.84,52.84
1908,C1001,M,29,Ottawa,Mouse,Electronics,2025-05-08,1,26.21,26.21
1909,C0216,M,51,Calgary,Smartwatch,Electronics,2025-07-25,1,166.85,166.85
1910,C1369,M,23,Winnipeg,Shampoo,Beauty,2025-03-30,1,11.51,11.51
1911,C1198,M,54,Halifax,Keyboard,Electronics,2025-03-23,2,40.41,80.82
1912,C0037,M,54,Montreal,Hoodie,Clothing,2025-07-31,2,46.15,92.3
1913,C0903,F,25,Halifax,Sneakers,Clothing,2025-04-29,1,84.68,84.68
1914,C0887,M,54,Edmonton,Charger,Electronics,2025-05-16,2,21.31,42.62
1915,C0320,F,57,Calgary,Mouse,Electronics,2025-09-18,1,26.66,26.66
1916,C1337,F,50,Montreal,Air Fryer,Home,2025-10-03,2,117.71,235.42
1917,C0469,F,58,Ottawa,Jacket,Clothing,2025-07-27,3,95.46,286.38
1918,C0045,M,63,Toronto,Mouse,Electronics,2025-08-31,2,24.94,49.88
1919,C1097,M,48,Edmonton,Charger,Electronics,2025-04-10,1,19.53,19.53
1920,C1389,M,51,Edmonton,Headphones,Electronics,2025-04-25,2,74.64,149.28
1921,C0878,F,28,Winnipeg,Blender,Home,2025-01-16,1,84.83,84.83
1922,C0904,M,53,Calgary,Lipstick,Beauty,2025-01-04,2,14.24,28.48
1923,C1133,F,21,Calgary,Blender,Home,2025-09-23,1,85.12,85.12
1924,C0347,M,34,Vancouver,Camera,Electronics,2025-02-17,2,297.08,594.16
1925,C0855,F,33,Edmonton,Blender,Home,2025-08-11,1,88.26,88.26
1926,C1162,M,47,Vancouver,Perfume,Beauty,2025-07-23,1,43.52,43.52
1927,C1206,F,56,Toronto,Smartwatch,Electronics,2025-01-20,1,152.34,152.34
1928,C0962,M,61,Edmonton,Camera,Electronics,2025-10-15,2,349.22,698.44
1929,C0812,F,22,Halifax,Vacuum,Home,2025-07-13,2,158.31,316.62
1930,C1328,F,57,Vancouver,Perfume,Beauty,2025-01-11,3,47.58,142.74
1931,C0327,F,54,Halifax,Mouse,Electronics,2025-01-20,2,25.62,51.24
1932,C0514,M,60,Toronto,Keyboard,Electronics,2025-10-06,1,42.71,42.71
1933,C0080,F,43,Montreal,Camera,Electronics,2025-02-04,2,336.59,673.18
1934,C1142,F,45,Vancouver,Vacuum,Home,2025-09-23,1,152.96,152.96
1935,C0262,F,36,Vancouver,Blender,Home,2025-08-20,2,92.84,185.68
1936,C1104,F,38,Calgary,Jeans,Clothing,2025-02-07,3,51.61,154.83
1937,C0601,M,45,Toronto,Lipstick,Beauty,2025-03-24,1,16.33,16.33
1938,C0557,M,36,Calgary,Dress,Clothing,2025-02-01,2,58.82,117.64
1939,C0266,M,53,Vancouver,Camera,Electronics,2025-02-23,2,321.82,643.64
1940,C1019,F,28,Winnipeg,Mascara,Beauty,2025-08-13,1,16.64,16.64
1941,C0756,F,36,Edmonton,Mascara,Beauty,2025-04-17,1,18.14,18.14
1942,C0393,F,22,Winnipeg,Mouse,Electronics,2025-01-25,1,25.56,25.56
1943,C1312,F,19,Montreal,Kettle,Home,2025-02-14,4,30.79,123.16
1944,C0002,F,42,Winnipeg,Blender,Home,2025-04-28,1,93.08,93.08
1945,C0496,F,43,Halifax,Toaster,Home,2025-10-21,1,38.26,38.26
1946,C0738,M,47,Ottawa,Keyboard,Electronics,2025-05-05,1,38.79,38.79
1947,C1373,F,34,Halifax,Headphones,Electronics,2025-02-05,1,76.88,76.88
1948,C0746,F,38,Toronto,Serum,Beauty,2025-06-16,2,37.66,75.32
1949,C0633,M,37,Toronto,Charger,Electronics,2025-09-26,1,21.41,21.41
1950,C0980,F,35,Montreal,Keyboard,Electronics,2025-07-13,4,37.73,150.92
1951,C0535,M,64,Montreal,Lipstick,Beauty,2025-05-04,1,15.02,15.02
1952,C0421,F,33,Toronto,Perfume,Beauty,2025-09-28,1,49.19,49.19
1953,C0526,F,45,Toronto,Headphones,Electronics,2025-02-27,1,76.26,76.26
1954,C0471,M,29,Montreal,Toaster,Home,2025-02-28,4,36.29,145.16
1955,C0757,M,57,Edmonton,Sneakers,Clothing,2025-08-05,1,90.06,90.06
1956,C0291,M,23,Montreal,Sneakers,Clothing,2025-03-10,1,79.5,79.5
1957,C1316,F,41,Winnipeg,Blender,Home,2025-09-01,1,88.77,88.77
1958,C0633,M,60,Montreal,Headphones,Electronics,2025-04-13,1,71.65,71.65
1959,C1120,M,23,Winnipeg,Toaster,Home,2025-01-05,2,32.14,64.28
1960,C1001,F,34,Vancouver,Toaster,Home,2025-10-26,2,32.29,64.58
1961,C0493,F,59,Edmonton,Lotion,Beauty,2025-09-21,1,18.43,18.43
1962,C1439,M,36,Toronto,Keyboard,Electronics,2025-08-29,1,41.79,41.79
1963,C0868,M,64,Toronto,Jacket,Clothing,2025-08-10,2,83.55,167.1
1964,C0857,F,65,Montreal,Headphones,Electronics,2025-08-17,1,69.55,69.55
1965,C0462,F,45,Calgary,Camera,Electronics,2025-02-01,1,310.85,310.85
1966,C0496,F,46,Halifax,Camera,Electronics,2025-01-24,1,323.23,323.23
1967,C0026,M,24,Ottawa,Shampoo,Beauty,2025-07-06,1,12.5,12.5
1968,C0766,F,36,Toronto,Camera,Electronics,2025-05-08,1,331.82,331.82
1969,C0979,M,25,Winnipeg,Keyboard,Electronics,2025-04-22,1,40.12,40.12
1970,C0030,M,25,Winnipeg,Lipstick,Beauty,2025-10-21,1,14.89,14.89
1971,C1402,F,22,Vancouver,Shampoo,Beauty,2025-05-29,1,11.75,11.75
1972,C1383,F,60,Ottawa,Sneakers,Clothing,2025-05-31,2,91.15,182.3
1973,C0396,M,51,Winnipeg,Serum,Beauty,2025-06-23,5,36.71,183.55
1974,C1133,F,38,Calgary,Charger,Electronics,2025-07-16,4,19.04,76.16
1975,C0850,M,21,Edmonton,Headphones,Electronics,2025-09-12,2,73.41,146.82
1976,C1282,F,61,Winnipeg,T-Shirt,Clothing,2025-06-17,1,19.44,19.44
1977,C0334,M,53,Vancouver,Serum,Beauty,2025-03-23,1,40.64,40.64
1978,C1428,F,22,Montreal,Mouse,Electronics,2025-03-11,2,24.14,48.28
1979,C1466,F,40,Calgary,Jeans,Clothing,2025-01-13,1,57.22,57.22
1980,C1255,M,36,Montreal,Jeans,Clothing,2025-04-29,1,50,50
1981,C0148,M,59,Vancouver,Lotion,Beauty,2025-07-31,1,19.54,19.54
1982,C0572,F,63,Vancouver,Jeans,Clothing,2025-04-12,1,53.28,53.28
1983,C0802,M,32,Montreal,Keyboard,Electronics,2025-10-04,2,42.53,85.06
1984,C1189,F,31,Ottawa,Keyboard,Electronics,2025-07-15,2,43.74,87.48
1985,C0195,F,65,Halifax,Perfume,Beauty,2025-03-18,2,44.65,89.3
1986,C0483,M,25,Toronto,Perfume,Beauty,2025-07-24,2,47.92,95.84
1987,C0127,F,26,Toronto,Vacuum,Home,2025-08-17,1,155.99,155.99
1988,C0225,M,57,Edmonton,Camera,Electronics,2025-07-08,2,349.91,699.82
1989,C0787,M,28,Vancouver,Smartwatch,Electronics,2025-04-09,1,169.96,169.96
1990,C1247,F,61,Halifax,Kettle,Home,2025-08-06,2,25.63,51.26
1991,C0564,M,63,Calgary,Vacuum,Home,2025-07-13,1,156.4,156.4
1992,C0556,F,35,Winnipeg,Lotion,Beauty,2025-02-12,2,20.14,40.28
1993,C0155,M,49,Winnipeg,Blender,Home,2025-05-04,4,76.78,307.12
1994,C0038,F,61,Montreal,Lotion,Beauty,2025-01-20,1,19.01,19.01
1995,C0604,M,53,Halifax,Kettle,Home,2025-06-17,1,30.36,30.36
1996,C0980,F,62,Calgary,Vacuum,Home,2025-02-15,1,162.78,162.78
1997,C1446,F,38,Montreal,Hoodie,Clothing,2025-08-11,1,47.69,47.69
1998,C0013,F,44,Calgary,Lipstick,Beauty,2025-03-20,1,16.45,16.45
1999,C0349,F,65,Edmonton,Mascara,Beauty,2025-06-19,2,19.1,38.2
2000,C0405,F,59,Winnipeg,Charger,Electronics,2025-09-03,1,18.04,18.04
2001,C0810,F,38,Montreal,Shampoo,Beauty,2025-09-28,1,11.49,11.49
2002,C0225,M,28,Vancouver,Mascara,Beauty,2025-04-09,2,16.31,32.62
2003,C0864,F,61,Ottawa,T-Shirt,Clothing,2025-05-21,1,18.38,18.38
2004,C0304,M,51,Winnipeg,Perfume,Beauty,2025-04-19,1,42.47,42.47
2005,C1070,F,22,Toronto,Lipstick,Beauty,2025-05-17,2,15.01,30.02
2006,C0220,F,45,Calgary,Vacuum,Home,2025-05-01,2,160.43,320.86
2007,C0078,M,27,Edmonton,Keyboard,Electronics,2025-04-09,1,42.9,42.9
2008,C0825,M,65,Toronto,Kettle,Home,2025-03-07,1,28.65,28.65
2009,C0278,M,29,Calgary,Serum,Beauty,2025-05-24,1,41.25,41.25
2010,C0529,M,58,Vancouver,Smartwatch,Electronics,2025-04-20,1,160,160
2011,C1121,F,20,Halifax,Lotion,Beauty,2025-05-10,1,21.56,21.56
2012,C0481,F,18,Edmonton,Shampoo,Beauty,2025-09-14,2,11.89,23.78
2013,C1126,M,54,Halifax,Jeans,Clothing,2025-07-29,2,52.55,105.1
2014,C0794,F,57,Vancouver,Perfume,Beauty,2025-09-03,1,48.75,48.75
2015,C0679,F,18,Calgary,Mouse,Electronics,2025-06-03,1,24.44,24.44
2016,C1095,M,30,Calgary,Smartwatch,Electronics,2025-05-13,1,160.11,160.11
2017,C0729,M,55,Calgary,Keyboard,Electronics,2025-01-21,1,38.63,38.63
2018,C0752,F,32,Edmonton,Hoodie,Clothing,2025-02-04,2,46.47,92.94
2019,C1182,M,24,Halifax,Lotion,Beauty,2025-08-12,3,21.98,65.94
2020,C0553,M,47,Halifax,Kettle,Home,2025-05-04,1,25.34,25.34
2021,C0050,M,41,Vancouver,Hoodie,Clothing,2025-08-28,1,48.6,48.6
2022,C0935,M,25,Ottawa,Headphones,Electronics,2025-10-27,2,63.05,126.1
2023,C0402,F,20,Ottawa,Hoodie,Clothing,2025-01-04,1,43.78,43.78
2024,C0756,F,32,Calgary,Lipstick,Beauty,2025-05-03,1,14.01,14.01
2025,C0896,M,53,Montreal,Charger,Electronics,2025-02-11,1,21.03,21.03
2026,C0066,F,58,Ottawa,Lipstick,Beauty,2025-06-18,1,13.65,13.65
2027,C1259,M,60,Halifax,Toaster,Home,2025-10-07,1,35.37,35.37
2028,C0626,M,31,Vancouver,Jeans,Clothing,2025-08-13,5,52.74,263.7
2029,C0939,F,44,Vancouver,Shampoo,Beauty,2025-07-04,1,11.12,11.12
2030,C0269,F,47,Halifax,Toaster,Home,2025-01-11,1,36.9,36.9
2031,C1281,M,58,Edmonton,Perfume,Beauty,2025-06-22,2,42.46,84.92
2032,C0416,M,61,Vancouver,Charger,Electronics,2025-04-06,1,18.89,18.89
2033,C1113,M,54,Winnipeg,Mouse,Electronics,2025-10-05,1,23.88,23.88
2034,C0522,F,23,Toronto,Dress,Clothing,2025-05-19,1,61.04,61.04
2035,C0499,F,36,Toronto,Vacuum,Home,2025-06-15,1,154.79,154.79
2036,C1407,F,54,Winnipeg,Smartwatch,Electronics,2025-07-06,2,144.56,289.12
2037,C0401,M,18,Vancouver,Lipstick,Beauty,2025-03-27,1,14.23,14.23
2038,C1258,F,42,Halifax,Shampoo,Beauty,2025-08-19,3,11.83,35.49
2039,C0566,M,27,Ottawa,Shampoo,Beauty,2025-05-18,2,11.6,23.2
2040,C0839,M,63,Toronto,Lotion,Beauty,2025-01-19,1,21.54,21.54
2041,C0306,F,43,Montreal,Sneakers,Clothing,2025-06-05,1,89.89,89.89
2042,C1083,M,40,Calgary,Smartwatch,Electronics,2025-04-05,1,164.03,164.03
2043,C0932,F,34,Toronto,Smartwatch,Electronics,2025-01-17,1,154.82,154.82
2044,C0262,F,47,Toronto,Perfume,Beauty,2025-10-07,1,46.81,46.81
2045,C0450,M,44,Ottawa,Dress,Clothing,2025-09-18,1,64.12,64.12
2046,C0877,M,28,Ottawa,Toaster,Home,2025-06-09,3,35.66,106.98
2047,C0032,F,21,Montreal,Perfume,Beauty,2025-03-22,1,47.56,47.56
2048,C0821,M,35,Edmonton,Kettle,Home,2025-07-04,1,29.39,29.39
2049,C0069,F,36,Montreal,Headphones,Electronics,2025-08-01,1,71,71
2050,C0083,F,53,Edmonton,Perfume,Beauty,2025-06-16,1,43.31,43.31
2051,C0770,M,61,Montreal,Mouse,Electronics,2025-07-25,2,26.23,52.46
2052,C0811,F,63,Winnipeg,Camera,Electronics,2025-09-18,2,301.23,602.46
2053,C0471,M,43,Montreal,Lotion,Beauty,2025-10-01,1,21.12,21.12
2054,C1028,M,18,Winnipeg,Jeans,Clothing,2025-08-24,3,58.35,175.05
2055,C0587,M,37,Halifax,Sneakers,Clothing,2025-08-31,2,90.48,180.96
2056,C1198,F,28,Halifax,Blender,Home,2025-08-08,2,84.54,169.08
2057,C1129,F,42,Toronto,Charger,Electronics,2025-03-11,2,18.77,37.54
2058,C0148,F,36,Montreal,Smartwatch,Electronics,2025-08-01,2,147.19,294.38
2059,C0122,M,49,Edmonton,Blender,Home,2025-10-14,1,89.14,89.14
2060,C1038,F,18,Montreal,Smartwatch,Electronics,2025-08-14,1,172.36,172.36
2061,C0507,M,18,Vancouver,Shampoo,Beauty,2025-09-26,1,12.36,12.36
2062,C0689,M,20,Toronto,Mouse,Electronics,2025-10-06,1,23.22,23.22
2063,C1411,F,63,Toronto,Jacket,Clothing,2025-09-06,3,97.83,293.49
2064,C0533,F,57,Toronto,Charger,Electronics,2025-07-15,1,21.96,21.96
2065,C0317,F,49,Calgary,Serum,Beauty,2025-01-30,3,37.49,112.47
2066,C0149,M,64,Montreal,Toaster,Home,2025-10-30,1,35.66,35.66
2067,C0505,M,53,Edmonton,Mascara,Beauty,2025-05-11,2,19,38
2068,C0778,F,60,Montreal,Mascara,Beauty,2025-01-12,2,18.85,37.7
2069,C0495,F,25,Montreal,Shampoo,Beauty,2025-01-16,2,13.12,26.24
2070,C0915,F,47,Ottawa,Camera,Electronics,2025-04-27,2,295.35,590.7
2071,C1461,F,56,Ottawa,Vacuum,Home,2025-05-29,1,152.42,152.42
2072,C0433,F,51,Ottawa,Mouse,Electronics,2025-04-19,1,25.96,25.96
2073,C0592,F,25,Calgary,Lotion,Beauty,2025-08-24,4,21.56,86.24
2074,C0264,M,42,Montreal,Dress,Clothing,2025-01-05,1,64.49,64.49
2075,C0697,M,43,Toronto,Sneakers,Clothing,2025-06-29,1,93.13,93.13
2076,C1125,M,44,Toronto,Sneakers,Clothing,2025-01-01,1,85.21,85.21
2077,C0601,M,36,Vancouver,Lipstick,Beauty,2025-01-08,1,15.99,15.99
2078,C1432,F,40,Edmonton,Mouse,Electronics,2025-05-24,2,24.64,49.28
2079,C1106,F,58,Halifax,T-Shirt,Clothing,2025-05-23,2,19.69,39.38
2080,C0405,M,33,Ottawa,Lamp,Home,2025-10-02,3,38.03,114.09
2081,C1148,M,25,Calgary,Lotion,Beauty,2025-06-02,1,21.27,21.27
2082,C0264,F,47,Vancouver,Serum,Beauty,2025-10-14,1,41.69,41.69
2083,C0659,M,25,Calgary,Charger,Electronics,2025-05-10,3,19.03,57.09
2084,C1265,M,28,Toronto,Jeans,Clothing,2025-05-01,5,50.12,250.6
2085,C0798,M,24,Edmonton,Charger,Electronics,2025-02-28,4,21.26,85.04
2086,C1115,M,38,Halifax,Camera,Electronics,2025-08-05,2,327.69,655.38
2087,C0228,F,51,Montreal,Lipstick,Beauty,2025-01-31,1,16.38,16.38
2088,C0996,M,38,Toronto,Blender,Home,2025-09-01,1,80.79,80.79
2089,C1178,M,22,Toronto,Dress,Clothing,2025-05-20,2,54.85,109.7
2090,C0916,M,60,Ottawa,Mouse,Electronics,2025-08-01,2,24.96,49.92
2091,C0372,F,34,Winnipeg,Lamp,Home,2025-01-29,2,36.68,73.36
2092,C0361,M,38,Toronto,Jeans,Clothing,2025-06-13,1,52.38,52.38
2093,C0763,M,23,Calgary,Serum,Beauty,2025-04-14,2,35.16,70.32
2094,C0334,M,62,Montreal,Camera,Electronics,2025-03-04,1,302.34,302.34
2095,C0215,F,24,Winnipeg,Camera,Electronics,2025-01-15,1,294.79,294.79
2096,C0178,M,28,Ottawa,Blender,Home,2025-10-13,1,92.72,92.72
2097,C1470,F,35,Vancouver,Headphones,Electronics,2025-06-28,3,66.9,200.7
2098,C1194,M,55,Toronto,Blender,Home,2025-01-11,1,84.05,84.05
2099,C1180,F,29,Ottawa,Air Fryer,Home,2025-01-13,1,118.77,118.77
2100,C1055,M,39,Winnipeg,Keyboard,Electronics,2025-08-03,1,41.42,41.42
2101,C0858,F,20,Halifax,T-Shirt,Clothing,2025-08-14,2,20.47,40.94
2102,C0640,M,36,Ottawa,Keyboard,Electronics,2025-03-04,1,41.64,41.64
2103,C0367,M,60,Ottawa,Lotion,Beauty,2025-09-12,3,21.32,63.96
2104,C0228,M,40,Calgary,Toaster,Home,2025-05-10,1,37.64,37.64
2105,C0116,F,51,Winnipeg,Vacuum,Home,2025-09-20,1,154.28,154.28
2106,C0459,M,20,Winnipeg,Charger,Electronics,2025-06-20,2,21.56,43.12
2107,C1325,M,40,Vancouver,Jacket,Clothing,2025-07-09,1,90.64,90.64
2108,C0322,M,22,Ottawa,Sneakers,Clothing,2025-10-11,1,81.21,81.21
2109,C0872,F,46,Calgary,Perfume,Beauty,2025-01-25,1,48.42,48.42
2110,C1220,M,51,Vancouver,T-Shirt,Clothing,2025-06-09,2,20.17,40.34
2111,C1440,F,61,Montreal,Shampoo,Beauty,2025-08-05,1,12.97,12.97
2112,C0425,M,22,Winnipeg,Lotion,Beauty,2025-06-25,1,18.16,18.16
2113,C0183,F,46,Halifax,Serum,Beauty,2025-08-09,2,37.22,74.44
2114,C0517,F,62,Calgary,Hoodie,Clothing,2025-10-07,1,49.03,49.03
2115,C1015,F,41,Ottawa,Toaster,Home,2025-03-22,1,33.25,33.25
2116,C1343,F,56,Toronto,Mascara,Beauty,2025-05-05,1,19.59,19.59
2117,C1284,M,38,Calgary,Headphones,Electronics,2025-06-19,2,76.35,152.7
2118,C0371,M,49,Montreal,Air Fryer,Home,2025-03-11,1,118.41,118.41
2119,C0297,F,60,Vancouver,Serum,Beauty,2025-03-19,2,38.48,76.96
2120,C0995,M,22,Halifax,Jacket,Clothing,2025-03-31,2,92.64,185.28
2121,C1378,M,35,Montreal,Dress,Clothing,2025-04-21,1,64.44,64.44
2122,C1079,F,55,Vancouver,Charger,Electronics,2025-06-13,3,21.1,63.3
2123,C0301,F,52,Calgary,Sneakers,Clothing,2025-05-08,1,87.21,87.21
2124,C0668,F,55,Vancouver,Camera,Electronics,2025-06-04,1,350.86,350.86
2125,C1339,F,33,Ottawa,Dress,Clothing,2025-07-13,2,62.23,124.46
2126,C0256,F,52,Edmonton,Vacuum,Home,2025-06-22,1,164.26,164.26
2127,C1205,F,41,Calgary,Vacuum,Home,2025-10-27,1,136.72,136.72
2128,C0680,F,53,Halifax,Lipstick,Beauty,2025-01-21,1,13.92,13.92
2129,C0381,F,22,Halifax,Sneakers,Clothing,2025-04-19,1,84.17,84.17
2130,C1332,F,26,Toronto,Mouse,Electronics,2025-05-09,1,24.42,24.42
2131,C0523,F,21,Montreal,Lipstick,Beauty,2025-10-07,2,15.85,31.7
2132,C1004,F,50,Halifax,Lipstick,Beauty,2025-01-27,2,13.98,27.96
2133,C1376,F,44,Halifax,Headphones,Electronics,2025-04-02,1,76.67,76.67
2134,C0690,F,39,Montreal,Camera,Electronics,2025-10-22,1,308.16,308.16
2135,C0123,M,28,Calgary,Toaster,Home,2025-02-24,1,34.5,34.5
2136,C0479,M,22,Toronto,Dress,Clothing,2025-07-15,1,57.3,57.3
2137,C0560,F,27,Calgary,Shampoo,Beauty,2025-08-09,1,12.19,12.19
2138,C0468,F,20,Ottawa,Air Fryer,Home,2025-10-28,1,100.29,100.29
2139,C0182,F,32,Edmonton,Lotion,Beauty,2025-06-05,1,18.6,18.6
2140,C0390,M,63,Edmonton,Hoodie,Clothing,2025-04-11,1,47.21,47.21
2141,C1330,F,54,Ottawa,Jacket,Clothing,2025-08-24,2,84.36,168.72
2142,C0753,F,57,Winnipeg,Charger,Electronics,2025-10-12,1,18.94,18.94
2143,C0256,M,34,Toronto,Toaster,Home,2025-03-10,3,37.05,111.15
2144,C1362,F,37,Calgary,Keyboard,Electronics,2025-09-24,2,36.75,73.5
2145,C0213,F,21,Winnipeg,Headphones,Electronics,2025-05-18,4,69.12,276.48
2146,C0899,M,51,Toronto,Hoodie,Clothing,2025-09-05,3,40.71,122.13
2147,C1321,M,51,Halifax,Keyboard,Electronics,2025-04-13,2,38.77,77.54
2148,C0220,M,48,Halifax,Charger,Electronics,2025-04-18,1,20.8,20.8
2149,C0540,M,51,Toronto,Headphones,Electronics,2025-07-19,1,64.26,64.26
2150,C0423,F,20,Winnipeg,Jacket,Clothing,2025-08-03,2,96.99,193.98
2151,C0728,F,45,Winnipeg,Charger,Electronics,2025-06-04,2,21.64,43.28
2152,C0199,F,58,Ottawa,Perfume,Beauty,2025-03-28,1,41.44,41.44
2153,C1215,M,54,Ottawa,Air Fryer,Home,2025-07-28,2,120.8,241.6
2154,C0129,M,46,Toronto,Jeans,Clothing,2025-06-27,1,52.77,52.77
2155,C0161,F,32,Halifax,Lipstick,Beauty,2025-03-15,1,13.75,13.75
2156,C1057,F,53,Toronto,Mascara,Beauty,2025-09-15,1,16.22,16.22
2157,C0011,F,52,Vancouver,Serum,Beauty,2025-09-30,2,37.3,74.6
2158,C0507,F,58,Ottawa,Camera,Electronics,2025-01-24,3,328.31,984.93
2159,C1468,M,27,Toronto,Smartwatch,Electronics,2025-03-12,2,154.63,309.26
2160,C1239,M,34,Vancouver,Vacuum,Home,2025-03-24,2,160.1,320.2
2161,C0190,M,47,Winnipeg,Vacuum,Home,2025-10-19,1,156.5,156.5
2162,C1425,M,25,Edmonton,Lamp,Home,2025-10-28,3,38.8,116.4
2163,C0842,M,40,Edmonton,Smartwatch,Electronics,2025-01-10,1,167.5,167.5
2164,C0245,F,36,Edmonton,Jeans,Clothing,2025-02-12,3,59.85,179.55
2165,C0393,M,54,Toronto,Charger,Electronics,2025-02-20,1,18.37,18.37
2166,C1107,F,60,Winnipeg,T-Shirt,Clothing,2025-07-26,1,19.22,19.22
2167,C1138,F,53,Vancouver,Vacuum,Home,2025-04-17,2,148.9,297.8
2168,C0776,F,21,Toronto,Serum,Beauty,2025-09-16,2,37.98,75.96
2169,C0955,M,43,Edmonton,Blender,Home,2025-07-13,1,85.72,85.72
2170,C1093,F,64,Halifax,Headphones,Electronics,2025-08-23,2,67.21,134.42
2171,C1358,M,57,Edmonton,Vacuum,Home,2025-06-12,1,155.02,155.02
2172,C0813,M,44,Edmonton,Perfume,Beauty,2025-03-10,1,46.31,46.31
2173,C1185,F,30,Calgary,Lipstick,Beauty,2025-10-19,2,15.23,30.46
2174,C0107,M,61,Winnipeg,Sneakers,Clothing,2025-09-14,1,78.43,78.43
2175,C1004,F,51,Ottawa,Mascara,Beauty,2025-07-04,2,17.92,35.84
2176,C1471,F,50,Winnipeg,Jeans,Clothing,2025-09-12,1,53.42,53.42
2177,C1164,F,63,Edmonton,Shampoo,Beauty,2025-04-26,1,11.98,11.98
2178,C0835,F,43,Toronto,Kettle,Home,2025-01-14,1,30.36,30.36
2179,C0360,F,37,Montreal,Toaster,Home,2025-08-03,1,34.86,34.86
2180,C0925,M,25,Edmonton,Smartwatch,Electronics,2025-04-03,1,144.45,144.45
2181,C0150,M,33,Winnipeg,Keyboard,Electronics,2025-08-22,2,39.51,79.02
2182,C0930,F,22,Montreal,Serum,Beauty,2025-06-29,4,40.44,161.76
2183,C0099,M,51,Vancouver,Mascara,Beauty,2025-02-23,2,19.01,38.02
2184,C1191,F,64,Ottawa,Headphones,Electronics,2025-01-30,2,70.19,140.38
2185,C0656,F,44,Vancouver,Vacuum,Home,2025-01-12,1,142.49,142.49
2186,C0812,M,53,Ottawa,Sneakers,Clothing,2025-04-21,1,84.41,84.41
2187,C0463,F,21,Montreal,Jeans,Clothing,2025-04-22,1,55.7,55.7
2188,C0890,F,59,Edmonton,Vacuum,Home,2025-06-18,1,165,165
2189,C0599,F,24,Montreal,Air Fryer,Home,2025-04-14,2,113.17,226.34
2190,C1108,F,54,Edmonton,Blender,Home,2025-01-11,1,88.3,88.3
2191,C0302,F,53,Vancouver,Serum,Beauty,2025-09-29,1,37.94,37.94
2192,C1264,M,41,Halifax,Hoodie,Clothing,2025-01-14,1,43.69,43.69
2193,C1241,M,32,Edmonton,Air Fryer,Home,2025-06-24,1,116.88,116.88
2194,C0751,M,23,Edmonton,Smartwatch,Electronics,2025-06-07,1,159.84,159.84
2195,C0181,M,43,Calgary,Lipstick,Beauty,2025-04-20,2,16.48,32.96
2196,C1023,F,43,Montreal,Smartwatch,Electronics,2025-06-01,1,158.63,158.63
2197,C1441,F,42,Ottawa,Smartwatch,Electronics,2025-08-22,2,146.18,292.36
2198,C0685,F,50,Winnipeg,Hoodie,Clothing,2025-05-21,1,46.64,46.64
2199,C0192,M,20,Toronto,Charger,Electronics,2025-04-29,2,18.19,36.38
2200,C0094,F,26,Toronto,Keyboard,Electronics,2025-01-09,2,38,76
2201,C0899,F,54,Toronto,Dress,Clothing,2025-06-26,2,58.24,116.48
2202,C0972,M,55,Montreal,Lotion,Beauty,2025-02-18,1,20.96,20.96
2203,C0671,M,47,Winnipeg,Mouse,Electronics,2025-10-25,1,24.97,24.97
2204,C1351,F,44,Calgary,Serum,Beauty,2025-05-29,3,34.42,103.26
2205,C1489,F,30,Montreal,Kettle,Home,2025-06-06,1,28.65,28.65
2206,C0434,F,40,Ottawa,Jeans,Clothing,2025-04-02,1,54.03,54.03
2207,C0330,M,20,Edmonton,Camera,Electronics,2025-06-01,1,347,347
2208,C0527,M,40,Winnipeg,Sneakers,Clothing,2025-06-19,2,84.99,169.98
2209,C1143,F,52,Winnipeg,Smartwatch,Electronics,2025-03-25,1,166.69,166.69
2210,C0021,M,41,Montreal,Sneakers,Clothing,2025-02-17,2,80.22,160.44
2211,C0021,M,54,Winnipeg,Toaster,Home,2025-08-05,1,36.83,36.83
2212,C0316,M,29,Montreal,Sneakers,Clothing,2025-03-18,1,88.76,88.76
2213,C1245,M,37,Montreal,Mascara,Beauty,2025-02-12,1,19.45,19.45
2214,C0618,F,35,Montreal,T-Shirt,Clothing,2025-09-21,1,18.14,18.14
2215,C0745,M,24,Ottawa,Toaster,Home,2025-03-04,1,34.63,34.63
2216,C1089,M,43,Montreal,Charger,Electronics,2025-09-02,1,20.72,20.72
2217,C0149,F,29,Calgary,Jacket,Clothing,2025-04-30,1,82.71,82.71
2218,C1207,F,51,Vancouver,Mouse,Electronics,2025-09-19,2,24.55,49.1
2219,C0282,F,65,Ottawa,T-Shirt,Clothing,2025-09-07,1,21.77,21.77
2220,C1355,F,49,Calgary,Serum,Beauty,2025-02-21,1,37.51,37.51
2221,C1079,M,47,Toronto,Lamp,Home,2025-10-04,1,43.88,43.88
2222,C0113,M,19,Toronto,Charger,Electronics,2025-05-22,1,18.23,18.23
2223,C1237,M,25,Ottawa,Lotion,Beauty,2025-09-08,1,20.87,20.87
2224,C1070,M,50,Vancouver,Lipstick,Beauty,2025-08-13,1,15.24,15.24
2225,C0446,M,63,Montreal,Perfume,Beauty,2025-06-02,3,45,135
2226,C1094,F,59,Ottawa,Camera,Electronics,2025-02-25,1,350.13,350.13
2227,C0182,F,47,Montreal,Camera,Electronics,2025-01-09,2,296.3,592.6
2228,C1197,M,62,Montreal,Charger,Electronics,2025-08-29,1,21.58,21.58
2229,C0981,F,59,Toronto,Headphones,Electronics,2025-06-13,2,72.68,145.36
2230,C0310,M,62,Vancouver,Headphones,Electronics,2025-05-13,1,66.63,66.63
2231,C1233,M,45,Montreal,Kettle,Home,2025-03-22,1,30.25,30.25
2232,C0949,F,30,Ottawa,Serum,Beauty,2025-05-15,3,37.46,112.38
2233,C1247,M,41,Winnipeg,Dress,Clothing,2025-05-14,1,63.77,63.77
2234,C0343,M,50,Toronto,Dress,Clothing,2025-02-21,1,58.67,58.67
2235,C0608,F,22,Montreal,Lamp,Home,2025-07-21,1,42.81,42.81
2236,C1004,F,65,Edmonton,Camera,Electronics,2025-07-17,2,328.74,657.48
2237,C1144,F,23,Halifax,Jeans,Clothing,2025-04-16,2,51.05,102.1
2238,C0548,F,21,Edmonton,Shampoo,Beauty,2025-09-01,2,12.36,24.72
2239,C0034,F,59,Edmonton,Shampoo,Beauty,2025-08-21,3,11.26,33.78
2240,C0390,M,60,Toronto,Lipstick,Beauty,2025-01-14,1,14.74,14.74
2241,C0934,F,51,Halifax,Toaster,Home,2025-08-13,1,32.69,32.69
2242,C0289,F,46,Toronto,Lipstick,Beauty,2025-07-30,2,13.57,27.14
2243,C0971,F,38,Ottawa,Keyboard,Electronics,2025-07-20,4,37.7,150.8
2244,C0567,F,43,Ottawa,Jacket,Clothing,2025-06-14,1,90.65,90.65
2245,C0535,F,49,Halifax,Jeans,Clothing,2025-02-18,4,54.8,219.2
2246,C0765,M,39,Calgary,Mouse,Electronics,2025-05-13,1,25.01,25.01
2247,C0556,M,58,Halifax,Shampoo,Beauty,2025-03-11,2,11.39,22.78
2248,C1124,F,31,Montreal,Jacket,Clothing,2025-04-29,2,93.33,186.66
2249,C1052,F,51,Edmonton,Charger,Electronics,2025-05-19,2,20.82,41.64
2250,C0576,F,54,Toronto,Serum,Beauty,2025-08-31,1,36.92,36.92
2251,C0816,F,61,Calgary,Shampoo,Beauty,2025-06-30,1,12.91,12.91
2252,C0315,F,18,Halifax,Dress,Clothing,2025-07-02,1,61.73,61.73
2253,C0979,F,49,Ottawa,Kettle,Home,2025-02-19,1,29.19,29.19
2254,C0811,F,49,Vancouver,Dress,Clothing,2025-06-30,2,57.33,114.66
2255,C0683,F,41,Toronto,Sneakers,Clothing,2025-05-05,3,76.51,229.53
2256,C0653,M,61,Vancouver,Charger,Electronics,2025-08-19,1,21.46,21.46
2257,C0555,M,38,Vancouver,Headphones,Electronics,2025-01-03,1,74.51,74.51
2258,C1264,F,29,Edmonton,Mouse,Electronics,2025-06-22,1,23.12,23.12
2259,C0781,M,37,Halifax,Smartwatch,Electronics,2025-03-22,1,155.97,155.97
2260,C0504,M,54,Halifax,Charger,Electronics,2025-10-02,2,20.65,41.3
2261,C1443,M,37,Toronto,Toaster,Home,2025-08-07,2,36.06,72.12
2262,C0731,F,19,Calgary,Toaster,Home,2025-05-20,5,37.52,187.6
2263,C0405,F,31,Calgary,T-Shirt,Clothing,2025-03-04,1,18.56,18.56
2264,C0712,F,34,Toronto,Mouse,Electronics,2025-01-27,1,24.65,24.65
2265,C0154,F,41,Winnipeg,Toaster,Home,2025-07-15,1,32.18,32.18
2266,C1374,F,47,Halifax,Lamp,Home,2025-06-01,1,39.12,39.12
2267,C0214,M,32,Edmonton,Keyboard,Electronics,2025-09-09,4,36.12,144.48
2268,C1073,F,51,Montreal,Blender,Home,2025-09-05,1,91.77,91.77
2269,C1383,F,25,Vancouver,Lipstick,Beauty,2025-06-03,1,15.08,15.08
2270,C0498,F,59,Calgary,Smartwatch,Electronics,2025-07-29,2,171.19,342.38
2271,C1371,M,20,Toronto,Perfume,Beauty,2025-01-22,2,41.04,82.08
2272,C0342,M,28,Ottawa,Smartwatch,Electronics,2025-03-11,1,151.28,151.28
2273,C0781,F,44,Ottawa,Camera,Electronics,2025-01-19,2,304.6,609.2
2274,C0423,F,26,Winnipeg,Air Fryer,Home,2025-04-11,1,107.51,107.51
2275,C1463,M,32,Toronto,Jeans,Clothing,2025-06-11,3,58.33,174.99
2276,C0244,F,49,Montreal,Air Fryer,Home,2025-05-19,1,107.5,107.5
2277,C0554,F,28,Ottawa,Kettle,Home,2025-03-29,1,26.35,26.35
2278,C0908,F,20,Halifax,Camera,Electronics,2025-02-06,1,292.16,292.16
2279,C0525,M,43,Montreal,Toaster,Home,2025-06-20,1,32.06,32.06
2280,C0716,F,24,Toronto,Serum,Beauty,2025-09-17,1,39.98,39.98
2281,C1318,F,45,Toronto,Serum,Beauty,2025-09-28,2,37.58,75.16
2282,C0200,F,56,Vancouver,Mouse,Electronics,2025-09-12,1,26.13,26.13
2283,C1009,M,21,Toronto,Smartwatch,Electronics,2025-05-20,2,165.83,331.66
2284,C1342,F,47,Montreal,Perfume,Beauty,2025-03-09,1,41.72,41.72
2285,C1224,M,55,Winnipeg,Lipstick,Beauty,2025-03-09,1,13.93,13.93
2286,C1317,F,31,Calgary,Serum,Beauty,2025-06-18,4,39.94,159.76
2287,C0280,M,53,Ottawa,Jeans,Clothing,2025-04-15,2,57.43,114.86
2288,C1116,F,48,Ottawa,Mouse,Electronics,2025-02-27,1,24.39,24.39
2289,C1088,F,36,Winnipeg,Smartwatch,Electronics,2025-07-06,1,146.48,146.48
2290,C1168,F,29,Vancouver,Lipstick,Beauty,2025-02-25,2,13.54,27.08
2291,C0786,F,32,Winnipeg,Vacuum,Home,2025-01-04,1,143.64,143.64
2292,C1259,M,26,Winnipeg,Mouse,Electronics,2025-10-12,1,22.55,22.55
2293,C1448,F,44,Calgary,Lipstick,Beauty,2025-01-17,1,14.19,14.19
2294,C1338,F,37,Montreal,Charger,Electronics,2025-08-25,1,19.68,19.68
2295,C0993,F,45,Montreal,Lotion,Beauty,2025-09-07,1,18.49,18.49
2296,C1147,M,42,Halifax,Serum,Beauty,2025-01-24,2,34.99,69.98
2297,C0053,M,33,Vancouver,Shampoo,Beauty,2025-10-27,1,12.95,12.95
2298,C1051,M,35,Winnipeg,Perfume,Beauty,2025-04-26,1,45.77,45.77
2299,C0374,M,53,Toronto,Lipstick,Beauty,2025-08-26,2,16.3,32.6
2300,C0036,M,21,Calgary,Headphones,Electronics,2025-06-18,2,67.84,135.68
2301,C0964,F,38,Ottawa,Sneakers,Clothing,2025-10-15,1,88.01,88.01
2302,C0612,M,44,Calgary,Smartwatch,Electronics,2025-08-29,3,150.55,451.65
2303,C1165,M,18,Winnipeg,Camera,Electronics,2025-10-25,2,327.57,655.14
2304,C0947,M,22,Vancouver,Headphones,Electronics,2025-10-17,1,64.81,64.81
2305,C0688,F,61,Toronto,Sneakers,Clothing,2025-09-08,1,76.54,76.54
2306,C1212,F,63,Halifax,Mouse,Electronics,2025-06-14,2,27.16,54.32
2307,C0718,F,27,Edmonton,Mascara,Beauty,2025-05-21,1,18.2,18.2
2308,C0618,F,38,Halifax,Vacuum,Home,2025-04-30,1,162.81,162.81
2309,C0613,F,27,Winnipeg,Mascara,Beauty,2025-06-10,2,17.4,34.8
2310,C0623,M,43,Calgary,Headphones,Electronics,2025-04-15,1,67.59,67.59
2311,C0454,M,33,Toronto,Headphones,Electronics,2025-04-02,2,68.61,137.22
2312,C0179,F,55,Halifax,Jacket,Clothing,2025-07-23,1,93.71,93.71
2313,C1038,F,20,Winnipeg,Charger,Electronics,2025-02-09,1,20.26,20.26
2314,C0683,M,37,Winnipeg,Toaster,Home,2025-02-23,1,37.98,37.98
2315,C1283,F,64,Calgary,Hoodie,Clothing,2025-03-30,1,40.73,40.73
2316,C0034,M,22,Ottawa,Shampoo,Beauty,2025-05-15,2,12.5,25
2317,C0710,F,23,Montreal,Serum,Beauty,2025-01-02,2,36.71,73.42
2318,C1256,M,42,Calgary,Keyboard,Electronics,2025-04-07,1,37.44,37.44
2319,C1217,M,42,Winnipeg,Charger,Electronics,2025-02-25,4,20.04,80.16
2320,C0510,M,29,Montreal,Mouse,Electronics,2025-05-04,1,25.03,25.03
2321,C0188,F,18,Montreal,Jacket,Clothing,2025-07-04,1,83.47,83.47
2322,C0750,F,59,Montreal,Blender,Home,2025-05-05,1,79.93,79.93
2323,C0328,F,20,Winnipeg,Vacuum,Home,2025-09-21,1,147.24,147.24
2324,C0717,M,38,Winnipeg,Charger,Electronics,2025-07-10,2,19.64,39.28
2325,C1129,M,22,Vancouver,Hoodie,Clothing,2025-08-03,1,43.36,43.36
2326,C0291,F,32,Ottawa,Jeans,Clothing,2025-08-09,1,51.13,51.13
2327,C1266,F,21,Montreal,T-Shirt,Clothing,2025-07-18,1,18.02,18.02
2328,C0097,F,36,Ottawa,Lotion,Beauty,2025-06-23,2,21.88,43.76
2329,C0492,F,34,Winnipeg,Vacuum,Home,2025-08-05,3,163.3,489.9
2330,C0801,F,25,Winnipeg,Lotion,Beauty,2025-07-25,2,19.93,39.86
2331,C0115,M,54,Calgary,Shampoo,Beauty,2025-03-08,1,13.19,13.19
2332,C0310,F,41,Edmonton,Lotion,Beauty,2025-06-23,1,20.69,20.69
2333,C0551,M,21,Ottawa,Toaster,Home,2025-03-19,1,31.98,31.98
2334,C1134,F,41,Toronto,Blender,Home,2025-02-11,1,78.5,78.5
2335,C1216,F,36,Montreal,Mascara,Beauty,2025-03-05,2,19.5,39
2336,C0806,M,41,Calgary,Mouse,Electronics,2025-07-18,1,25.65,25.65
2337,C0585,M,58,Montreal,Camera,Electronics,2025-03-31,1,341.96,341.96
2338,C0112,F,62,Montreal,Smartwatch,Electronics,2025-01-07,1,172.74,172.74
2339,C1327,F,38,Calgary,Shampoo,Beauty,2025-09-20,1,11.88,11.88
2340,C0577,F,34,Calgary,Camera,Electronics,2025-05-02,1,291.11,291.11
2341,C0356,M,25,Vancouver,Kettle,Home,2025-06-13,1,26.25,26.25
2342,C1126,F,48,Halifax,Serum,Beauty,2025-04-26,1,34.71,34.71
2343,C0315,F,36,Vancouver,Perfume,Beauty,2025-01-13,3,42.2,126.6
2344,C0194,F,28,Vancouver,Camera,Electronics,2025-01-20,1,314.27,314.27
2345,C1098,F,63,Ottawa,Jeans,Clothing,2025-07-20,2,50.8,101.6
2346,C1431,F,40,Toronto,Air Fryer,Home,2025-09-11,2,102.67,205.34
2347,C1316,F,54,Toronto,Kettle,Home,2025-03-27,2,27.7,55.4
2348,C1208,F,45,Ottawa,Mouse,Electronics,2025-06-29,1,24.2,24.2
2349,C1382,F,40,Vancouver,Smartwatch,Electronics,2025-08-25,1,158.97,158.97
2350,C1123,F,29,Toronto,Shampoo,Beauty,2025-03-02,2,11.83,23.66
2351,C0525,F,33,Vancouver,Air Fryer,Home,2025-08-03,1,113.18,113.18
2352,C0979,F,33,Winnipeg,Dress,Clothing,2025-08-03,1,65.25,65.25
2353,C0611,M,31,Winnipeg,Kettle,Home,2025-03-31,1,25.8,25.8
2354,C0820,F,24,Calgary,Sneakers,Clothing,2025-04-06,2,78.19,156.38
2355,C0926,M,38,Ottawa,Air Fryer,Home,2025-03-02,4,117.76,471.04
2356,C1490,M,38,Vancouver,Mascara,Beauty,2025-02-25,1,18.02,18.02
2357,C0652,M,58,Winnipeg,Hoodie,Clothing,2025-08-08,1,47.4,47.4
2358,C0204,M,52,Ottawa,Lipstick,Beauty,2025-04-04,3,14.15,42.45
2359,C0405,F,63,Winnipeg,Charger,Electronics,2025-02-09,1,21.32,21.32
2360,C1164,M,41,Montreal,Serum,Beauty,2025-09-05,1,41.22,41.22
2361,C1342,F,18,Ottawa,Serum,Beauty,2025-08-05,1,39.03,39.03
2362,C1400,M,31,Ottawa,Keyboard,Electronics,2025-06-03,3,36.85,110.55
2363,C0220,F,37,Winnipeg,Mouse,Electronics,2025-03-03,1,26.98,26.98
2364,C1373,M,45,Vancouver,Mouse,Electronics,2025-08-28,1,26.46,26.46
2365,C1447,F,35,Ottawa,Headphones,Electronics,2025-07-09,1,73.51,73.51
2366,C1257,F,20,Edmonton,Shampoo,Beauty,2025-05-26,2,10.89,21.78
2367,C0300,F,44,Edmonton,Shampoo,Beauty,2025-01-10,3,12.72,38.16
2368,C1011,M,23,Montreal,Charger,Electronics,2025-10-19,1,18.55,18.55
2369,C1156,M,21,Winnipeg,Headphones,Electronics,2025-05-10,3,66.11,198.33
2370,C0920,F,18,Halifax,Kettle,Home,2025-03-01,1,28.43,28.43
2371,C0426,M,38,Calgary,Kettle,Home,2025-06-24,1,26.68,26.68
2372,C0635,M,52,Winnipeg,Jeans,Clothing,2025-03-14,3,56.77,170.31
2373,C0945,M,45,Edmonton,Kettle,Home,2025-08-27,1,28.61,28.61
2374,C0978,F,35,Winnipeg,Charger,Electronics,2025-06-28,1,18.43,18.43
2375,C0234,M,52,Winnipeg,Vacuum,Home,2025-03-08,1,154.68,154.68
2376,C0090,M,38,Toronto,Lotion,Beauty,2025-03-22,2,21.7,43.4
2377,C1004,F,33,Halifax,Headphones,Electronics,2025-03-18,2,65.26,130.52
2378,C0759,M,43,Winnipeg,Air Fryer,Home,2025-09-05,3,112.14,336.42
2379,C0660,M,56,Calgary,Keyboard,Electronics,2025-07-14,1,38.73,38.73
2380,C0755,F,26,Ottawa,Lamp,Home,2025-03-09,3,39.68,119.04
2381,C1441,F,40,Edmonton,Jacket,Clothing,2025-02-25,1,86.17,86.17
2382,C0452,M,19,Montreal,Hoodie,Clothing,2025-04-09,2,43.69,87.38
2383,C1494,F,20,Montreal,Sneakers,Clothing,2025-09-27,2,76.99,153.98
2384,C0932,F,50,Calgary,Keyboard,Electronics,2025-03-17,1,43.85,43.85
2385,C0048,F,41,Vancouver,Camera,Electronics,2025-03-07,1,327.99,327.99
2386,C0223,M,40,Toronto,Smartwatch,Electronics,2025-02-02,1,160.02,160.02
2387,C0713,M,23,Ottawa,Mouse,Electronics,2025-09-26,2,24.42,48.84
2388,C0466,F,38,Ottawa,Air Fryer,Home,2025-01-30,1,110.87,110.87
2389,C1084,M,64,Winnipeg,Lamp,Home,2025-01-26,1,39.04,39.04
2390,C1304,M,22,Halifax,Blender,Home,2025-07-29,1,82.62,82.62
2391,C0017,M,30,Calgary,Keyboard,Electronics,2025-09-26,1,39.71,39.71
2392,C1345,M,57,Montreal,Shampoo,Beauty,2025-05-03,2,11.46,22.92
2393,C0679,F,30,Montreal,Camera,Electronics,2025-02-02,1,299.52,299.52
2394,C1101,M,36,Vancouver,Shampoo,Beauty,2025-05-23,1,12.14,12.14
2395,C0471,M,26,Halifax,Jeans,Clothing,2025-05-25,2,58.77,117.54
2396,C0989,M,20,Toronto,Headphones,Electronics,2025-09-19,2,65.14,130.28
2397,C0829,F,48,Winnipeg,Lipstick,Beauty,2025-01-05,1,13.6,13.6
2398,C1125,F,63,Ottawa,Serum,Beauty,2025-06-10,1,36.08,36.08
2399,C0540,F,56,Calgary,Toaster,Home,2025-05-24,3,38.36,115.08
2400,C1287,M,30,Winnipeg,Lamp,Home,2025-06-01,1,42.63,42.63
2401,C0206,M,58,Vancouver,Charger,Electronics,2025-01-05,3,20.38,61.14
2402,C0480,F,28,Halifax,Perfume,Beauty,2025-07-14,1,48.86,48.86
2403,C0073,F,58,Toronto,Mouse,Electronics,2025-05-05,1,24.73,24.73
2404,C1462,M,28,Ottawa,Headphones,Electronics,2025-03-17,1,76.77,76.77
2405,C0582,M,63,Toronto,Vacuum,Home,2025-06-18,1,143.89,143.89
2406,C0719,F,64,Ottawa,Vacuum,Home,2025-08-05,3,142.21,426.63
2407,C0542,M,18,Edmonton,Mouse,Electronics,2025-07-02,4,25.69,102.76
2408,C1438,F,52,Halifax,Perfume,Beauty,2025-04-23,4,43.9,175.6
2409,C0656,M,52,Toronto,Jacket,Clothing,2025-10-03,3,92.27,276.81
2410,C0758,F,20,Toronto,Camera,Electronics,2025-06-27,2,307.52,615.04
2411,C0780,F,21,Edmonton,Blender,Home,2025-05-05,2,87,174
2412,C1237,M,41,Calgary,Shampoo,Beauty,2025-10-18,2,11.46,22.92
2413,C0771,F,47,Winnipeg,Charger,Electronics,2025-07-18,1,18.2,18.2
2414,C0067,F,49,Winnipeg,Mascara,Beauty,2025-05-18,1,19.48,19.48
2415,C1446,F,37,Vancouver,Smartwatch,Electronics,2025-08-06,2,172.26,344.52
2416,C0854,F,53,Montreal,T-Shirt,Clothing,2025-10-24,3,21.88,65.64
2417,C1493,M,30,Toronto,Camera,Electronics,2025-06-17,2,333.86,667.72
2418,C0371,M,56,Calgary,Serum,Beauty,2025-05-14,2,39.39,78.78
2419,C0364,F,21,Winnipeg,Mascara,Beauty,2025-06-10,1,18.21,18.21
2420,C0400,F,45,Halifax,Mouse,Electronics,2025-09-29,2,23.13,46.26
2421,C0850,F,57,Edmonton,Lipstick,Beauty,2025-10-07,4,14.07,56.28
2422,C0260,M,60,Montreal,Lipstick,Beauty,2025-09-05,1,14.37,14.37
2423,C1069,F,24,Vancouver,Lamp,Home,2025-08-10,3,43.12,129.36
2424,C0898,M,26,Vancouver,Keyboard,Electronics,2025-06-21,1,37.38,37.38
2425,C1311,F,39,Toronto,Camera,Electronics,2025-09-16,2,347.06,694.12
2426,C1353,F,21,Halifax,Jeans,Clothing,2025-09-13,3,55.25,165.75
2427,C0315,F,53,Edmonton,Perfume,Beauty,2025-06-17,1,46.94,46.94
2428,C0907,F,50,Winnipeg,Dress,Clothing,2025-04-30,1,55.32,55.32
2429,C1443,M,23,Halifax,Headphones,Electronics,2025-01-19,1,66.77,66.77
2430,C1329,F,20,Halifax,Dress,Clothing,2025-10-23,1,65.5,65.5
2431,C0940,F,52,Halifax,Toaster,Home,2025-09-04,1,33.36,33.36
2432,C0229,F,50,Halifax,Jacket,Clothing,2025-07-24,1,86.34,86.34
2433,C0750,F,24,Winnipeg,T-Shirt,Clothing,2025-03-08,3,18.79,56.37
2434,C1210,M,58,Halifax,Mouse,Electronics,2025-07-04,1,23.15,23.15
2435,C0118,F,52,Halifax,Jacket,Clothing,2025-04-18,1,85.2,85.2
2436,C0126,M,64,Edmonton,Camera,Electronics,2025-06-14,3,329.11,987.33
2437,C0986,F,20,Ottawa,Charger,Electronics,2025-05-01,3,19.82,59.46
2438,C0132,M,60,Halifax,Mouse,Electronics,2025-03-25,2,25.27,50.54
2439,C1185,M,35,Vancouver,Charger,Electronics,2025-10-29,1,18.49,18.49
2440,C0346,F,20,Calgary,Serum,Beauty,2025-09-18,1,40.3,40.3
2441,C0084,F,56,Halifax,Charger,Electronics,2025-04-17,1,21.14,21.14
2442,C0042,F,44,Toronto,Mouse,Electronics,2025-05-03,1,22.61,22.61
2443,C0435,F,26,Vancouver,Air Fryer,Home,2025-03-14,2,107.44,214.88
2444,C1190,M,34,Toronto,T-Shirt,Clothing,2025-06-03,1,18.28,18.28
2445,C1451,M,58,Winnipeg,Mouse,Electronics,2025-10-16,2,26.46,52.92
2446,C0048,M,59,Ottawa,Keyboard,Electronics,2025-04-07,1,41.9,41.9
2447,C1066,F,62,Vancouver,Mascara,Beauty,2025-10-19,1,19.45,19.45
2448,C0185,F,22,Toronto,Lipstick,Beauty,2025-10-05,1,14.21,14.21
2449,C1256,M,63,Halifax,Serum,Beauty,2025-09-11,2,37.67,75.34
2450,C0401,M,21,Calgary,Smartwatch,Electronics,2025-03-23,1,149.9,149.9
2451,C1161,F,31,Winnipeg,Mascara,Beauty,2025-01-17,1,17.54,17.54
2452,C1257,F,46,Halifax,Dress,Clothing,2025-10-27,1,60.27,60.27
2453,C1392,M,28,Vancouver,Keyboard,Electronics,2025-06-29,1,36.43,36.43
2454,C1417,F,39,Ottawa,Mouse,Electronics,2025-08-04,2,26.07,52.14
2455,C0971,M,59,Montreal,Headphones,Electronics,2025-01-22,1,70.61,70.61
2456,C0502,F,22,Montreal,Shampoo,Beauty,2025-08-24,1,12.79,12.79
2457,C0367,M,29,Toronto,Charger,Electronics,2025-07-30,3,19.09,57.27
2458,C1135,F,38,Vancouver,Vacuum,Home,2025-10-13,1,162.1,162.1
2459,C0261,M,32,Vancouver,Mouse,Electronics,2025-07-26,1,27.49,27.49
2460,C1088,F,41,Winnipeg,Camera,Electronics,2025-09-12,1,346.84,346.84
2461,C0692,M,30,Winnipeg,Jacket,Clothing,2025-01-11,1,95,95
2462,C0500,M,49,Ottawa,Dress,Clothing,2025-02-03,1,63.75,63.75
2463,C1084,F,43,Montreal,Vacuum,Home,2025-05-01,2,152.21,304.42
2464,C1113,M,57,Halifax,Headphones,Electronics,2025-08-24,2,65.66,131.32
2465,C0356,F,43,Edmonton,Kettle,Home,2025-07-02,1,28.99,28.99
2466,C1393,M,53,Calgary,Lotion,Beauty,2025-03-19,2,20.85,41.7
2467,C0646,M,62,Edmonton,Charger,Electronics,2025-05-03,1,21.94,21.94
2468,C0856,M,47,Montreal,Shampoo,Beauty,2025-10-03,1,12.1,12.1
2469,C0405,M,64,Vancouver,Headphones,Electronics,2025-07-27,2,66.8,133.6
2470,C0018,M,26,Calgary,Charger,Electronics,2025-07-05,1,20.73,20.73
2471,C0368,F,41,Halifax,Lipstick,Beauty,2025-01-17,1,16.44,16.44
2472,C1281,F,55,Winnipeg,Jacket,Clothing,2025-10-17,3,84.19,252.57
2473,C0221,M,35,Calgary,T-Shirt,Clothing,2025-09-11,1,19.3,19.3
2474,C0273,M,26,Ottawa,Blender,Home,2025-04-09,1,85.71,85.71
2475,C0965,M,39,Edmonton,Headphones,Electronics,2025-05-27,2,65.38,130.76
2476,C1401,F,55,Halifax,Jeans,Clothing,2025-04-24,2,49.74,99.48
2477,C1271,F,38,Toronto,Perfume,Beauty,2025-04-07,2,43.53,87.06
2478,C1414,M,24,Toronto,Lamp,Home,2025-06-19,1,42.92,42.92
2479,C1271,M,29,Ottawa,Shampoo,Beauty,2025-07-18,1,10.9,10.9
2480,C0173,F,53,Winnipeg,Kettle,Home,2025-06-26,1,27.6,27.6
2481,C1352,M,28,Vancouver,Lipstick,Beauty,2025-05-04,1,15.79,15.79
2482,C0123,F,20,Vancouver,Jacket,Clothing,2025-06-06,1,98.16,98.16
2483,C0467,F,44,Toronto,Jeans,Clothing,2025-04-05,2,60.34,120.68
2484,C0636,M,24,Montreal,Lipstick,Beauty,2025-10-13,1,14.77,14.77
2485,C0816,F,19,Ottawa,Charger,Electronics,2025-04-09,1,21.8,21.8
2486,C0690,M,27,Montreal,Jeans,Clothing,2025-08-23,1,49.89,49.89
2487,C1255,F,20,Ottawa,Mouse,Electronics,2025-07-09,4,26.23,104.92
2488,C1336,F,34,Ottawa,Jeans,Clothing,2025-10-21,3,56.57,169.71
2489,C0649,F,60,Toronto,Headphones,Electronics,2025-09-30,5,66.49,332.45
2490,C1500,M,18,Toronto,Camera,Electronics,2025-01-18,1,320.47,320.47
2491,C1214,F,51,Edmonton,Smartwatch,Electronics,2025-06-23,1,148.15,148.15
2492,C0501,M,30,Montreal,Mascara,Beauty,2025-04-30,1,19.34,19.34
2493,C1311,F,31,Vancouver,Air Fryer,Home,2025-09-13,2,106.87,213.74
2494,C0321,F,34,Calgary,Keyboard,Electronics,2025-04-06,1,41.01,41.01
2495,C0061,F,51,Edmonton,Headphones,Electronics,2025-01-31,1,65.22,65.22
2496,C1162,F,34,Montreal,Camera,Electronics,2025-04-07,1,301.19,301.19
2497,C0126,F,58,Winnipeg,Mouse,Electronics,2025-07-12,1,27.46,27.46
2498,C0192,F,42,Ottawa,Dress,Clothing,2025-08-21,1,63.04,63.04
2499,C1238,F,61,Calgary,T-Shirt,Clothing,2025-02-15,1,21.85,21.85
2500,C0193,F,47,Calgary,Headphones,Electronics,2025-10-18,1,67.14,67.14
2501,C0589,F,65,Halifax,Hoodie,Clothing,2025-08-24,1,41.98,41.98
2502,C1047,F,53,Halifax,Vacuum,Home,2025-02-18,1,150.09,150.09
2503,C0743,M,28,Edmonton,Mouse,Electronics,2025-06-11,2,24.97,49.94
2504,C0383,M,38,Calgary,T-Shirt,Clothing,2025-10-12,1,18.7,18.7
2505,C1180,F,37,Edmonton,Mascara,Beauty,2025-05-14,2,18.84,37.68
2506,C1117,F,46,Calgary,Mascara,Beauty,2025-09-14,1,17.5,17.5
2507,C0826,M,21,Edmonton,Dress,Clothing,2025-07-02,1,56.24,56.24
2508,C0704,M,51,Edmonton,Mouse,Electronics,2025-01-27,1,24.16,24.16
2509,C0609,M,59,Calgary,Dress,Clothing,2025-05-20,4,60.76,243.04
2510,C1154,M,58,Montreal,T-Shirt,Clothing,2025-09-17,1,20.91,20.91
2511,C1451,M,34,Halifax,Mascara,Beauty,2025-03-21,1,17.93,17.93
2512,C0225,F,29,Toronto,Jacket,Clothing,2025-06-29,1,90.46,90.46
2513,C0012,F,21,Toronto,Smartwatch,Electronics,2025-09-24,1,148.45,148.45
2514,C0348,F,58,Winnipeg,Keyboard,Electronics,2025-02-21,1,43.32,43.32
2515,C0803,F,31,Ottawa,Kettle,Home,2025-03-25,1,30.4,30.4
2516,C0074,M,21,Vancouver,Hoodie,Clothing,2025-06-05,1,46.65,46.65
2517,C1135,M,51,Winnipeg,Mascara,Beauty,2025-04-14,1,16.26,16.26
2518,C0889,M,35,Montreal,Smartwatch,Electronics,2025-04-07,2,161.19,322.38
2519,C0197,F,30,Calgary,Kettle,Home,2025-05-05,1,28.72,28.72
2520,C0191,M,27,Toronto,Blender,Home,2025-07-02,1,93.41,93.41
2521,C0937,M,31,Ottawa,Lamp,Home,2025-02-23,3,43.97,131.91
2522,C1088,M,26,Calgary,Perfume,Beauty,2025-10-29,2,48.22,96.44
2523,C0651,M,60,Ottawa,Camera,Electronics,2025-06-13,1,292.09,292.09
2524,C0494,F,37,Calgary,Mouse,Electronics,2025-05-29,1,27.27,27.27
2525,C1089,F,18,Edmonton,Sneakers,Clothing,2025-10-17,2,86.92,173.84
2526,C0663,F,61,Calgary,Serum,Beauty,2025-03-28,1,40.29,40.29
2527,C0260,M,46,Toronto,Serum,Beauty,2025-06-11,3,37.29,111.87
2528,C0169,M,34,Halifax,Jeans,Clothing,2025-06-17,1,53.02,53.02
2529,C0177,F,25,Toronto,Lipstick,Beauty,2025-05-15,1,14.89,14.89
2530,C1169,M,34,Halifax,Jeans,Clothing,2025-03-31,3,51.12,153.36
2531,C0587,M,38,Calgary,Toaster,Home,2025-03-22,4,34,136
2532,C0055,M,42,Toronto,Dress,Clothing,2025-08-19,1,64.29,64.29
2533,C0634,M,37,Winnipeg,Keyboard,Electronics,2025-03-30,2,36.3,72.6
2534,C0539,M,42,Montreal,Lipstick,Beauty,2025-10-20,1,13.95,13.95
2535,C0687,M,38,Calgary,Vacuum,Home,2025-01-02,2,138.75,277.5
2536,C0136,M,30,Toronto,Hoodie,Clothing,2025-08-10,3,44.13,132.39
2537,C1396,M,30,Ottawa,Toaster,Home,2025-01-17,1,38.48,38.48
2538,C1047,M,64,Ottawa,Lotion,Beauty,2025-07-15,1,18.69,18.69
2539,C0538,M,47,Ottawa,Blender,Home,2025-04-30,1,78.97,78.97
2540,C0162,F,30,Vancouver,Air Fryer,Home,2025-08-30,1,119.13,119.13
2541,C0160,M,57,Ottawa,Blender,Home,2025-06-23,1,91.49,91.49
2542,C0518,M,24,Edmonton,Blender,Home,2025-02-01,2,77.05,154.1
2543,C1401,F,59,Halifax,Jeans,Clothing,2025-10-02,1,57.77,57.77
2544,C0315,M,29,Ottawa,Toaster,Home,2025-07-14,1,36.09,36.09
2545,C0690,F,19,Montreal,Mascara,Beauty,2025-01-04,2,18.96,37.92
2546,C0708,F,31,Montreal,Charger,Electronics,2025-10-08,1,19.98,19.98
2547,C1241,M,59,Vancouver,Mascara,Beauty,2025-01-21,1,19.77,19.77
2548,C0264,F,34,Montreal,Smartwatch,Electronics,2025-08-26,1,145.4,145.4
2549,C0942,F,30,Toronto,Smartwatch,Electronics,2025-04-03,1,151.5,151.5
2550,C0340,M,18,Ottawa,Perfume,Beauty,2025-03-30,1,44.07,44.07
2551,C0462,F,64,Halifax,Mouse,Electronics,2025-04-23,2,24.75,49.5
2552,C1185,F,18,Toronto,Mascara,Beauty,2025-08-09,1,19.52,19.52
2553,C0314,F,64,Winnipeg,Dress,Clothing,2025-04-08,2,60.72,121.44
2554,C0884,M,43,Vancouver,Jacket,Clothing,2025-05-22,2,81.81,163.62
2555,C0131,F,64,Toronto,Serum,Beauty,2025-05-30,2,37.3,74.6
2556,C0079,F,63,Edmonton,Jeans,Clothing,2025-02-17,1,54.08,54.08
2557,C0667,F,30,Toronto,Smartwatch,Electronics,2025-02-20,1,174.9,174.9
2558,C1491,F,51,Toronto,Mouse,Electronics,2025-07-27,3,25.5,76.5
2559,C0065,M,57,Edmonton,Mascara,Beauty,2025-01-11,1,18.49,18.49
2560,C0569,M,26,Montreal,Charger,Electronics,2025-09-27,1,20.85,20.85
2561,C1443,M,36,Ottawa,Air Fryer,Home,2025-09-20,2,115.94,231.88
2562,C0948,M,40,Edmonton,Kettle,Home,2025-07-16,2,28.76,57.52
2563,C0947,M,58,Toronto,Lotion,Beauty,2025-07-05,1,18.95,18.95
2564,C0785,F,45,Winnipeg,Perfume,Beauty,2025-10-23,2,48.37,96.74
2565,C0052,F,47,Calgary,Headphones,Electronics,2025-08-09,1,73.25,73.25
2566,C0944,F,24,Ottawa,Camera,Electronics,2025-03-22,1,335.48,335.48
2567,C0826,M,31,Ottawa,Lotion,Beauty,2025-08-10,2,21.99,43.98
2568,C1050,M,19,Calgary,Mouse,Electronics,2025-06-19,2,26.51,53.02
2569,C1051,F,29,Vancouver,Dress,Clothing,2025-03-27,5,63.95,319.75
2570,C1304,M,60,Vancouver,Sneakers,Clothing,2025-02-13,1,92.67,92.67
2571,C0337,M,19,Halifax,Charger,Electronics,2025-09-18,2,18.6,37.2
2572,C0139,M,45,Ottawa,Sneakers,Clothing,2025-04-14,1,84.96,84.96
2573,C0392,F,45,Montreal,Mouse,Electronics,2025-10-11,1,25.4,25.4
2574,C0234,M,29,Edmonton,Charger,Electronics,2025-08-16,2,19.32,38.64
2575,C0432,F,47,Vancouver,Lotion,Beauty,2025-07-07,1,21.36,21.36
2576,C0288,F,64,Vancouver,Vacuum,Home,2025-05-01,1,157.87,157.87
2577,C0029,F,57,Toronto,Sneakers,Clothing,2025-05-29,1,88.76,88.76
2578,C1130,F,57,Toronto,Toaster,Home,2025-02-26,1,38.48,38.48
2579,C0608,F,39,Vancouver,Smartwatch,Electronics,2025-07-08,1,152.3,152.3
2580,C0504,M,35,Montreal,Air Fryer,Home,2025-02-07,1,115.18,115.18
2581,C0633,M,31,Toronto,Lipstick,Beauty,2025-07-20,1,15.15,15.15
2582,C0616,F,42,Edmonton,Sneakers,Clothing,2025-08-17,1,81.82,81.82
2583,C1201,F,27,Halifax,Camera,Electronics,2025-05-11,2,298.28,596.56
2584,C0653,F,53,Montreal,Keyboard,Electronics,2025-06-20,3,43.17,129.51
2585,C1408,F,65,Edmonton,Smartwatch,Electronics,2025-02-04,1,163.05,163.05
2586,C0298,M,65,Edmonton,Kettle,Home,2025-07-20,1,29.82,29.82
2587,C1290,F,26,Ottawa,Lipstick,Beauty,2025-06-17,2,15.14,30.28
2588,C1178,M,28,Edmonton,Blender,Home,2025-09-03,1,80.24,80.24
2589,C0794,M,44,Edmonton,Shampoo,Beauty,2025-08-12,1,11.61,11.61
2590,C0725,F,30,Halifax,Kettle,Home,2025-02-27,2,27.34,54.68
2591,C0919,F,18,Montreal,Dress,Clothing,2025-10-17,1,65.68,65.68
2592,C0940,F,56,Toronto,T-Shirt,Clothing,2025-01-25,1,18.02,18.02
2593,C1100,F,28,Winnipeg,Headphones,Electronics,2025-02-01,1,76.8,76.8
2594,C1195,F,20,Winnipeg,Charger,Electronics,2025-04-20,1,21.92,21.92
2595,C0760,M,19,Winnipeg,Shampoo,Beauty,2025-04-11,1,13.19,13.19
2596,C0826,F,63,Halifax,Toaster,Home,2025-05-30,2,34.84,69.68
2597,C0844,F,59,Edmonton,Lipstick,Beauty,2025-07-12,2,16.39,32.78
2598,C0100,F,41,Calgary,Smartwatch,Electronics,2025-04-19,1,156.66,156.66
2599,C0274,F,37,Montreal,Smartwatch,Electronics,2025-10-04,5,144.84,724.2
2600,C0298,M,57,Vancouver,Mascara,Beauty,2025-08-21,2,17.01,34.02
2601,C0212,M,32,Edmonton,Vacuum,Home,2025-01-21,1,163.36,163.36
2602,C1026,F,23,Edmonton,Mascara,Beauty,2025-09-09,1,16.25,16.25
2603,C0956,M,37,Winnipeg,Blender,Home,2025-01-14,1,85.78,85.78
2604,C0289,F,39,Montreal,Headphones,Electronics,2025-08-03,3,64.06,192.18
2605,C0209,F,19,Montreal,Lipstick,Beauty,2025-01-24,1,14.36,14.36
2606,C0612,F,32,Montreal,Headphones,Electronics,2025-01-20,2,64.23,128.46
2607,C0697,F,65,Vancouver,Perfume,Beauty,2025-07-21,1,48.24,48.24
2608,C0446,M,51,Halifax,Shampoo,Beauty,2025-02-21,1,12.22,12.22
2609,C0191,F,63,Edmonton,Lamp,Home,2025-07-05,1,43.22,43.22
2610,C0841,F,48,Montreal,Perfume,Beauty,2025-07-26,2,46.7,93.4
2611,C0671,F,47,Calgary,T-Shirt,Clothing,2025-04-05,1,21.88,21.88
2612,C0597,M,45,Vancouver,Serum,Beauty,2025-09-23,1,38.08,38.08
2613,C1046,F,50,Calgary,Mascara,Beauty,2025-01-15,1,18.5,18.5
2614,C0273,M,58,Winnipeg,Lamp,Home,2025-06-24,3,40.61,121.83
2615,C1155,F,38,Calgary,Keyboard,Electronics,2025-08-07,2,39.87,79.74
2616,C0289,F,63,Calgary,Mascara,Beauty,2025-01-10,1,19.25,19.25
2617,C0192,M,40,Vancouver,Keyboard,Electronics,2025-01-19,3,41.16,123.48
2618,C0266,F,59,Toronto,Lotion,Beauty,2025-03-09,1,21.21,21.21
2619,C0836,M,30,Vancouver,T-Shirt,Clothing,2025-10-05,1,21.15,21.15
2620,C0243,F,62,Montreal,Keyboard,Electronics,2025-10-21,1,37.53,37.53
2621,C0678,F,43,Edmonton,Blender,Home,2025-01-15,1,87.55,87.55
2622,C0992,F,36,Calgary,Jeans,Clothing,2025-04-24,1,51.7,51.7
2623,C0681,M,44,Montreal,Smartwatch,Electronics,2025-10-27,2,162.67,325.34
2624,C0212,M,57,Halifax,Jacket,Clothing,2025-06-07,2,93.19,186.38
2625,C0701,M,24,Calgary,Smartwatch,Electronics,2025-04-14,2,175.91,351.82
2626,C0911,M,42,Halifax,T-Shirt,Clothing,2025-10-07,2,18.12,36.24
2627,C0820,F,57,Halifax,Lotion,Beauty,2025-03-27,2,18.36,36.72
2628,C0008,M,53,Calgary,Air Fryer,Home,2025-04-04,1,100.69,100.69
2629,C1464,M,24,Edmonton,Mouse,Electronics,2025-06-23,2,24.49,48.98
2630,C0586,F,37,Montreal,Camera,Electronics,2025-08-30,1,340.58,340.58
2631,C0078,F,41,Ottawa,Toaster,Home,2025-09-19,3,37.41,112.23
2632,C0892,F,45,Calgary,Kettle,Home,2025-10-21,1,29.33,29.33
2633,C0699,M,22,Edmonton,Perfume,Beauty,2025-10-09,1,48.57,48.57
2634,C1238,F,53,Ottawa,Shampoo,Beauty,2025-05-27,2,11.57,23.14
2635,C1203,M,48,Vancouver,Air Fryer,Home,2025-01-02,2,100.94,201.88
2636,C0571,M,50,Calgary,Vacuum,Home,2025-03-09,1,136.74,136.74
2637,C1053,F,41,Winnipeg,Sneakers,Clothing,2025-03-10,1,90.99,90.99
2638,C0605,F,27,Halifax,Toaster,Home,2025-02-16,1,36.61,36.61
2639,C0062,F,55,Calgary,Hoodie,Clothing,2025-03-05,4,46.79,187.16
2640,C1159,M,61,Edmonton,Vacuum,Home,2025-03-21,1,145.19,145.19
2641,C0428,F,22,Vancouver,Camera,Electronics,2025-09-11,1,312.31,312.31
2642,C1158,M,48,Montreal,Mascara,Beauty,2025-08-25,1,19.65,19.65
2643,C0483,M,26,Montreal,Blender,Home,2025-05-19,1,77.58,77.58
2644,C0830,M,49,Ottawa,Blender,Home,2025-09-21,1,89.65,89.65
2645,C1092,M,58,Halifax,Serum,Beauty,2025-06-03,2,36.55,73.1
2646,C1486,F,22,Vancouver,Smartwatch,Electronics,2025-05-12,3,145.25,435.75
2647,C0765,M,44,Calgary,Dress,Clothing,2025-08-14,1,62.91,62.91
2648,C0454,M,45,Halifax,Headphones,Electronics,2025-04-02,2,67.63,135.26
2649,C0017,M,60,Halifax,Charger,Electronics,2025-04-28,1,20.89,20.89
2650,C0945,M,29,Ottawa,Smartwatch,Electronics,2025-05-06,1,166.64,166.64
2651,C0152,M,22,Montreal,Lipstick,Beauty,2025-08-15,1,15.1,15.1
2652,C0461,M,25,Calgary,Smartwatch,Electronics,2025-06-28,1,168.88,168.88
2653,C0248,M,34,Edmonton,Smartwatch,Electronics,2025-03-26,2,162.59,325.18
2654,C1420,M,25,Montreal,Shampoo,Beauty,2025-06-13,1,11.49,11.49
2655,C0157,F,51,Ottawa,Vacuum,Home,2025-08-18,3,157.02,471.06
2656,C0600,M,40,Montreal,Headphones,Electronics,2025-07-25,2,71.25,142.5
2657,C1342,F,35,Edmonton,Sneakers,Clothing,2025-04-14,2,76.72,153.44
2658,C0098,F,27,Winnipeg,T-Shirt,Clothing,2025-04-24,3,21.61,64.83
2659,C1102,M,56,Winnipeg,Lipstick,Beauty,2025-07-07,3,15.14,45.42
2660,C0539,M,58,Montreal,Vacuum,Home,2025-09-28,1,161.06,161.06
2661,C0296,F,61,Winnipeg,Camera,Electronics,2025-02-20,1,344.5,344.5
2662,C1455,M,61,Winnipeg,Jacket,Clothing,2025-08-10,1,89.01,89.01
2663,C0400,M,22,Vancouver,Lotion,Beauty,2025-04-21,2,20.03,40.06
2664,C0013,F,60,Edmonton,Kettle,Home,2025-02-24,1,27.53,27.53
2665,C0438,F,34,Ottawa,Blender,Home,2025-01-12,3,84.14,252.42
2666,C1423,F,64,Winnipeg,Smartwatch,Electronics,2025-07-09,1,172.64,172.64
2667,C0665,M,28,Calgary,Lotion,Beauty,2025-06-04,1,21.15,21.15
2668,C0400,F,64,Montreal,Toaster,Home,2025-09-22,1,32.39,32.39
2669,C1068,F,65,Montreal,Toaster,Home,2025-04-14,2,35.77,71.54
2670,C1396,M,36,Toronto,Mouse,Electronics,2025-06-12,1,27.48,27.48
2671,C0374,F,38,Ottawa,Air Fryer,Home,2025-05-21,1,112.1,112.1
2672,C1004,F,61,Ottawa,Smartwatch,Electronics,2025-08-25,1,169.15,169.15
2673,C0559,F,20,Halifax,Blender,Home,2025-02-13,1,89.57,89.57
2674,C0485,M,57,Calgary,Lipstick,Beauty,2025-08-27,1,14.55,14.55
2675,C0417,F,60,Halifax,Dress,Clothing,2025-04-07,1,58.46,58.46
2676,C1108,F,18,Winnipeg,Camera,Electronics,2025-04-08,1,334.34,334.34
2677,C0666,M,41,Vancouver,Camera,Electronics,2025-02-22,1,320,320
2678,C0483,M,53,Calgary,Mascara,Beauty,2025-04-19,4,18.25,73
2679,C1320,F,23,Edmonton,Serum,Beauty,2025-09-14,4,39.62,158.48
2680,C0839,F,27,Ottawa,Camera,Electronics,2025-01-11,1,337.76,337.76
2681,C0106,F,64,Montreal,Mascara,Beauty,2025-06-27,1,17.18,17.18
2682,C1233,M,57,Vancouver,Jacket,Clothing,2025-10-21,1,83.64,83.64
2683,C0791,F,63,Vancouver,Lotion,Beauty,2025-01-25,5,19.17,95.85
2684,C0812,F,51,Ottawa,Charger,Electronics,2025-05-06,1,20.03,20.03
2685,C0850,M,41,Ottawa,Smartwatch,Electronics,2025-09-23,1,154.95,154.95
2686,C0170,M,40,Calgary,Lotion,Beauty,2025-05-13,1,20.27,20.27
2687,C0780,F,37,Toronto,Serum,Beauty,2025-10-05,1,34.61,34.61
2688,C0510,M,55,Winnipeg,Camera,Electronics,2025-02-11,1,320.62,320.62
2689,C0350,F,52,Ottawa,Keyboard,Electronics,2025-04-11,2,38.94,77.88
2690,C0466,F,51,Ottawa,Camera,Electronics,2025-10-11,1,322.22,322.22
2691,C1105,F,63,Calgary,Smartwatch,Electronics,2025-10-04,1,157.52,157.52
2692,C0449,M,64,Halifax,Smartwatch,Electronics,2025-05-19,1,153.1,153.1
2693,C0632,F,53,Ottawa,Perfume,Beauty,2025-08-09,2,48.64,97.28
2694,C1125,F,33,Edmonton,Charger,Electronics,2025-03-10,1,18.74,18.74
2695,C1393,F,40,Winnipeg,T-Shirt,Clothing,2025-10-20,1,20.73,20.73
2696,C0765,M,61,Calgary,Charger,Electronics,2025-06-26,2,21.7,43.4
2697,C1289,M,18,Halifax,Vacuum,Home,2025-07-16,3,151.16,453.48
2698,C0202,M,26,Edmonton,Smartwatch,Electronics,2025-02-02,1,172.05,172.05
2699,C1142,M,29,Halifax,Air Fryer,Home,2025-10-28,1,101.75,101.75
2700,C1147,F,54,Winnipeg,Vacuum,Home,2025-08-16,1,149.81,149.81
2701,C1049,F,34,Ottawa,Camera,Electronics,2025-05-16,3,317.25,951.75
2702,C0369,M,20,Montreal,Jacket,Clothing,2025-05-14,1,81.15,81.15
2703,C0385,F,55,Winnipeg,Serum,Beauty,2025-05-23,1,37.57,37.57
2704,C0274,F,46,Winnipeg,Mascara,Beauty,2025-09-02,1,17.53,17.53
2705,C1071,F,48,Ottawa,Air Fryer,Home,2025-05-17,1,113.74,113.74
2706,C0335,M,52,Toronto,Sneakers,Clothing,2025-03-02,1,92.45,92.45
2707,C1441,M,55,Vancouver,Perfume,Beauty,2025-02-25,4,41.27,165.08
2708,C0534,F,43,Calgary,Shampoo,Beauty,2025-05-13,1,11.59,11.59
2709,C0344,M,30,Toronto,Shampoo,Beauty,2025-07-27,3,11.87,35.61
2710,C1345,M,36,Edmonton,Mouse,Electronics,2025-05-06,1,24.78,24.78
2711,C1163,F,49,Calgary,Lamp,Home,2025-05-03,3,42.2,126.6
2712,C0107,F,64,Halifax,Mouse,Electronics,2025-08-19,2,24.72,49.44
2713,C0922,M,44,Toronto,Camera,Electronics,2025-02-04,1,289.74,289.74
2714,C0346,F,56,Calgary,Mouse,Electronics,2025-09-23,1,26.05,26.05
2715,C0710,M,30,Edmonton,Perfume,Beauty,2025-04-01,1,48.46,48.46
2716,C0993,F,51,Calgary,Camera,Electronics,2025-01-21,1,320.89,320.89
2717,C0447,F,36,Edmonton,Toaster,Home,2025-05-20,1,35.57,35.57
2718,C0462,F,36,Vancouver,Hoodie,Clothing,2025-09-22,1,41.97,41.97
2719,C1240,M,20,Ottawa,Jeans,Clothing,2025-04-30,2,51.93,103.86
2720,C0806,M,20,Calgary,Mascara,Beauty,2025-08-09,2,17.05,34.1
2721,C1406,M,43,Calgary,T-Shirt,Clothing,2025-01-23,1,19.72,19.72
2722,C1073,M,23,Edmonton,Lamp,Home,2025-02-08,3,43.43,130.29
2723,C0657,M,30,Winnipeg,Toaster,Home,2025-08-23,3,35.15,105.45
2724,C1081,F,63,Halifax,Charger,Electronics,2025-08-29,1,18.77,18.77
2725,C0339,F,55,Vancouver,Headphones,Electronics,2025-05-08,1,66.73,66.73
2726,C1032,M,44,Halifax,Mouse,Electronics,2025-01-22,1,24.42,24.42
2727,C0696,M,58,Edmonton,Lipstick,Beauty,2025-02-24,1,15.37,15.37
2728,C0023,F,41,Edmonton,Shampoo,Beauty,2025-02-16,1,11.86,11.86
2729,C1068,F,27,Calgary,Lipstick,Beauty,2025-08-22,1,14.68,14.68
2730,C0437,F,33,Calgary,Keyboard,Electronics,2025-01-27,2,40.52,81.04
2731,C0909,M,40,Montreal,Vacuum,Home,2025-02-17,2,142.26,284.52
2732,C1093,M,64,Montreal,Keyboard,Electronics,2025-06-16,1,36.63,36.63
2733,C0594,F,29,Edmonton,Shampoo,Beauty,2025-09-28,3,10.86,32.58
2734,C0513,M,45,Montreal,Hoodie,Clothing,2025-03-22,2,42.76,85.52
2735,C0997,M,30,Vancouver,T-Shirt,Clothing,2025-04-28,1,18.37,18.37
2736,C0277,F,35,Halifax,Air Fryer,Home,2025-02-14,2,106.4,212.8
2737,C0492,M,19,Halifax,Jeans,Clothing,2025-10-02,1,58,58
2738,C0083,M,63,Edmonton,Smartwatch,Electronics,2025-06-30,1,166.92,166.92
2739,C1336,F,34,Calgary,Jeans,Clothing,2025-08-20,1,56.22,56.22
2740,C0102,F,40,Vancouver,Mascara,Beauty,2025-03-27,1,19.27,19.27
2741,C1250,M,40,Edmonton,Camera,Electronics,2025-04-15,1,306.05,306.05
2742,C1410,F,18,Halifax,Serum,Beauty,2025-08-31,1,40.93,40.93
2743,C0468,M,60,Vancouver,Lotion,Beauty,2025-06-26,2,19.6,39.2
2744,C0799,F,31,Toronto,Shampoo,Beauty,2025-08-22,2,11.76,23.52
2745,C1165,F,29,Ottawa,Lamp,Home,2025-03-19,1,39.24,39.24
2746,C0998,F,31,Halifax,Blender,Home,2025-05-06,1,78.17,78.17
2747,C0332,F,61,Winnipeg,Charger,Electronics,2025-07-08,2,21.9,43.8
2748,C0953,F,55,Toronto,Lipstick,Beauty,2025-03-01,1,13.92,13.92
2749,C1293,F,58,Halifax,T-Shirt,Clothing,2025-08-08,1,19.36,19.36
2750,C1368,F,61,Edmonton,Toaster,Home,2025-03-17,1,33.74,33.74
2751,C1000,M,33,Edmonton,Camera,Electronics,2025-04-01,2,292.78,585.56
2752,C0882,M,51,Edmonton,Air Fryer,Home,2025-04-26,2,102.35,204.7
2753,C0094,M,35,Ottawa,Lipstick,Beauty,2025-10-07,2,13.63,27.26
2754,C0923,M,65,Toronto,Keyboard,Electronics,2025-06-16,1,38.34,38.34
2755,C1094,F,27,Winnipeg,Dress,Clothing,2025-05-06,2,64.4,128.8
2756,C1150,M,36,Calgary,Charger,Electronics,2025-08-21,1,19.36,19.36
2757,C1407,M,47,Vancouver,Mouse,Electronics,2025-04-24,1,23.12,23.12
2758,C1212,F,21,Toronto,Sneakers,Clothing,2025-04-10,1,87.48,87.48
2759,C0506,F,24,Toronto,Lamp,Home,2025-05-31,2,43.97,87.94
2760,C0582,F,33,Calgary,Perfume,Beauty,2025-03-13,1,42.59,42.59
2761,C0911,F,54,Vancouver,Serum,Beauty,2025-06-16,1,36.32,36.32
2762,C0312,F,22,Ottawa,Lotion,Beauty,2025-03-13,2,21.89,43.78
2763,C1159,M,56,Toronto,Blender,Home,2025-01-11,3,79.54,238.62
2764,C1173,F,50,Ottawa,Charger,Electronics,2025-10-25,2,20.04,40.08
2765,C1126,F,52,Montreal,Perfume,Beauty,2025-08-17,1,42.66,42.66
2766,C0358,M,65,Edmonton,Dress,Clothing,2025-05-06,2,65.19,130.38
2767,C0142,M,51,Toronto,Headphones,Electronics,2025-06-02,2,76.74,153.48
2768,C0831,F,50,Vancouver,Serum,Beauty,2025-06-11,1,40.39,40.39
2769,C0171,F,56,Montreal,Keyboard,Electronics,2025-10-05,1,38.52,38.52
2770,C1389,F,27,Montreal,Blender,Home,2025-06-28,1,83.36,83.36
2771,C0012,M,20,Toronto,Lipstick,Beauty,2025-05-24,1,14.23,14.23
2772,C1079,F,46,Winnipeg,Lipstick,Beauty,2025-05-19,1,16.17,16.17
2773,C0502,F,52,Winnipeg,Jeans,Clothing,2025-07-25,1,59.56,59.56
2774,C0981,F,48,Winnipeg,Headphones,Electronics,2025-04-06,1,68.86,68.86
2775,C0886,F,56,Toronto,Smartwatch,Electronics,2025-08-02,1,165.01,165.01
2776,C0916,F,32,Halifax,Mouse,Electronics,2025-03-10,2,23.33,46.66
2777,C0892,M,18,Edmonton,Lipstick,Beauty,2025-01-19,1,14.8,14.8
2778,C0603,F,36,Halifax,Serum,Beauty,2025-04-11,1,39,39
2779,C0325,M,54,Montreal,Smartwatch,Electronics,2025-03-22,2,156.33,312.66
2780,C0497,F,44,Winnipeg,Mascara,Beauty,2025-07-02,1,17.49,17.49
2781,C0316,F,38,Toronto,Serum,Beauty,2025-01-18,1,34.21,34.21
2782,C0172,F,24,Edmonton,Hoodie,Clothing,2025-06-04,1,47.74,47.74
2783,C1414,F,60,Vancouver,Jacket,Clothing,2025-05-09,2,97.01,194.02
2784,C0581,F,50,Vancouver,Blender,Home,2025-06-10,5,92.98,464.9
2785,C1302,M,19,Montreal,T-Shirt,Clothing,2025-04-29,2,20.88,41.76
2786,C1345,M,31,Toronto,Lipstick,Beauty,2025-06-22,2,15.15,30.3
2787,C0084,F,59,Edmonton,Dress,Clothing,2025-06-02,1,57.23,57.23
2788,C0088,M,20,Edmonton,Serum,Beauty,2025-01-20,3,41.79,125.37
2789,C1172,F,31,Montreal,T-Shirt,Clothing,2025-02-03,4,20.36,81.44
2790,C0766,F,22,Vancouver,Hoodie,Clothing,2025-03-01,1,46.63,46.63
2791,C0944,M,34,Toronto,Toaster,Home,2025-06-07,2,36.28,72.56
2792,C0733,M,56,Edmonton,Jeans,Clothing,2025-07-25,1,58.8,58.8
2793,C0746,F,18,Halifax,Keyboard,Electronics,2025-04-03,1,36.08,36.08
2794,C0536,M,60,Vancouver,Mascara,Beauty,2025-08-06,3,16.99,50.97
2795,C0328,F,45,Edmonton,Keyboard,Electronics,2025-03-30,1,41.32,41.32
2796,C0098,M,55,Toronto,Headphones,Electronics,2025-06-22,1,75.53,75.53
2797,C0214,M,65,Calgary,Lipstick,Beauty,2025-02-09,2,15.56,31.12
2798,C0807,F,31,Vancouver,Blender,Home,2025-07-22,3,83.53,250.59
2799,C0311,F,34,Ottawa,Sneakers,Clothing,2025-08-09,2,82.65,165.3
2800,C1396,M,32,Edmonton,Serum,Beauty,2025-02-16,1,39.81,39.81
2801,C0183,F,63,Edmonton,Air Fryer,Home,2025-08-31,1,115.31,115.31
2802,C0198,F,24,Toronto,Jacket,Clothing,2025-03-29,4,91.93,367.72
2803,C1357,F,59,Calgary,Dress,Clothing,2025-06-06,1,57.5,57.5
2804,C0410,M,24,Calgary,Dress,Clothing,2025-06-11,3,65.1,195.3
2805,C0721,F,64,Halifax,Keyboard,Electronics,2025-01-20,2,40.42,80.84
2806,C0357,F,41,Calgary,Dress,Clothing,2025-05-28,2,63.49,126.98
2807,C1115,M,43,Halifax,Toaster,Home,2025-07-20,1,33,33
2808,C0856,M,31,Vancouver,Lotion,Beauty,2025-05-31,1,19.38,19.38
2809,C1199,F,64,Edmonton,Keyboard,Electronics,2025-04-10,2,43,86
2810,C0654,F,36,Ottawa,Toaster,Home,2025-09-04,1,31.85,31.85
2811,C0643,M,43,Calgary,Mascara,Beauty,2025-04-23,2,18.04,36.08
2812,C0965,F,33,Edmonton,Air Fryer,Home,2025-08-07,2,109.6,219.2
2813,C0639,M,51,Montreal,Air Fryer,Home,2025-01-25,1,115.53,115.53
2814,C0761,M,19,Toronto,Serum,Beauty,2025-10-16,2,36.34,72.68
2815,C1422,M,18,Toronto,Mouse,Electronics,2025-04-13,1,23.6,23.6
2816,C0264,M,65,Edmonton,Kettle,Home,2025-03-20,1,30.39,30.39
2817,C0729,F,53,Winnipeg,Keyboard,Electronics,2025-01-16,1,40.57,40.57
2818,C0527,F,52,Ottawa,Lotion,Beauty,2025-02-28,3,18.42,55.26
2819,C1197,M,60,Edmonton,Serum,Beauty,2025-07-13,1,35.67,35.67
2820,C0741,F,41,Ottawa,Smartwatch,Electronics,2025-05-05,1,175.96,175.96
2821,C1197,F,22,Vancouver,Hoodie,Clothing,2025-02-01,1,42.26,42.26
2822,C1283,F,46,Montreal,Mascara,Beauty,2025-06-27,1,18.4,18.4
2823,C0365,M,58,Winnipeg,Lamp,Home,2025-08-07,1,39.36,39.36
2824,C1419,M,18,Toronto,Shampoo,Beauty,2025-04-10,1,12.93,12.93
2825,C0009,F,26,Calgary,Smartwatch,Electronics,2025-04-13,2,168.17,336.34
2826,C1284,F,53,Halifax,Sneakers,Clothing,2025-04-28,1,86.65,86.65
2827,C0113,F,33,Calgary,Air Fryer,Home,2025-08-31,1,99.24,99.24
2828,C0475,M,32,Toronto,Lotion,Beauty,2025-04-29,1,21.52,21.52
2829,C0479,F,27,Halifax,Smartwatch,Electronics,2025-01-07,4,158.23,632.92
2830,C1202,M,54,Halifax,Mascara,Beauty,2025-01-10,1,19.55,19.55
2831,C0848,M,33,Montreal,Camera,Electronics,2025-10-08,2,319.71,639.42
2832,C0482,F,55,Montreal,Toaster,Home,2025-02-11,2,36.36,72.72
2833,C0428,F,65,Edmonton,Perfume,Beauty,2025-02-16,2,41.12,82.24
2834,C0185,F,53,Calgary,Smartwatch,Electronics,2025-04-06,2,167.84,335.68
2835,C0716,F,32,Toronto,Keyboard,Electronics,2025-09-03,1,38.7,38.7
2836,C0581,F,20,Calgary,Jacket,Clothing,2025-08-12,2,87.32,174.64
2837,C0376,F,36,Vancouver,Sneakers,Clothing,2025-04-24,1,78.52,78.52
2838,C0679,F,58,Toronto,Serum,Beauty,2025-02-01,2,35.32,70.64
2839,C0930,M,54,Montreal,Toaster,Home,2025-06-02,4,32.8,131.2
2840,C0446,F,65,Calgary,Camera,Electronics,2025-08-05,3,309.01,927.03
2841,C1036,M,20,Halifax,Charger,Electronics,2025-09-03,1,21.57,21.57
2842,C1221,F,25,Ottawa,Lamp,Home,2025-09-29,1,38.95,38.95
2843,C0566,F,41,Ottawa,Sneakers,Clothing,2025-09-18,1,88.81,88.81
2844,C0872,M,31,Vancouver,T-Shirt,Clothing,2025-01-07,1,18.33,18.33
2845,C0485,M,52,Ottawa,Camera,Electronics,2025-07-24,1,325.83,325.83
2846,C0336,F,33,Vancouver,Smartwatch,Electronics,2025-09-21,1,159.42,159.42
2847,C1353,M,24,Vancouver,Lamp,Home,2025-10-16,5,43.82,219.1
2848,C0737,M,58,Halifax,Shampoo,Beauty,2025-07-21,1,12.83,12.83
2849,C0677,M,52,Montreal,Charger,Electronics,2025-04-26,2,19.82,39.64
2850,C1441,F,25,Montreal,Mouse,Electronics,2025-07-31,1,26.38,26.38
2851,C1161,F,29,Toronto,Blender,Home,2025-06-09,2,79.78,159.56
2852,C0274,F,63,Halifax,Shampoo,Beauty,2025-05-09,4,12.15,48.6
2853,C1382,F,33,Calgary,Perfume,Beauty,2025-05-28,1,41.17,41.17
2854,C1486,F,21,Winnipeg,Jacket,Clothing,2025-03-19,1,87.27,87.27
2855,C0231,M,52,Winnipeg,Lipstick,Beauty,2025-09-19,1,14.18,14.18
2856,C0231,F,62,Edmonton,Headphones,Electronics,2025-02-21,5,73.06,365.3
2857,C1139,M,58,Ottawa,Mascara,Beauty,2025-09-15,1,17.96,17.96
2858,C0710,F,62,Calgary,Shampoo,Beauty,2025-08-09,1,12.6,12.6
2859,C0515,F,49,Winnipeg,Lotion,Beauty,2025-02-08,1,20.06,20.06
2860,C0112,F,29,Calgary,Mascara,Beauty,2025-09-05,1,16.51,16.51
2861,C1170,M,38,Winnipeg,Dress,Clothing,2025-10-15,3,62.82,188.46
2862,C0933,F,32,Vancouver,Mouse,Electronics,2025-09-11,1,26.67,26.67
2863,C1373,F,52,Ottawa,Jeans,Clothing,2025-04-26,1,59.44,59.44
2864,C1060,F,20,Halifax,Charger,Electronics,2025-07-16,1,20.29,20.29
2865,C1232,M,19,Montreal,Mouse,Electronics,2025-08-02,4,26.27,105.08
2866,C0004,M,23,Calgary,Camera,Electronics,2025-04-02,1,336.13,336.13
2867,C1144,F,33,Vancouver,Mouse,Electronics,2025-02-01,2,23.28,46.56
2868,C0109,F,40,Halifax,Lamp,Home,2025-04-03,1,37.31,37.31
2869,C1102,F,48,Montreal,Smartwatch,Electronics,2025-08-20,2,146.27,292.54
2870,C0739,M,58,Vancouver,Keyboard,Electronics,2025-05-11,5,38.56,192.8
2871,C0049,F,47,Calgary,T-Shirt,Clothing,2025-08-11,1,19.89,19.89
2872,C1133,M,20,Edmonton,Sneakers,Clothing,2025-01-13,1,93.46,93.46
2873,C0480,M,33,Calgary,Sneakers,Clothing,2025-01-21,1,83.83,83.83
2874,C1396,F,21,Calgary,Camera,Electronics,2025-01-14,2,334.48,668.96
2875,C0522,F,63,Winnipeg,Vacuum,Home,2025-04-17,1,155.8,155.8
2876,C0925,F,53,Ottawa,Smartwatch,Electronics,2025-05-08,1,150.54,150.54
2877,C0376,F,45,Ottawa,Headphones,Electronics,2025-02-01,1,63.82,63.82
2878,C1147,M,45,Edmonton,Lotion,Beauty,2025-06-18,1,20.18,20.18
2879,C0588,F,20,Calgary,Charger,Electronics,2025-10-15,1,20.8,20.8
2880,C0635,F,43,Halifax,Shampoo,Beauty,2025-03-22,3,13.2,39.6
2881,C0649,F,56,Halifax,Smartwatch,Electronics,2025-07-01,3,155.48,466.44
2882,C1114,F,30,Ottawa,Sneakers,Clothing,2025-07-09,1,91.74,91.74
2883,C1173,F,24,Vancouver,Shampoo,Beauty,2025-09-12,2,11.72,23.44
2884,C1025,F,30,Halifax,Perfume,Beauty,2025-10-26,2,46.7,93.4
2885,C1444,M,21,Halifax,Mascara,Beauty,2025-06-15,2,18.35,36.7
2886,C0723,F,33,Vancouver,Jacket,Clothing,2025-09-13,1,81.95,81.95
2887,C0367,F,45,Winnipeg,Camera,Electronics,2025-07-17,1,293.02,293.02
2888,C0146,F,64,Edmonton,Keyboard,Electronics,2025-08-01,2,36.17,72.34
2889,C0613,F,30,Edmonton,Sneakers,Clothing,2025-02-14,2,82.8,165.6
2890,C0837,M,59,Toronto,Jeans,Clothing,2025-10-29,1,57.7,57.7
2891,C0232,F,27,Montreal,Keyboard,Electronics,2025-01-13,1,37.38,37.38
2892,C0619,M,22,Halifax,Vacuum,Home,2025-02-21,1,153.18,153.18
2893,C0469,M,53,Vancouver,Lamp,Home,2025-09-22,1,38.31,38.31
2894,C0212,F,36,Montreal,Air Fryer,Home,2025-02-12,1,116.53,116.53
2895,C1130,M,47,Toronto,Perfume,Beauty,2025-01-07,1,47.69,47.69
2896,C0265,M,64,Halifax,Dress,Clothing,2025-08-18,1,63.3,63.3
2897,C1282,F,58,Toronto,Charger,Electronics,2025-02-13,2,20.1,40.2
2898,C0625,F,65,Edmonton,Mouse,Electronics,2025-06-21,1,23.92,23.92
2899,C1370,M,45,Montreal,Smartwatch,Electronics,2025-04-12,1,169.9,169.9
2900,C1235,F,48,Calgary,Lotion,Beauty,2025-08-11,1,18.74,18.74
2901,C1017,F,53,Montreal,Mascara,Beauty,2025-03-09,1,17.24,17.24
2902,C1107,F,60,Vancouver,Air Fryer,Home,2025-05-02,1,103.05,103.05
2903,C1107,F,18,Montreal,Lotion,Beauty,2025-03-18,2,20.7,41.4
2904,C0762,M,26,Vancouver,Headphones,Electronics,2025-10-27,1,72.61,72.61
2905,C0349,F,29,Vancouver,Smartwatch,Electronics,2025-10-23,3,164.88,494.64
2906,C0295,F,40,Vancouver,Lotion,Beauty,2025-07-24,3,19.66,58.98
2907,C0188,M,29,Calgary,Sneakers,Clothing,2025-06-20,2,78.2,156.4
2908,C1442,F,59,Calgary,Serum,Beauty,2025-08-06,2,41.12,82.24
2909,C0827,F,26,Toronto,Smartwatch,Electronics,2025-07-12,2,160.25,320.5
2910,C0896,F,43,Ottawa,Headphones,Electronics,2025-06-02,1,68.7,68.7
2911,C0902,M,47,Calgary,Mascara,Beauty,2025-02-10,4,18.32,73.28
2912,C1308,M,37,Winnipeg,Perfume,Beauty,2025-01-23,1,42.24,42.24
2913,C0331,F,33,Winnipeg,Blender,Home,2025-07-05,1,78.75,78.75
2914,C1500,F,30,Calgary,T-Shirt,Clothing,2025-08-04,1,19.62,19.62
2915,C0041,M,52,Halifax,Perfume,Beauty,2025-02-12,2,42.54,85.08
2916,C1096,M,21,Toronto,Toaster,Home,2025-04-23,1,33.21,33.21
2917,C0756,M,42,Toronto,Blender,Home,2025-08-19,3,91.67,275.01
2918,C0923,M,30,Toronto,Dress,Clothing,2025-04-20,1,60.37,60.37
2919,C1333,M,45,Winnipeg,Keyboard,Electronics,2025-05-18,2,39.87,79.74
2920,C1403,F,62,Montreal,Keyboard,Electronics,2025-04-15,1,41.52,41.52
2921,C1018,F,29,Vancouver,Headphones,Electronics,2025-05-20,1,76.32,76.32
2922,C1291,M,41,Winnipeg,Vacuum,Home,2025-09-12,1,138.37,138.37
2923,C0239,F,45,Calgary,Jeans,Clothing,2025-03-16,1,58.67,58.67
2924,C0599,F,18,Edmonton,Shampoo,Beauty,2025-08-21,1,12.2,12.2
2925,C0662,F,51,Vancouver,Headphones,Electronics,2025-07-31,3,65.05,195.15
2926,C0005,F,20,Ottawa,Sneakers,Clothing,2025-02-27,1,81.55,81.55
2927,C1136,F,39,Halifax,Dress,Clothing,2025-02-07,2,59.79,119.58
2928,C0318,F,38,Toronto,Sneakers,Clothing,2025-09-19,1,88.25,88.25
2929,C0671,F,44,Ottawa,Air Fryer,Home,2025-07-31,1,104.34,104.34
2930,C0047,F,38,Edmonton,Headphones,Electronics,2025-05-18,1,70.49,70.49
2931,C1317,M,39,Edmonton,Smartwatch,Electronics,2025-10-09,1,165.91,165.91
2932,C1391,M,30,Edmonton,Air Fryer,Home,2025-02-27,3,108.87,326.61
2933,C1050,F,61,Winnipeg,Serum,Beauty,2025-09-30,2,40.76,81.52
2934,C1239,M,33,Toronto,Keyboard,Electronics,2025-02-22,1,42.96,42.96
2935,C0299,F,63,Toronto,Lamp,Home,2025-07-25,2,39.77,79.54
2936,C0061,M,41,Halifax,Mascara,Beauty,2025-01-05,1,19.7,19.7
2937,C1446,F,63,Halifax,Air Fryer,Home,2025-04-17,2,100.66,201.32
2938,C0998,F,34,Ottawa,Smartwatch,Electronics,2025-08-31,2,144.11,288.22
2939,C0384,M,22,Vancouver,Hoodie,Clothing,2025-05-28,2,43.93,87.86
2940,C1440,F,55,Edmonton,Lotion,Beauty,2025-06-28,1,20.4,20.4
2941,C0756,F,59,Halifax,Mascara,Beauty,2025-06-23,1,18.47,18.47
2942,C0576,M,44,Ottawa,Blender,Home,2025-05-19,1,84.6,84.6
2943,C0967,F,58,Montreal,Smartwatch,Electronics,2025-06-24,4,148,592
2944,C1424,M,49,Halifax,Vacuum,Home,2025-09-10,3,140.11,420.33
2945,C0177,M,43,Calgary,Air Fryer,Home,2025-09-07,1,117.75,117.75
2946,C0093,F,24,Calgary,Lotion,Beauty,2025-05-16,2,21.47,42.94
2947,C0276,M,53,Winnipeg,Charger,Electronics,2025-01-22,3,20.7,62.1
2948,C0534,M,24,Vancouver,Mouse,Electronics,2025-02-07,1,25.82,25.82
2949,C0183,F,60,Vancouver,Charger,Electronics,2025-01-27,2,20.39,40.78
2950,C0864,M,44,Vancouver,Hoodie,Clothing,2025-10-09,1,42.33,42.33
2951,C0412,M,55,Ottawa,Hoodie,Clothing,2025-10-06,1,44.35,44.35
2952,C1055,F,65,Ottawa,Toaster,Home,2025-04-30,1,36.37,36.37
2953,C0215,M,65,Halifax,Lamp,Home,2025-09-10,1,40.3,40.3
2954,C0979,M,41,Winnipeg,Camera,Electronics,2025-03-06,2,289.19,578.38
2955,C0352,F,41,Edmonton,T-Shirt,Clothing,2025-03-15,1,21.81,21.81
2956,C1236,F,62,Ottawa,Vacuum,Home,2025-10-30,1,160.34,160.34
2957,C1209,M,61,Toronto,Lamp,Home,2025-06-23,1,38.08,38.08
2958,C0927,F,46,Ottawa,Dress,Clothing,2025-09-17,1,61.4,61.4
2959,C1195,F,44,Calgary,Lotion,Beauty,2025-10-12,1,21.69,21.69
2960,C0232,M,51,Calgary,Sneakers,Clothing,2025-03-14,1,78.13,78.13
2961,C1098,M,38,Toronto,Lipstick,Beauty,2025-03-20,1,15.01,15.01
2962,C0253,F,62,Ottawa,Mouse,Electronics,2025-02-13,2,24.78,49.56
2963,C0905,M,18,Ottawa,Keyboard,Electronics,2025-08-21,3,39.28,117.84
2964,C1322,F,27,Winnipeg,T-Shirt,Clothing,2025-01-03,1,21.34,21.34
2965,C1098,F,47,Montreal,T-Shirt,Clothing,2025-03-20,2,19.52,39.04
2966,C0434,M,45,Halifax,Toaster,Home,2025-06-30,3,31.95,95.85
2967,C0741,M,59,Montreal,Toaster,Home,2025-05-19,2,31.96,63.92
2968,C1223,F,47,Winnipeg,Smartwatch,Electronics,2025-10-30,2,145.37,290.74
2969,C0724,F,45,Calgary,Sneakers,Clothing,2025-01-07,2,83.46,166.92
2970,C0084,F,46,Vancouver,Keyboard,Electronics,2025-08-01,1,41.75,41.75
2971,C0712,F,48,Winnipeg,Charger,Electronics,2025-01-01,1,18.81,18.81
2972,C0998,F,60,Edmonton,Lotion,Beauty,2025-07-03,2,20.59,41.18
2973,C0217,F,58,Winnipeg,Blender,Home,2025-09-08,1,88.18,88.18
2974,C1485,F,21,Calgary,Lamp,Home,2025-08-03,3,38.04,114.12
2975,C1261,M,36,Edmonton,Camera,Electronics,2025-03-18,2,326.44,652.88
2976,C1485,F,27,Halifax,Perfume,Beauty,2025-02-12,1,46.66,46.66
2977,C0511,F,62,Toronto,Jeans,Clothing,2025-06-06,2,54.63,109.26
2978,C0258,F,48,Ottawa,Lipstick,Beauty,2025-01-18,1,14.51,14.51
2979,C0229,M,51,Winnipeg,Blender,Home,2025-08-08,2,87.03,174.06
2980,C0298,F,58,Montreal,Jacket,Clothing,2025-03-14,1,98.6,98.6
2981,C0618,M,56,Edmonton,Headphones,Electronics,2025-07-09,3,68.98,206.94
2982,C0505,M,59,Calgary,Lotion,Beauty,2025-09-19,1,19.57,19.57
2983,C0651,M,61,Halifax,Air Fryer,Home,2025-05-24,2,109.21,218.42
2984,C0440,F,48,Edmonton,Jeans,Clothing,2025-05-09,5,50.34,251.7
2985,C0173,M,28,Winnipeg,Mouse,Electronics,2025-10-05,1,25.27,25.27
2986,C0941,F,53,Toronto,Hoodie,Clothing,2025-10-29,2,43.46,86.92
2987,C0669,M,61,Vancouver,Shampoo,Beauty,2025-07-09,1,11.09,11.09
2988,C0162,F,61,Winnipeg,Mouse,Electronics,2025-05-31,2,24.83,49.66
2989,C1477,F,49,Calgary,Air Fryer,Home,2025-04-05,1,99.07,99.07
2990,C0607,F,40,Ottawa,Sneakers,Clothing,2025-02-07,3,83.33,249.99
2991,C0858,F,57,Ottawa,Serum,Beauty,2025-06-05,3,35,105
2992,C0020,F,63,Montreal,Jacket,Clothing,2025-10-27,1,81.44,81.44
2993,C1096,M,56,Halifax,Camera,Electronics,2025-02-11,1,340.77,340.77
2994,C0582,M,20,Winnipeg,Keyboard,Electronics,2025-05-06,2,43.33,86.66
2995,C0402,F,45,Toronto,Shampoo,Beauty,2025-03-18,1,11.3,11.3
2996,C0712,M,42,Vancouver,Dress,Clothing,2025-04-06,1,60.47,60.47
2997,C1468,F,45,Winnipeg,Perfume,Beauty,2025-09-20,1,43,43
2998,C1397,F,36,Winnipeg,Keyboard,Electronics,2025-08-13,1,39.95,39.95
2999,C0308,F,63,Vancouver,Camera,Electronics,2025-04-21,1,315.94,315.94
3000,C1308,M,36,Toronto,Jacket,Clothing,2025-08-26,3,85.84,257.52
3001,C1369,M,59,Halifax,Toaster,Home,2025-07-24,2,36.4,72.8
3002,C1300,M,61,Montreal,Blender,Home,2025-10-15,2,78.65,157.3
3003,C1350,F,46,Ottawa,Shampoo,Beauty,2025-09-20,1,10.93,10.93
3004,C0549,M,36,Vancouver,Blender,Home,2025-03-17,1,89.55,89.55
3005,C1040,F,35,Toronto,Smartwatch,Electronics,2025-05-23,1,165.31,165.31
3006,C0183,F,62,Montreal,Sneakers,Clothing,2025-03-26,5,84.97,424.85
3007,C0868,F,41,Ottawa,Jacket,Clothing,2025-09-09,1,89.42,89.42
3008,C1217,M,55,Toronto,Shampoo,Beauty,2025-08-20,1,11.99,11.99
3009,C1038,F,33,Montreal,Kettle,Home,2025-10-22,1,27.65,27.65
3010,C0024,M,35,Halifax,Serum,Beauty,2025-05-10,2,37.19,74.38
3011,C0806,F,58,Calgary,Smartwatch,Electronics,2025-10-12,2,159.99,319.98
3012,C0236,M,30,Winnipeg,Keyboard,Electronics,2025-01-29,1,40.23,40.23
3013,C0850,F,21,Winnipeg,Camera,Electronics,2025-08-16,1,332.28,332.28
3014,C0503,M,30,Winnipeg,Mouse,Electronics,2025-10-21,2,26.06,52.12
3015,C0255,F,52,Winnipeg,Toaster,Home,2025-01-07,1,34.14,34.14
3016,C0377,F,21,Toronto,Charger,Electronics,2025-01-30,2,19.65,39.3
3017,C1339,F,36,Vancouver,Kettle,Home,2025-08-03,2,27.29,54.58
3018,C1331,M,41,Toronto,Keyboard,Electronics,2025-04-25,2,40.29,80.58
3019,C1133,F,50,Ottawa,Shampoo,Beauty,2025-08-03,2,11.89,23.78
3020,C1299,F,50,Toronto,Kettle,Home,2025-06-13,3,30.18,90.54
3021,C1342,F,26,Winnipeg,Camera,Electronics,2025-06-19,3,332.57,997.71
3022,C0767,F,20,Edmonton,Keyboard,Electronics,2025-08-09,1,43.19,43.19
3023,C1269,M,20,Ottawa,Vacuum,Home,2025-09-17,1,156.27,156.27
3024,C0422,M,47,Halifax,Headphones,Electronics,2025-07-31,2,76.59,153.18
3025,C0131,M,35,Montreal,Lotion,Beauty,2025-09-18,1,20.54,20.54
3026,C0944,M,19,Calgary,Headphones,Electronics,2025-10-29,3,76.49,229.47
3027,C1449,F,49,Ottawa,Jeans,Clothing,2025-05-10,1,51.24,51.24
3028,C1169,M,60,Winnipeg,Air Fryer,Home,2025-04-15,3,100.15,300.45
3029,C1367,M,26,Montreal,Toaster,Home,2025-02-23,1,35.55,35.55
3030,C0219,F,19,Montreal,Kettle,Home,2025-04-18,2,30.71,61.42
3031,C0197,F,37,Halifax,Shampoo,Beauty,2025-10-16,1,11.8,11.8
3032,C0595,F,44,Calgary,Mouse,Electronics,2025-09-12,5,23.56,117.8
3033,C0783,M,53,Vancouver,Vacuum,Home,2025-10-05,1,150.65,150.65
3034,C0618,F,58,Vancouver,Lipstick,Beauty,2025-02-16,1,15.45,15.45
3035,C0696,M,63,Toronto,Shampoo,Beauty,2025-05-14,1,11.56,11.56
3036,C0844,F,36,Vancouver,Shampoo,Beauty,2025-01-24,3,12.52,37.56
3037,C1102,F,33,Toronto,Keyboard,Electronics,2025-04-27,1,43.8,43.8
3038,C1395,F,43,Halifax,Dress,Clothing,2025-08-27,2,64.76,129.52
3039,C1119,F,31,Ottawa,Lipstick,Beauty,2025-02-10,2,14.37,28.74
3040,C0389,M,64,Winnipeg,Smartwatch,Electronics,2025-09-07,3,154.46,463.38
3041,C0515,M,35,Edmonton,Perfume,Beauty,2025-03-30,2,43.84,87.68
3042,C0047,F,45,Edmonton,Jacket,Clothing,2025-04-02,1,88.1,88.1
3043,C1182,M,64,Edmonton,Shampoo,Beauty,2025-03-22,2,11.04,22.08
3044,C0751,F,36,Halifax,Camera,Electronics,2025-05-10,2,336.77,673.54
3045,C0271,M,47,Edmonton,Toaster,Home,2025-04-01,1,34.06,34.06
3046,C0422,F,58,Ottawa,Lamp,Home,2025-04-10,1,43.04,43.04
3047,C1052,M,38,Toronto,Charger,Electronics,2025-03-19,1,21.71,21.71
3048,C1201,M,38,Winnipeg,Keyboard,Electronics,2025-02-12,1,36.2,36.2
3049,C0087,M,65,Calgary,Mouse,Electronics,2025-05-03,1,27.44,27.44
3050,C0687,M,47,Calgary,Lotion,Beauty,2025-10-15,2,20.84,41.68
3051,C0719,M,59,Vancouver,Lipstick,Beauty,2025-01-23,4,15.06,60.24
3052,C0862,F,54,Winnipeg,Keyboard,Electronics,2025-05-24,1,39.12,39.12
3053,C0758,M,58,Halifax,Lotion,Beauty,2025-09-15,2,20.07,40.14
3054,C1292,F,63,Halifax,Headphones,Electronics,2025-01-07,1,67.54,67.54
3055,C0054,M,49,Halifax,Toaster,Home,2025-10-04,1,35.86,35.86
3056,C0083,F,47,Ottawa,Jacket,Clothing,2025-07-05,2,82.67,165.34
3057,C0544,F,39,Ottawa,Vacuum,Home,2025-04-05,4,153.63,614.52
3058,C0385,M,41,Halifax,Lotion,Beauty,2025-01-25,1,19.1,19.1
3059,C0523,F,27,Edmonton,Perfume,Beauty,2025-10-18,1,40.66,40.66
3060,C0223,F,41,Calgary,Hoodie,Clothing,2025-08-15,1,45.47,45.47
3061,C0286,F,18,Winnipeg,Headphones,Electronics,2025-06-22,1,71.1,71.1
3062,C0824,M,52,Montreal,Shampoo,Beauty,2025-05-15,2,11.82,23.64
3063,C0444,F,33,Calgary,Mouse,Electronics,2025-10-15,2,22.86,45.72
3064,C0089,M,22,Halifax,Air Fryer,Home,2025-03-10,2,118.65,237.3
3065,C1185,F,48,Calgary,Lamp,Home,2025-10-08,1,40.89,40.89
3066,C0767,F,62,Montreal,Lotion,Beauty,2025-08-19,3,18.46,55.38
3067,C1182,F,54,Vancouver,Lotion,Beauty,2025-09-15,1,20.04,20.04
3068,C0269,M,42,Toronto,T-Shirt,Clothing,2025-06-22,2,19.99,39.98
3069,C0908,F,60,Vancouver,Lotion,Beauty,2025-02-01,1,18.24,18.24
3070,C1404,F,42,Edmonton,Vacuum,Home,2025-07-19,3,153.21,459.63
3071,C1056,M,20,Montreal,Vacuum,Home,2025-03-21,2,159.25,318.5
3072,C0087,M,55,Winnipeg,Lamp,Home,2025-03-16,3,41.99,125.97
3073,C0093,M,49,Winnipeg,Mouse,Electronics,2025-09-21,1,23.51,23.51
3074,C0802,F,65,Montreal,Lipstick,Beauty,2025-03-26,2,16.09,32.18
3075,C0595,M,37,Vancouver,Charger,Electronics,2025-08-05,2,19.37,38.74
3076,C1113,M,47,Edmonton,Hoodie,Clothing,2025-05-01,2,49.02,98.04
3077,C0154,M,19,Winnipeg,Jeans,Clothing,2025-01-20,1,50.29,50.29
3078,C0896,F,22,Edmonton,Lipstick,Beauty,2025-05-29,1,14.96,14.96
3079,C1182,F,36,Toronto,Lipstick,Beauty,2025-01-07,1,15.29,15.29
3080,C0890,M,37,Halifax,Hoodie,Clothing,2025-03-27,1,42.73,42.73
3081,C0418,M,39,Vancouver,Toaster,Home,2025-05-27,3,36.9,110.7
3082,C0253,F,28,Ottawa,Jeans,Clothing,2025-07-06,2,56.4,112.8
3083,C1313,F,35,Ottawa,Lotion,Beauty,2025-10-28,1,18.07,18.07
3084,C0768,M,44,Ottawa,Charger,Electronics,2025-07-12,3,20.43,61.29
3085,C0159,M,48,Toronto,Vacuum,Home,2025-10-09,1,149.74,149.74
3086,C0312,F,52,Winnipeg,Kettle,Home,2025-07-07,1,26.3,26.3
3087,C0799,F,61,Winnipeg,Headphones,Electronics,2025-01-18,1,76.94,76.94
3088,C0581,F,62,Toronto,Mascara,Beauty,2025-05-29,3,19.43,58.29
3089,C0435,M,38,Montreal,Charger,Electronics,2025-02-15,2,19.17,38.34
3090,C1378,M,37,Calgary,Perfume,Beauty,2025-01-12,1,45.37,45.37
3091,C1006,M,26,Toronto,Charger,Electronics,2025-08-18,2,19.27,38.54
3092,C0265,F,48,Edmonton,Hoodie,Clothing,2025-04-23,1,47.48,47.48
3093,C1032,F,26,Calgary,Charger,Electronics,2025-06-09,1,21.72,21.72
3094,C1018,F,24,Halifax,T-Shirt,Clothing,2025-08-15,1,19.44,19.44
3095,C0107,M,50,Winnipeg,Shampoo,Beauty,2025-07-02,1,12.73,12.73
3096,C0932,F,18,Ottawa,Lamp,Home,2025-02-24,3,39.99,119.97
3097,C0739,M,36,Ottawa,Jacket,Clothing,2025-09-23,2,88.14,176.28
3098,C1093,M,20,Calgary,Mascara,Beauty,2025-02-04,1,19.58,19.58
3099,C0440,M,56,Winnipeg,Perfume,Beauty,2025-03-21,1,45.09,45.09
3100,C1162,F,29,Vancouver,Keyboard,Electronics,2025-01-06,1,39.74,39.74
3101,C1382,F,47,Halifax,Perfume,Beauty,2025-05-07,1,46.55,46.55
3102,C0842,F,33,Montreal,Air Fryer,Home,2025-03-09,1,104.75,104.75
3103,C0895,F,30,Montreal,Jacket,Clothing,2025-07-09,1,86.85,86.85
3104,C0651,M,41,Winnipeg,Charger,Electronics,2025-09-01,2,21.73,43.46
3105,C0520,M,34,Vancouver,Lipstick,Beauty,2025-01-09,1,15.54,15.54
3106,C1092,M,44,Edmonton,Keyboard,Electronics,2025-06-06,1,42.61,42.61
3107,C0146,M,46,Calgary,Toaster,Home,2025-03-12,3,33.4,100.2
3108,C1274,F,58,Calgary,Lipstick,Beauty,2025-05-14,1,15.13,15.13
3109,C0384,M,31,Toronto,Smartwatch,Electronics,2025-10-27,1,175.08,175.08
3110,C0468,F,22,Ottawa,Toaster,Home,2025-09-06,1,33.73,33.73
3111,C0762,M,60,Ottawa,Air Fryer,Home,2025-02-13,1,102.53,102.53
3112,C0890,F,55,Calgary,Perfume,Beauty,2025-04-26,1,45.1,45.1
3113,C0515,M,23,Toronto,Vacuum,Home,2025-08-16,1,146.63,146.63
3114,C1388,F,41,Edmonton,Perfume,Beauty,2025-02-26,3,41.94,125.82
3115,C1423,F,57,Edmonton,Lipstick,Beauty,2025-09-01,2,16.17,32.34
3116,C0120,M,50,Toronto,Hoodie,Clothing,2025-02-26,2,49.42,98.84
3117,C0750,M,26,Montreal,Toaster,Home,2025-05-23,1,35.48,35.48
3118,C0055,F,59,Montreal,Lotion,Beauty,2025-07-11,1,21.1,21.1
3119,C1094,M,20,Calgary,Serum,Beauty,2025-01-07,1,40.73,40.73
3120,C0356,F,40,Edmonton,Perfume,Beauty,2025-10-02,1,46.81,46.81
3121,C1492,F,38,Montreal,Serum,Beauty,2025-05-14,1,34.54,34.54
3122,C1312,M,39,Toronto,Shampoo,Beauty,2025-02-08,1,11.18,11.18
3123,C0774,F,62,Vancouver,Lipstick,Beauty,2025-07-12,1,13.71,13.71
3124,C0912,M,25,Halifax,Keyboard,Electronics,2025-01-25,1,36.08,36.08
3125,C1009,F,37,Winnipeg,Air Fryer,Home,2025-04-12,1,105.73,105.73
3126,C0962,F,31,Winnipeg,Toaster,Home,2025-05-31,1,34.25,34.25
3127,C1261,F,47,Ottawa,Blender,Home,2025-08-05,1,80.6,80.6
3128,C0218,M,25,Calgary,Serum,Beauty,2025-08-18,1,34.69,34.69
3129,C0724,M,36,Edmonton,Hoodie,Clothing,2025-09-24,1,45.27,45.27
3130,C1294,M,62,Montreal,Dress,Clothing,2025-06-11,1,57.28,57.28
3131,C1342,M,55,Winnipeg,Hoodie,Clothing,2025-10-14,1,47.66,47.66
3132,C0264,M,53,Montreal,Hoodie,Clothing,2025-06-15,1,40.57,40.57
3133,C0344,F,23,Toronto,T-Shirt,Clothing,2025-09-04,1,21.37,21.37
3134,C0827,F,51,Montreal,Mouse,Electronics,2025-06-23,2,27.27,54.54
3135,C0521,F,27,Ottawa,Mascara,Beauty,2025-01-09,1,18.78,18.78
3136,C1066,M,48,Calgary,Toaster,Home,2025-10-03,1,36.64,36.64
3137,C1042,F,28,Montreal,Kettle,Home,2025-02-28,1,30.43,30.43
3138,C1234,M,60,Halifax,Toaster,Home,2025-03-26,1,32.96,32.96
3139,C0432,M,52,Vancouver,Camera,Electronics,2025-05-30,1,351.65,351.65
3140,C0330,M,28,Halifax,Shampoo,Beauty,2025-03-01,4,12.66,50.64
3141,C0276,F,57,Vancouver,Keyboard,Electronics,2025-05-05,2,41.81,83.62
3142,C1446,F,49,Halifax,Dress,Clothing,2025-02-10,1,58.33,58.33
3143,C0937,M,43,Edmonton,Camera,Electronics,2025-06-22,2,322.93,645.86
3144,C0727,M,39,Edmonton,Keyboard,Electronics,2025-09-17,1,41.23,41.23
3145,C0747,M,18,Halifax,Shampoo,Beauty,2025-06-22,1,12.29,12.29
3146,C1172,F,65,Winnipeg,Charger,Electronics,2025-07-05,2,20.82,41.64
3147,C1074,M,46,Calgary,Hoodie,Clothing,2025-08-29,1,41.24,41.24
3148,C0133,F,56,Vancouver,Blender,Home,2025-04-04,1,82.55,82.55
3149,C0700,F,39,Halifax,Kettle,Home,2025-03-04,2,27.63,55.26
3150,C0987,M,49,Vancouver,Mouse,Electronics,2025-08-09,1,23.8,23.8
3151,C0585,M,42,Edmonton,Kettle,Home,2025-01-08,4,26.17,104.68
3152,C0811,M,57,Winnipeg,Serum,Beauty,2025-08-01,2,35.26,70.52
3153,C0105,F,62,Montreal,Lamp,Home,2025-07-28,2,38.93,77.86
3154,C0292,M,46,Vancouver,Keyboard,Electronics,2025-07-28,1,39.95,39.95
3155,C0232,M,54,Winnipeg,Charger,Electronics,2025-03-26,1,18.25,18.25
3156,C1125,M,49,Halifax,Kettle,Home,2025-07-26,2,30.5,61
3157,C0259,M,47,Montreal,Sneakers,Clothing,2025-06-02,5,89.51,447.55
3158,C0957,F,35,Halifax,Shampoo,Beauty,2025-06-10,1,12.55,12.55
3159,C1316,M,61,Ottawa,Jeans,Clothing,2025-04-26,4,51.4,205.6
3160,C0112,M,65,Halifax,Camera,Electronics,2025-09-08,1,326.64,326.64
3161,C1069,F,20,Toronto,Smartwatch,Electronics,2025-07-02,1,160.95,160.95
3162,C1181,M,29,Halifax,Lipstick,Beauty,2025-06-13,1,16.45,16.45
3163,C0225,F,37,Winnipeg,Mouse,Electronics,2025-03-21,1,26.24,26.24
3164,C0904,M,25,Edmonton,Mouse,Electronics,2025-01-07,2,25.38,50.76
3165,C1097,F,48,Montreal,Lipstick,Beauty,2025-03-28,1,16.05,16.05
3166,C0918,M,41,Toronto,Keyboard,Electronics,2025-01-08,3,37.24,111.72
3167,C0581,M,30,Montreal,Hoodie,Clothing,2025-02-05,1,40.64,40.64
3168,C1196,F,25,Winnipeg,Lotion,Beauty,2025-09-08,1,20.76,20.76
3169,C1444,M,59,Montreal,Kettle,Home,2025-04-10,2,25.75,51.5
3170,C0736,M,31,Winnipeg,Camera,Electronics,2025-03-20,1,295.39,295.39
3171,C1438,M,32,Calgary,Vacuum,Home,2025-10-13,2,157.34,314.68
3172,C0561,M,38,Halifax,Perfume,Beauty,2025-09-28,1,42.93,42.93
3173,C1260,F,32,Montreal,Mascara,Beauty,2025-08-09,1,18.46,18.46
3174,C1003,F,43,Vancouver,Lipstick,Beauty,2025-07-15,1,16.25,16.25
3175,C0887,F,55,Winnipeg,Perfume,Beauty,2025-08-14,3,43.35,130.05
3176,C1263,M,63,Vancouver,Lotion,Beauty,2025-03-28,1,18.87,18.87
3177,C0380,F,55,Montreal,Blender,Home,2025-02-27,2,78.31,156.62
3178,C0457,F,50,Edmonton,Sneakers,Clothing,2025-06-19,2,78.72,157.44
3179,C1228,M,27,Halifax,Jeans,Clothing,2025-04-07,1,50.18,50.18
3180,C1443,M,36,Edmonton,Toaster,Home,2025-05-26,2,32.11,64.22
3181,C0084,F,28,Edmonton,Serum,Beauty,2025-01-18,1,37.48,37.48
3182,C1238,M,20,Halifax,Mouse,Electronics,2025-07-03,1,24.1,24.1
3183,C1415,F,40,Halifax,Mouse,Electronics,2025-05-23,1,26.03,26.03
3184,C0359,F,23,Ottawa,Mascara,Beauty,2025-03-03,1,19.33,19.33
3185,C1397,M,58,Vancouver,Charger,Electronics,2025-06-12,1,21.14,21.14
3186,C0058,F,58,Toronto,Headphones,Electronics,2025-02-09,1,70.43,70.43
3187,C0684,F,46,Ottawa,Keyboard,Electronics,2025-06-28,1,36.82,36.82
3188,C0437,M,21,Toronto,Charger,Electronics,2025-08-23,2,20.84,41.68
3189,C1014,F,20,Winnipeg,T-Shirt,Clothing,2025-03-01,1,19.45,19.45
3190,C0874,F,37,Montreal,Toaster,Home,2025-08-16,2,32.1,64.2
3191,C0764,M,60,Montreal,Headphones,Electronics,2025-08-27,1,74.79,74.79
3192,C0840,F,25,Halifax,T-Shirt,Clothing,2025-02-25,2,19.35,38.7
3193,C0649,M,23,Montreal,T-Shirt,Clothing,2025-08-22,1,18.87,18.87
3194,C0518,F,22,Vancouver,Camera,Electronics,2025-03-25,1,343.77,343.77
3195,C0787,F,25,Edmonton,Headphones,Electronics,2025-07-22,1,75.63,75.63
3196,C0086,F,25,Ottawa,Charger,Electronics,2025-02-10,1,19.36,19.36
3197,C0879,M,52,Toronto,Hoodie,Clothing,2025-01-17,1,43.69,43.69
3198,C1172,M,36,Winnipeg,Jacket,Clothing,2025-04-15,2,91.43,182.86
3199,C0980,F,65,Calgary,Lipstick,Beauty,2025-01-25,3,15.7,47.1
3200,C1499,M,27,Edmonton,Smartwatch,Electronics,2025-04-03,2,146.02,292.04
3201,C0667,M,52,Ottawa,Mouse,Electronics,2025-08-03,1,25.47,25.47
3202,C1159,M,26,Toronto,Mouse,Electronics,2025-07-03,1,27.26,27.26
3203,C1142,M,25,Winnipeg,Shampoo,Beauty,2025-08-05,3,11.43,34.29
3204,C1403,M,25,Calgary,Jeans,Clothing,2025-05-31,1,59.5,59.5
3205,C0264,M,25,Ottawa,Toaster,Home,2025-09-15,3,38.15,114.45
3206,C0323,F,37,Ottawa,Hoodie,Clothing,2025-10-28,1,42.92,42.92
3207,C0011,M,24,Edmonton,Jeans,Clothing,2025-04-29,4,57.8,231.2
3208,C0263,F,63,Montreal,Blender,Home,2025-05-14,3,80.56,241.68
3209,C1048,F,39,Edmonton,Keyboard,Electronics,2025-07-26,2,41.9,83.8
3210,C0908,F,34,Ottawa,Lamp,Home,2025-09-20,1,42.38,42.38
3211,C0840,M,61,Edmonton,Serum,Beauty,2025-07-09,1,36.08,36.08
3212,C1165,F,22,Edmonton,Lamp,Home,2025-06-07,3,41.73,125.19
3213,C0454,F,51,Winnipeg,Mascara,Beauty,2025-03-17,3,19.12,57.36
3214,C1255,M,42,Edmonton,Vacuum,Home,2025-02-21,1,145.76,145.76
3215,C1140,F,64,Halifax,Mascara,Beauty,2025-08-14,1,16.8,16.8
3216,C0280,M,60,Winnipeg,Shampoo,Beauty,2025-04-04,2,11.02,22.04
3217,C0550,F,32,Toronto,Mascara,Beauty,2025-10-19,1,18.27,18.27
3218,C0199,F,48,Montreal,Serum,Beauty,2025-10-18,2,41.63,83.26
3219,C0670,F,62,Ottawa,Blender,Home,2025-06-27,2,90.49,180.98
3220,C1307,F,36,Winnipeg,Lamp,Home,2025-04-16,3,39.49,118.47
3221,C0286,M,61,Montreal,Camera,Electronics,2025-03-17,1,322.34,322.34
3222,C1152,F,48,Halifax,Perfume,Beauty,2025-01-04,1,43.02,43.02
3223,C1231,F,64,Calgary,Shampoo,Beauty,2025-07-06,1,11.19,11.19
3224,C0885,M,29,Toronto,Shampoo,Beauty,2025-01-20,3,11.96,35.88
3225,C0258,F,40,Calgary,Lipstick,Beauty,2025-10-02,1,14.89,14.89
3226,C0776,F,40,Toronto,Jeans,Clothing,2025-05-16,1,55.24,55.24
3227,C0657,M,53,Vancouver,Lotion,Beauty,2025-01-27,1,21.81,21.81
3228,C0511,F,28,Calgary,Charger,Electronics,2025-05-16,1,20.42,20.42
3229,C0560,M,39,Winnipeg,Serum,Beauty,2025-01-18,2,38.8,77.6
3230,C0064,F,64,Vancouver,Lotion,Beauty,2025-10-12,2,18.51,37.02
3231,C0701,M,47,Edmonton,Mouse,Electronics,2025-10-29,2,27.48,54.96
3232,C0141,F,22,Montreal,Blender,Home,2025-05-18,1,89.64,89.64
3233,C0978,F,54,Calgary,Serum,Beauty,2025-08-20,3,40.87,122.61
3234,C0740,F,37,Ottawa,Mascara,Beauty,2025-09-14,1,17.69,17.69
3235,C0107,M,27,Edmonton,Camera,Electronics,2025-08-07,2,320.14,640.28
3236,C0213,M,39,Toronto,Shampoo,Beauty,2025-05-12,1,12.05,12.05
3237,C1040,F,59,Halifax,Lotion,Beauty,2025-09-13,1,18.78,18.78
3238,C0388,M,47,Halifax,Sneakers,Clothing,2025-04-06,1,88.22,88.22
3239,C0258,M,47,Ottawa,Toaster,Home,2025-10-01,1,37.82,37.82
3240,C1138,F,39,Winnipeg,Charger,Electronics,2025-10-28,2,18.65,37.3
3241,C0833,F,55,Ottawa,Headphones,Electronics,2025-01-15,1,64.21,64.21
3242,C0798,M,55,Edmonton,Keyboard,Electronics,2025-06-28,1,41.91,41.91
3243,C0886,M,55,Montreal,Keyboard,Electronics,2025-09-17,3,38.19,114.57
3244,C0038,F,24,Montreal,Blender,Home,2025-03-29,1,87.11,87.11
3245,C0916,M,53,Ottawa,Air Fryer,Home,2025-04-04,1,114.31,114.31
3246,C1049,F,31,Edmonton,Lipstick,Beauty,2025-01-28,1,14.47,14.47
3247,C0893,M,28,Ottawa,Smartwatch,Electronics,2025-07-04,2,170.08,340.16
3248,C1076,F,24,Ottawa,Headphones,Electronics,2025-03-16,1,70.7,70.7
3249,C0851,F,49,Toronto,Sneakers,Clothing,2025-02-23,5,91.27,456.35
3250,C1115,M,35,Montreal,Blender,Home,2025-02-16,1,89.48,89.48
3251,C1162,M,51,Calgary,Mouse,Electronics,2025-09-05,1,26.84,26.84
3252,C1233,F,19,Montreal,Shampoo,Beauty,2025-08-22,1,10.85,10.85
3253,C0061,M,24,Ottawa,Blender,Home,2025-04-28,2,80.64,161.28
3254,C0111,M,60,Winnipeg,Shampoo,Beauty,2025-09-17,1,11.02,11.02
3255,C0258,M,48,Calgary,Headphones,Electronics,2025-08-18,2,69.19,138.38
3256,C0135,F,35,Edmonton,Mascara,Beauty,2025-10-17,1,19.4,19.4
3257,C0060,M,37,Winnipeg,Vacuum,Home,2025-08-29,1,149.03,149.03
3258,C0189,F,24,Halifax,Serum,Beauty,2025-07-01,3,40.66,121.98
3259,C0336,F,39,Edmonton,Camera,Electronics,2025-04-11,2,308.94,617.88
3260,C0625,M,54,Calgary,Sneakers,Clothing,2025-09-05,1,82.27,82.27
3261,C1051,M,51,Halifax,Mascara,Beauty,2025-04-23,2,19.42,38.84
3262,C1025,M,63,Calgary,Charger,Electronics,2025-08-09,2,19.7,39.4
3263,C0726,M,56,Montreal,Mouse,Electronics,2025-05-28,1,26.45,26.45
3264,C0086,F,59,Ottawa,Lotion,Beauty,2025-10-23,1,18.95,18.95
3265,C0667,F,57,Halifax,Blender,Home,2025-07-16,1,92.63,92.63
3266,C0080,M,33,Edmonton,Mascara,Beauty,2025-03-10,1,18.27,18.27
3267,C0572,M,31,Edmonton,Charger,Electronics,2025-10-15,2,21.04,42.08
3268,C1488,M,58,Edmonton,Charger,Electronics,2025-01-24,1,18.36,18.36
3269,C1432,M,49,Winnipeg,Vacuum,Home,2025-07-05,1,149.78,149.78
3270,C0803,F,55,Ottawa,Air Fryer,Home,2025-06-19,1,118.82,118.82
3271,C0801,F,56,Winnipeg,Lipstick,Beauty,2025-10-18,4,16.13,64.52
3272,C1425,F,43,Halifax,Mascara,Beauty,2025-02-01,2,16.37,32.74
3273,C1491,F,47,Vancouver,Blender,Home,2025-10-28,1,81.66,81.66
3274,C0875,M,58,Toronto,Mouse,Electronics,2025-06-25,1,24.72,24.72
3275,C0175,F,56,Montreal,Jacket,Clothing,2025-06-26,1,84.1,84.1
3276,C0866,F,26,Edmonton,Dress,Clothing,2025-10-17,2,62.76,125.52
3277,C0864,F,49,Winnipeg,T-Shirt,Clothing,2025-05-24,1,18.74,18.74
3278,C1083,F,24,Halifax,Camera,Electronics,2025-01-11,4,310.18,1240.72
3279,C0406,M,29,Vancouver,Mouse,Electronics,2025-05-27,1,25.82,25.82
3280,C0487,F,40,Vancouver,Kettle,Home,2025-07-14,1,27.9,27.9
3281,C0754,F,34,Edmonton,Keyboard,Electronics,2025-03-17,2,41.91,83.82
3282,C0283,F,38,Vancouver,Lotion,Beauty,2025-06-09,2,21.84,43.68
3283,C0737,M,29,Halifax,T-Shirt,Clothing,2025-04-10,1,18.47,18.47
3284,C0456,F,39,Winnipeg,Jeans,Clothing,2025-04-26,2,57.31,114.62
3285,C0222,F,40,Montreal,Charger,Electronics,2025-03-24,1,18.92,18.92
3286,C0880,M,22,Toronto,Shampoo,Beauty,2025-03-04,1,11.79,11.79
3287,C1209,F,35,Calgary,Mouse,Electronics,2025-05-12,3,22.66,67.98
3288,C0716,M,54,Toronto,Jeans,Clothing,2025-09-05,3,50.99,152.97
3289,C1065,M,54,Toronto,Jeans,Clothing,2025-05-11,2,53.02,106.04
3290,C1453,F,24,Halifax,Lipstick,Beauty,2025-06-07,1,14.53,14.53
3291,C0683,F,20,Edmonton,Shampoo,Beauty,2025-08-04,2,12.96,25.92
3292,C0780,M,18,Winnipeg,T-Shirt,Clothing,2025-02-03,1,20.97,20.97
3293,C0708,M,23,Edmonton,Camera,Electronics,2025-10-25,1,350.22,350.22
3294,C0250,M,24,Ottawa,Camera,Electronics,2025-10-06,2,326.34,652.68
3295,C0707,F,44,Vancouver,T-Shirt,Clothing,2025-10-23,1,18.97,18.97
3296,C1254,F,48,Vancouver,Shampoo,Beauty,2025-01-15,4,11.59,46.36
3297,C0004,F,25,Calgary,Toaster,Home,2025-04-25,1,33.74,33.74
3298,C0449,F,31,Ottawa,Lipstick,Beauty,2025-02-26,1,14.48,14.48
3299,C0887,F,32,Calgary,Camera,Electronics,2025-05-22,2,331.07,662.14
3300,C0511,F,24,Edmonton,Jacket,Clothing,2025-07-26,2,90.55,181.1
3301,C0898,M,24,Montreal,Headphones,Electronics,2025-05-20,1,68.4,68.4
3302,C0046,F,50,Ottawa,Dress,Clothing,2025-04-17,1,55.79,55.79
3303,C0331,F,58,Halifax,Headphones,Electronics,2025-10-18,2,63.31,126.62
3304,C0126,F,24,Vancouver,Headphones,Electronics,2025-03-19,1,66.06,66.06
3305,C1161,F,37,Calgary,Lipstick,Beauty,2025-01-02,1,13.82,13.82
3306,C1213,M,24,Ottawa,Camera,Electronics,2025-10-01,2,338.27,676.54
3307,C1167,M,31,Ottawa,Headphones,Electronics,2025-02-04,1,64.57,64.57
3308,C0585,M,32,Toronto,Serum,Beauty,2025-09-22,4,39.7,158.8
3309,C1450,M,35,Ottawa,Charger,Electronics,2025-08-06,2,19.54,39.08
3310,C1202,F,27,Halifax,Headphones,Electronics,2025-03-08,4,64.03,256.12
3311,C0350,F,52,Ottawa,Kettle,Home,2025-03-10,1,29.75,29.75
3312,C1459,F,44,Vancouver,Vacuum,Home,2025-08-12,4,152.39,609.56
3313,C1250,F,60,Montreal,Air Fryer,Home,2025-10-21,1,104.19,104.19
3314,C0278,M,18,Calgary,Shampoo,Beauty,2025-07-22,1,12.95,12.95
3315,C1118,F,45,Montreal,Lipstick,Beauty,2025-03-22,1,13.64,13.64
3316,C0330,F,51,Ottawa,Air Fryer,Home,2025-03-07,1,103.44,103.44
3317,C1474,F,65,Winnipeg,Keyboard,Electronics,2025-10-24,1,42.02,42.02
3318,C0478,M,20,Vancouver,Serum,Beauty,2025-10-07,1,39.59,39.59
3319,C1174,F,20,Vancouver,Dress,Clothing,2025-09-18,1,57.47,57.47
3320,C0510,F,28,Vancouver,Lamp,Home,2025-10-04,1,36.5,36.5
3321,C0757,F,21,Halifax,Camera,Electronics,2025-01-06,2,342.92,685.84
3322,C0923,M,47,Halifax,Shampoo,Beauty,2025-05-12,1,11.55,11.55
3323,C1371,F,56,Vancouver,Air Fryer,Home,2025-09-22,2,103.31,206.62
3324,C1301,F,49,Toronto,Headphones,Electronics,2025-03-09,1,70.22,70.22
3325,C0031,F,33,Ottawa,Toaster,Home,2025-05-06,3,37.87,113.61
3326,C1401,F,34,Winnipeg,Vacuum,Home,2025-06-20,1,136.31,136.31
3327,C1062,M,28,Toronto,Jeans,Clothing,2025-01-29,4,57.92,231.68
3328,C0551,F,53,Winnipeg,Smartwatch,Electronics,2025-06-25,1,162.32,162.32
3329,C0676,M,49,Toronto,Shampoo,Beauty,2025-10-19,4,11.82,47.28
3330,C0356,M,52,Ottawa,Blender,Home,2025-04-15,1,89.15,89.15
3331,C0961,M,44,Halifax,Blender,Home,2025-02-14,2,92.92,185.84
3332,C0267,M,65,Halifax,Vacuum,Home,2025-04-11,2,141.88,283.76
3333,C0290,M,51,Vancouver,Mascara,Beauty,2025-08-14,1,16.72,16.72
3334,C1253,M,22,Calgary,Shampoo,Beauty,2025-04-14,1,12.99,12.99
3335,C1044,F,42,Vancouver,T-Shirt,Clothing,2025-09-19,2,20.68,41.36
3336,C0063,F,45,Vancouver,Blender,Home,2025-09-10,1,83.95,83.95
3337,C0170,M,35,Toronto,Jacket,Clothing,2025-06-14,1,91.32,91.32
3338,C0013,F,20,Montreal,Blender,Home,2025-10-19,2,89.18,178.36
3339,C0649,M,45,Vancouver,Keyboard,Electronics,2025-07-31,1,42.18,42.18
3340,C0389,M,19,Ottawa,Blender,Home,2025-05-24,2,92.14,184.28
3341,C0736,F,51,Ottawa,T-Shirt,Clothing,2025-08-24,1,19.71,19.71
3342,C1372,M,39,Halifax,Charger,Electronics,2025-01-22,1,19.17,19.17
3343,C0357,M,39,Ottawa,Air Fryer,Home,2025-03-10,1,113.07,113.07
3344,C0633,F,47,Winnipeg,Shampoo,Beauty,2025-03-10,2,11.8,23.6
3345,C1195,F,51,Toronto,Headphones,Electronics,2025-09-03,4,71.32,285.28
3346,C0198,M,65,Calgary,Lamp,Home,2025-03-04,1,39.36,39.36
3347,C1193,M,18,Calgary,Shampoo,Beauty,2025-08-25,1,11.17,11.17
3348,C0157,F,46,Calgary,Shampoo,Beauty,2025-01-19,1,11.93,11.93
3349,C1348,M,36,Vancouver,Camera,Electronics,2025-08-19,2,332.22,664.44
3350,C1234,F,36,Vancouver,Serum,Beauty,2025-08-17,1,40.27,40.27
3351,C1220,F,58,Montreal,Serum,Beauty,2025-05-07,1,37.95,37.95
3352,C0270,M,58,Montreal,Headphones,Electronics,2025-05-26,1,65.31,65.31
3353,C0062,M,46,Montreal,Dress,Clothing,2025-04-24,1,58.98,58.98
3354,C0498,M,60,Toronto,Headphones,Electronics,2025-08-31,1,74.01,74.01
3355,C0738,M,50,Calgary,Mascara,Beauty,2025-05-25,1,17.69,17.69
3356,C0117,F,34,Vancouver,Perfume,Beauty,2025-02-10,2,46.77,93.54
3357,C0915,F,55,Montreal,Kettle,Home,2025-06-10,3,28.04,84.12
3358,C1437,F,18,Toronto,Smartwatch,Electronics,2025-03-18,2,151.72,303.44
3359,C0982,F,58,Edmonton,Dress,Clothing,2025-06-17,1,63.55,63.55
3360,C0718,M,50,Montreal,Air Fryer,Home,2025-10-11,1,100.85,100.85
3361,C0868,F,53,Vancouver,Vacuum,Home,2025-04-20,1,150.75,150.75
3362,C0301,M,39,Montreal,Lipstick,Beauty,2025-07-14,2,14.13,28.26
3363,C0327,F,35,Winnipeg,Blender,Home,2025-08-16,1,77.64,77.64
3364,C1339,F,34,Winnipeg,Perfume,Beauty,2025-06-16,3,45.03,135.09
3365,C0950,F,49,Toronto,Jeans,Clothing,2025-01-21,1,55,55
3366,C0733,M,37,Edmonton,Toaster,Home,2025-06-14,2,36.45,72.9
3367,C0522,M,40,Edmonton,Headphones,Electronics,2025-05-10,2,73.43,146.86
3368,C1301,F,45,Toronto,Shampoo,Beauty,2025-09-19,1,12.55,12.55
3369,C1028,F,63,Montreal,Shampoo,Beauty,2025-02-21,2,11.78,23.56
3370,C0181,M,43,Vancouver,Toaster,Home,2025-09-18,3,35.92,107.76
3371,C1109,M,24,Toronto,Perfume,Beauty,2025-06-24,3,45.69,137.07
3372,C0486,M,58,Winnipeg,Headphones,Electronics,2025-10-26,2,68.9,137.8
3373,C0532,F,37,Halifax,Mascara,Beauty,2025-04-06,1,18.35,18.35
3374,C1223,F,58,Calgary,Vacuum,Home,2025-02-09,3,163.42,490.26
3375,C0711,F,64,Toronto,Jacket,Clothing,2025-07-28,2,84.47,168.94
3376,C0096,F,28,Halifax,Lamp,Home,2025-05-22,1,43.25,43.25
3377,C1120,M,24,Ottawa,Lamp,Home,2025-09-15,1,36.43,36.43
3378,C0790,M,55,Montreal,Lipstick,Beauty,2025-06-16,1,14.43,14.43
3379,C0089,F,44,Calgary,Lipstick,Beauty,2025-07-10,1,14.36,14.36
3380,C0947,M,26,Vancouver,Kettle,Home,2025-04-29,2,28.71,57.42
3381,C0923,F,21,Winnipeg,Keyboard,Electronics,2025-05-26,1,37.05,37.05
3382,C0524,F,55,Calgary,Mouse,Electronics,2025-05-09,1,26.91,26.91
3383,C0028,F,46,Edmonton,Lotion,Beauty,2025-05-25,1,21.31,21.31
3384,C0275,F,43,Edmonton,Serum,Beauty,2025-02-23,1,39.16,39.16
3385,C0555,F,42,Halifax,Serum,Beauty,2025-05-02,1,37.68,37.68
3386,C0465,F,31,Toronto,Hoodie,Clothing,2025-05-04,1,48.9,48.9
3387,C0099,F,54,Toronto,Serum,Beauty,2025-06-16,1,40.51,40.51
3388,C0655,M,45,Ottawa,Smartwatch,Electronics,2025-05-23,2,159.98,319.96
3389,C0453,M,25,Winnipeg,Serum,Beauty,2025-01-22,1,39.53,39.53
3390,C0292,F,59,Edmonton,Toaster,Home,2025-10-03,1,35.47,35.47
3391,C1018,M,28,Calgary,Camera,Electronics,2025-10-26,1,325.63,325.63
3392,C0301,M,52,Toronto,T-Shirt,Clothing,2025-10-04,1,19.32,19.32
3393,C0174,M,48,Vancouver,Hoodie,Clothing,2025-10-31,1,44.66,44.66
3394,C1210,F,51,Vancouver,Camera,Electronics,2025-04-25,1,293,293
3395,C0030,F,63,Edmonton,Hoodie,Clothing,2025-09-29,1,43.72,43.72
3396,C0251,M,53,Calgary,Jacket,Clothing,2025-06-17,1,93.52,93.52
3397,C0621,M,34,Calgary,T-Shirt,Clothing,2025-10-04,1,21.81,21.81
3398,C1464,M,38,Ottawa,Jacket,Clothing,2025-09-21,2,98.34,196.68
3399,C1237,M,43,Calgary,Perfume,Beauty,2025-09-07,1,45.5,45.5
3400,C0344,F,58,Vancouver,Mouse,Electronics,2025-09-12,3,25.53,76.59
3401,C1061,M,45,Calgary,Mascara,Beauty,2025-02-27,2,16.87,33.74
3402,C1003,F,39,Toronto,Mascara,Beauty,2025-01-05,2,18.7,37.4
3403,C0346,M,58,Toronto,Jeans,Clothing,2025-04-21,1,50.28,50.28
3404,C1121,F,20,Edmonton,Mouse,Electronics,2025-10-13,2,23.92,47.84
3405,C0536,M,45,Edmonton,Kettle,Home,2025-09-22,1,28.94,28.94
3406,C1349,F,53,Winnipeg,Jeans,Clothing,2025-09-06,1,52.91,52.91
3407,C0344,F,19,Calgary,T-Shirt,Clothing,2025-04-05,1,18.2,18.2
3408,C0867,F,63,Montreal,Jacket,Clothing,2025-10-24,3,95.97,287.91
3409,C0086,F,37,Calgary,Perfume,Beauty,2025-07-04,1,43.29,43.29
3410,C1185,M,57,Winnipeg,Lotion,Beauty,2025-08-17,3,18.25,54.75
3411,C1041,F,53,Ottawa,Keyboard,Electronics,2025-09-19,1,36.6,36.6
3412,C0244,F,25,Vancouver,Serum,Beauty,2025-04-29,3,36.11,108.33
3413,C0780,F,56,Halifax,Mascara,Beauty,2025-08-22,3,16.84,50.52
3414,C1242,F,42,Vancouver,Keyboard,Electronics,2025-10-09,3,42.19,126.57
3415,C0006,F,32,Calgary,Lamp,Home,2025-07-21,1,38.57,38.57
3416,C0963,F,47,Halifax,Keyboard,Electronics,2025-09-19,3,42.44,127.32
3417,C0381,F,64,Montreal,Camera,Electronics,2025-02-22,4,299.13,1196.52
3418,C0779,M,51,Halifax,Vacuum,Home,2025-06-10,1,149.79,149.79
3419,C1259,F,21,Vancouver,Perfume,Beauty,2025-09-01,1,46.69,46.69
3420,C1408,M,39,Winnipeg,Lotion,Beauty,2025-04-04,2,20.61,41.22
3421,C0124,M,42,Winnipeg,Vacuum,Home,2025-02-09,1,153.03,153.03
3422,C1084,F,26,Winnipeg,Blender,Home,2025-10-07,2,92.22,184.44
3423,C0501,M,40,Montreal,Vacuum,Home,2025-04-02,1,141.86,141.86
3424,C0010,M,56,Vancouver,Mascara,Beauty,2025-10-28,1,17.98,17.98
3425,C0971,F,29,Toronto,Sneakers,Clothing,2025-02-07,1,91.53,91.53
3426,C0596,F,31,Ottawa,Toaster,Home,2025-08-31,1,32.05,32.05
3427,C1450,F,24,Halifax,Camera,Electronics,2025-05-16,1,291.58,291.58
3428,C1171,F,48,Vancouver,Toaster,Home,2025-03-05,2,33.13,66.26
3429,C0457,M,23,Calgary,Hoodie,Clothing,2025-07-20,1,46.2,46.2
3430,C0612,M,40,Toronto,Camera,Electronics,2025-09-19,2,304.63,609.26
3431,C0727,M,36,Montreal,Camera,Electronics,2025-06-24,2,300.18,600.36
3432,C0597,F,38,Ottawa,Hoodie,Clothing,2025-06-26,1,44.63,44.63
3433,C1029,F,36,Winnipeg,Air Fryer,Home,2025-03-26,1,112.5,112.5
3434,C0287,F,64,Montreal,Charger,Electronics,2025-06-09,1,18.99,18.99
3435,C0207,F,36,Montreal,Kettle,Home,2025-07-01,1,26.88,26.88
3436,C0550,F,61,Vancouver,Charger,Electronics,2025-02-05,1,20.45,20.45
3437,C1280,F,51,Toronto,Perfume,Beauty,2025-04-09,1,49.01,49.01
3438,C0692,M,60,Ottawa,Charger,Electronics,2025-08-14,4,20.7,82.8
3439,C0911,M,30,Toronto,Jeans,Clothing,2025-02-06,1,58.11,58.11
3440,C1043,F,53,Toronto,T-Shirt,Clothing,2025-09-30,1,19.47,19.47
3441,C1187,M,42,Halifax,Charger,Electronics,2025-09-29,4,19.09,76.36
3442,C0714,M,50,Edmonton,Mouse,Electronics,2025-07-05,3,24.77,74.31
3443,C0882,M,38,Halifax,Shampoo,Beauty,2025-02-18,3,12.74,38.22
3444,C0600,F,51,Vancouver,Dress,Clothing,2025-04-04,2,59.48,118.96
3445,C1199,F,63,Montreal,Hoodie,Clothing,2025-08-14,1,48.12,48.12
3446,C0952,F,42,Toronto,Kettle,Home,2025-01-05,3,30.74,92.22
3447,C0243,M,35,Montreal,Jeans,Clothing,2025-06-23,3,50.29,150.87
3448,C0660,M,60,Toronto,Lamp,Home,2025-07-02,1,36.36,36.36
3449,C0997,F,28,Halifax,Charger,Electronics,2025-03-14,1,18.6,18.6
3450,C0971,M,36,Ottawa,Mascara,Beauty,2025-05-25,1,17.58,17.58
3451,C0651,F,51,Calgary,Headphones,Electronics,2025-06-01,1,64.83,64.83
3452,C0886,M,19,Calgary,Vacuum,Home,2025-02-25,1,161.12,161.12
3453,C0103,M,47,Calgary,Toaster,Home,2025-07-02,2,31.66,63.32
3454,C0770,M,62,Vancouver,Camera,Electronics,2025-05-02,1,308.21,308.21
3455,C1270,F,55,Vancouver,Dress,Clothing,2025-09-01,1,56.22,56.22
3456,C0148,F,32,Montreal,Lipstick,Beauty,2025-07-23,1,16.29,16.29
3457,C0819,F,28,Vancouver,Keyboard,Electronics,2025-03-20,2,41.36,82.72
3458,C1010,F,41,Calgary,Vacuum,Home,2025-01-16,1,162.36,162.36
3459,C0670,M,21,Halifax,Blender,Home,2025-05-06,1,93.03,93.03
3460,C1200,M,36,Vancouver,Toaster,Home,2025-03-28,2,34.98,69.96
3461,C0769,M,46,Winnipeg,Lotion,Beauty,2025-10-05,1,18.94,18.94
3462,C0419,F,31,Calgary,Mascara,Beauty,2025-02-12,1,16.9,16.9
3463,C0777,F,34,Toronto,Blender,Home,2025-03-20,1,80.29,80.29
3464,C1137,F,25,Winnipeg,Charger,Electronics,2025-10-04,2,20.83,41.66
3465,C1192,M,30,Halifax,Lotion,Beauty,2025-09-21,2,18.16,36.32
3466,C0533,F,40,Edmonton,Blender,Home,2025-08-16,1,77.37,77.37
3467,C1104,F,46,Calgary,Headphones,Electronics,2025-05-05,1,71.51,71.51
3468,C0908,F,64,Calgary,Kettle,Home,2025-04-16,2,28.8,57.6
3469,C0228,F,28,Ottawa,Jeans,Clothing,2025-08-18,3,56.82,170.46
3470,C1061,M,33,Edmonton,Lipstick,Beauty,2025-05-14,2,14.62,29.24
3471,C1351,F,61,Halifax,Lotion,Beauty,2025-03-22,2,21.22,42.44
3472,C0990,M,40,Ottawa,Vacuum,Home,2025-04-19,1,151.01,151.01
3473,C1176,F,29,Ottawa,Air Fryer,Home,2025-06-24,2,101.32,202.64
3474,C0178,F,55,Halifax,Blender,Home,2025-06-13,3,90.05,270.15
3475,C1206,F,41,Ottawa,Dress,Clothing,2025-05-05,2,65.44,130.88
3476,C0468,M,48,Winnipeg,T-Shirt,Clothing,2025-01-23,3,18.24,54.72
3477,C0622,F,55,Winnipeg,Jeans,Clothing,2025-03-03,1,53.8,53.8
3478,C1133,F,53,Winnipeg,Keyboard,Electronics,2025-07-31,3,39.9,119.7
3479,C0156,M,18,Calgary,Headphones,Electronics,2025-09-09,2,65.05,130.1
3480,C0260,M,43,Montreal,Keyboard,Electronics,2025-04-06,3,42.94,128.82
3481,C0396,F,34,Halifax,Shampoo,Beauty,2025-07-28,1,11.48,11.48
3482,C0933,F,53,Winnipeg,Headphones,Electronics,2025-02-26,2,73.96,147.92
3483,C0260,M,34,Ottawa,Perfume,Beauty,2025-08-22,2,46.54,93.08
3484,C0271,F,54,Vancouver,Jeans,Clothing,2025-03-06,1,56.08,56.08
3485,C0412,F,44,Vancouver,Smartwatch,Electronics,2025-10-20,2,150.15,300.3
3486,C1061,M,42,Vancouver,Mouse,Electronics,2025-01-17,2,23.6,47.2
3487,C0393,M,47,Calgary,Keyboard,Electronics,2025-05-15,1,36.38,36.38
3488,C1248,F,58,Toronto,Shampoo,Beauty,2025-05-10,1,11.38,11.38
3489,C0195,F,42,Winnipeg,Perfume,Beauty,2025-02-06,1,43.61,43.61
3490,C0367,F,55,Edmonton,Headphones,Electronics,2025-09-07,1,74.66,74.66
3491,C0894,M,49,Halifax,Perfume,Beauty,2025-02-26,1,43.8,43.8
3492,C0594,F,29,Edmonton,Lamp,Home,2025-01-10,1,42.04,42.04
3493,C0562,M,38,Toronto,Jacket,Clothing,2025-03-22,1,88.91,88.91
3494,C1102,M,59,Winnipeg,T-Shirt,Clothing,2025-03-31,1,21.14,21.14
3495,C0537,F,51,Halifax,Vacuum,Home,2025-04-30,1,164.29,164.29
3496,C0572,M,18,Ottawa,Serum,Beauty,2025-04-12,2,36.02,72.04
3497,C0308,F,30,Vancouver,Dress,Clothing,2025-01-27,1,64.35,64.35
3498,C0582,F,38,Edmonton,T-Shirt,Clothing,2025-09-18,2,20.49,40.98
3499,C0666,F,18,Ottawa,Serum,Beauty,2025-03-02,1,40.41,40.41
3500,C0560,F,30,Calgary,Toaster,Home,2025-05-16,1,36.06,36.06
3501,C0566,M,48,Winnipeg,Headphones,Electronics,2025-04-07,1,68.94,68.94
3502,C1396,F,40,Halifax,T-Shirt,Clothing,2025-05-29,2,18.91,37.82
3503,C1409,F,20,Vancouver,T-Shirt,Clothing,2025-08-15,2,18.28,36.56
3504,C1138,F,28,Ottawa,Mascara,Beauty,2025-10-04,3,18.13,54.39
3505,C0277,F,46,Montreal,Jacket,Clothing,2025-08-16,1,98.83,98.83
3506,C0462,F,65,Calgary,Air Fryer,Home,2025-09-06,2,115.24,230.48
3507,C0622,M,35,Edmonton,Sneakers,Clothing,2025-09-15,1,82.06,82.06
3508,C1096,M,42,Edmonton,Charger,Electronics,2025-08-08,2,21.31,42.62
3509,C1433,F,51,Calgary,Jacket,Clothing,2025-08-24,1,94.84,94.84
3510,C0015,F,35,Halifax,Mascara,Beauty,2025-01-20,1,17.21,17.21
3511,C0042,M,18,Calgary,Smartwatch,Electronics,2025-05-18,1,144.46,144.46
3512,C0020,F,45,Montreal,Lipstick,Beauty,2025-07-08,2,13.85,27.7
3513,C1040,M,21,Edmonton,T-Shirt,Clothing,2025-04-15,1,21.51,21.51
3514,C0647,M,38,Toronto,Jeans,Clothing,2025-04-08,1,58.7,58.7
3515,C0607,F,23,Edmonton,Hoodie,Clothing,2025-09-27,1,43.16,43.16
3516,C0093,M,38,Toronto,Dress,Clothing,2025-06-02,4,57.42,229.68
3517,C0081,F,54,Montreal,Lotion,Beauty,2025-08-06,1,21.17,21.17
3518,C1102,F,47,Edmonton,Camera,Electronics,2025-01-21,3,348.02,1044.06
3519,C0658,F,37,Halifax,Lipstick,Beauty,2025-09-29,4,15.84,63.36
3520,C0495,F,58,Toronto,Mascara,Beauty,2025-07-21,3,18.38,55.14
3521,C0026,F,49,Montreal,Perfume,Beauty,2025-06-09,3,42.68,128.04
3522,C0656,F,48,Ottawa,Mouse,Electronics,2025-03-05,3,25.13,75.39
3523,C0456,M,53,Montreal,Lipstick,Beauty,2025-03-25,1,14.2,14.2
3524,C1101,F,42,Toronto,Serum,Beauty,2025-03-14,1,40.34,40.34
3525,C0314,F,22,Winnipeg,Shampoo,Beauty,2025-03-01,2,11.73,23.46
3526,C0352,F,25,Montreal,Perfume,Beauty,2025-05-27,1,48,48
3527,C0923,F,34,Montreal,T-Shirt,Clothing,2025-02-16,1,19.53,19.53
3528,C1225,F,32,Winnipeg,Vacuum,Home,2025-08-11,2,159.72,319.44
3529,C0303,F,37,Halifax,T-Shirt,Clothing,2025-06-07,1,19.33,19.33
3530,C0327,M,62,Vancouver,Headphones,Electronics,2025-02-16,3,69.16,207.48
3531,C0123,M,64,Montreal,Serum,Beauty,2025-10-16,2,38.88,77.76
3532,C0178,F,46,Toronto,Vacuum,Home,2025-07-29,1,137.11,137.11
3533,C1326,F,53,Calgary,Smartwatch,Electronics,2025-01-21,1,174.34,174.34
3534,C1032,F,45,Ottawa,Headphones,Electronics,2025-08-19,1,71.03,71.03
3535,C0002,F,25,Halifax,Perfume,Beauty,2025-10-25,4,45.07,180.28
3536,C1170,F,31,Montreal,Lotion,Beauty,2025-04-15,1,21.36,21.36
3537,C0548,M,50,Toronto,Lotion,Beauty,2025-05-06,1,21.46,21.46
3538,C0631,F,51,Edmonton,Headphones,Electronics,2025-10-26,2,70.31,140.62
3539,C0482,M,46,Halifax,Blender,Home,2025-03-09,1,92.26,92.26
3540,C1066,M,39,Edmonton,Perfume,Beauty,2025-01-26,1,41.08,41.08
3541,C1382,F,20,Toronto,Serum,Beauty,2025-06-10,1,35.06,35.06
3542,C0571,M,65,Vancouver,T-Shirt,Clothing,2025-04-18,1,20.39,20.39
3543,C0692,M,40,Edmonton,Mascara,Beauty,2025-10-16,1,17.47,17.47
3544,C0221,F,20,Toronto,Smartwatch,Electronics,2025-03-25,3,158.86,476.58
3545,C0049,F,23,Calgary,T-Shirt,Clothing,2025-02-10,1,19.31,19.31
3546,C0952,M,57,Halifax,Mascara,Beauty,2025-07-19,1,17.66,17.66
3547,C0360,M,40,Halifax,Shampoo,Beauty,2025-02-05,1,12.77,12.77
3548,C1478,M,29,Toronto,Mouse,Electronics,2025-08-22,1,25.47,25.47
3549,C0752,M,22,Calgary,Charger,Electronics,2025-08-30,3,21.99,65.97
3550,C0640,F,22,Edmonton,Headphones,Electronics,2025-01-20,1,74.02,74.02
3551,C1052,F,20,Ottawa,Jacket,Clothing,2025-06-01,4,85.93,343.72
3552,C0093,F,21,Winnipeg,Lipstick,Beauty,2025-06-20,1,14.29,14.29
3553,C0691,F,41,Winnipeg,Keyboard,Electronics,2025-08-04,2,38.69,77.38
3554,C1241,F,22,Montreal,Mouse,Electronics,2025-08-20,1,26.72,26.72
3555,C0539,M,48,Halifax,Perfume,Beauty,2025-01-16,1,40.75,40.75
3556,C0639,F,52,Ottawa,Vacuum,Home,2025-10-10,1,141.91,141.91
3557,C0098,M,59,Montreal,Serum,Beauty,2025-10-28,2,41.08,82.16
3558,C1332,F,36,Edmonton,Keyboard,Electronics,2025-06-14,1,41.12,41.12
3559,C0418,F,25,Ottawa,Lotion,Beauty,2025-09-26,1,18.91,18.91
3560,C0300,M,45,Calgary,Mouse,Electronics,2025-06-28,2,23.6,47.2
3561,C0560,F,55,Montreal,Charger,Electronics,2025-09-15,1,21.45,21.45
3562,C1378,M,40,Winnipeg,Jacket,Clothing,2025-03-17,1,97.09,97.09
3563,C0784,M,24,Montreal,Lotion,Beauty,2025-04-15,2,19.02,38.04
3564,C0815,F,55,Ottawa,Charger,Electronics,2025-03-28,1,19.68,19.68
3565,C0110,M,30,Vancouver,Smartwatch,Electronics,2025-01-14,2,170.71,341.42
3566,C0527,F,62,Edmonton,Vacuum,Home,2025-10-13,1,158.13,158.13
3567,C0504,F,38,Vancouver,Keyboard,Electronics,2025-09-04,1,42.51,42.51
3568,C1126,F,54,Ottawa,Vacuum,Home,2025-08-29,1,150.55,150.55
3569,C0606,M,23,Toronto,Vacuum,Home,2025-01-09,3,162.35,487.05
3570,C1208,F,27,Winnipeg,Hoodie,Clothing,2025-01-24,3,43.43,130.29
3571,C0219,M,44,Winnipeg,Smartwatch,Electronics,2025-04-22,4,149.01,596.04
3572,C0129,F,43,Ottawa,Mouse,Electronics,2025-10-24,1,26.04,26.04
3573,C1344,M,59,Edmonton,T-Shirt,Clothing,2025-08-05,2,20.16,40.32
3574,C0604,M,45,Winnipeg,Jacket,Clothing,2025-08-16,1,96.38,96.38
3575,C0555,F,33,Calgary,Jacket,Clothing,2025-02-01,1,82.46,82.46
3576,C0782,M,45,Calgary,Mouse,Electronics,2025-10-04,2,26.72,53.44
3577,C0482,F,20,Toronto,Lipstick,Beauty,2025-06-19,1,14.38,14.38
3578,C0248,M,18,Edmonton,Headphones,Electronics,2025-08-19,1,72.17,72.17
3579,C0944,F,20,Vancouver,Toaster,Home,2025-03-11,1,31.78,31.78
3580,C1092,F,47,Calgary,Charger,Electronics,2025-04-21,2,20.44,40.88
3581,C1294,F,36,Winnipeg,Charger,Electronics,2025-03-30,1,20.87,20.87
3582,C0092,M,50,Edmonton,T-Shirt,Clothing,2025-01-02,1,19.48,19.48
3583,C0529,M,25,Calgary,Charger,Electronics,2025-02-25,5,18.86,94.3
3584,C1416,F,36,Winnipeg,Sneakers,Clothing,2025-06-07,1,85.64,85.64
3585,C0514,F,53,Halifax,Charger,Electronics,2025-09-28,1,21.33,21.33
3586,C0440,M,65,Winnipeg,Headphones,Electronics,2025-10-01,2,67.53,135.06
3587,C0833,F,54,Halifax,Charger,Electronics,2025-02-01,2,19.01,38.02
3588,C0439,M,22,Montreal,Kettle,Home,2025-09-27,1,26.76,26.76
3589,C0631,F,51,Winnipeg,Shampoo,Beauty,2025-07-09,2,13.08,26.16
3590,C1221,F,55,Edmonton,Lipstick,Beauty,2025-07-29,1,14.58,14.58
3591,C1379,M,44,Montreal,Jeans,Clothing,2025-01-22,1,49.54,49.54
3592,C1238,M,56,Toronto,Mascara,Beauty,2025-01-14,1,19.01,19.01
3593,C1131,F,64,Calgary,Smartwatch,Electronics,2025-07-25,1,166.38,166.38
3594,C1232,M,59,Ottawa,Headphones,Electronics,2025-02-03,1,64.8,64.8
3595,C0629,F,59,Vancouver,Mouse,Electronics,2025-02-25,3,27.42,82.26
3596,C0969,M,41,Halifax,Lamp,Home,2025-08-28,2,40.86,81.72
3597,C0932,F,65,Toronto,Lotion,Beauty,2025-03-04,3,20,60
3598,C1033,M,48,Ottawa,Mouse,Electronics,2025-03-21,2,24.41,48.82
3599,C0142,F,39,Ottawa,Charger,Electronics,2025-02-09,1,21.59,21.59
3600,C1436,M,40,Winnipeg,Vacuum,Home,2025-10-21,1,142.32,142.32
3601,C1118,F,58,Toronto,Mascara,Beauty,2025-10-06,3,17.23,51.69
3602,C0925,F,41,Toronto,Mouse,Electronics,2025-09-13,2,23.11,46.22
3603,C0705,M,57,Winnipeg,Lipstick,Beauty,2025-04-20,4,15.78,63.12
3604,C0924,F,49,Calgary,Serum,Beauty,2025-02-17,1,38.73,38.73
3605,C1366,F,50,Vancouver,Serum,Beauty,2025-08-20,1,38.83,38.83
3606,C0288,F,45,Winnipeg,Perfume,Beauty,2025-03-23,1,42.47,42.47
3607,C0267,F,34,Halifax,Hoodie,Clothing,2025-06-23,1,46.36,46.36
3608,C0927,M,43,Halifax,Camera,Electronics,2025-04-23,1,336.99,336.99
3609,C0225,F,35,Edmonton,Sneakers,Clothing,2025-10-05,1,82.58,82.58
3610,C0965,F,32,Calgary,Jeans,Clothing,2025-02-09,2,58.31,116.62
3611,C0169,M,55,Winnipeg,Smartwatch,Electronics,2025-01-30,1,155.16,155.16
3612,C0323,M,39,Edmonton,Perfume,Beauty,2025-09-12,1,47.32,47.32
3613,C0095,F,35,Edmonton,Smartwatch,Electronics,2025-08-28,2,145.08,290.16
3614,C0362,F,38,Ottawa,Air Fryer,Home,2025-07-02,1,111.13,111.13
3615,C0959,F,36,Edmonton,Headphones,Electronics,2025-07-03,1,76.57,76.57
3616,C1488,M,19,Halifax,Lipstick,Beauty,2025-02-11,1,16.44,16.44
3617,C0670,M,47,Calgary,Mouse,Electronics,2025-05-07,3,23.91,71.73
3618,C0511,M,42,Calgary,Dress,Clothing,2025-03-23,1,59.3,59.3
3619,C0267,F,43,Vancouver,Blender,Home,2025-08-21,3,77.57,232.71
3620,C1350,M,56,Montreal,Serum,Beauty,2025-07-11,1,40.84,40.84
3621,C0800,F,34,Vancouver,Air Fryer,Home,2025-01-01,1,111.51,111.51
3622,C0133,F,64,Winnipeg,Perfume,Beauty,2025-07-26,1,43.97,43.97
3623,C1386,M,33,Halifax,Serum,Beauty,2025-07-16,1,35.06,35.06
3624,C0349,M,44,Winnipeg,Jeans,Clothing,2025-10-10,1,59.91,59.91
3625,C0547,M,20,Halifax,Serum,Beauty,2025-01-17,2,38.23,76.46
3626,C0763,F,59,Halifax,Shampoo,Beauty,2025-06-18,1,11.48,11.48
3627,C0268,M,55,Calgary,Shampoo,Beauty,2025-07-05,2,11.64,23.28
3628,C1006,F,46,Montreal,Dress,Clothing,2025-05-02,2,57.25,114.5
3629,C1068,F,19,Edmonton,Air Fryer,Home,2025-08-12,2,112.24,224.48
3630,C1302,F,60,Ottawa,Toaster,Home,2025-05-07,1,38.01,38.01
3631,C1163,F,57,Halifax,Kettle,Home,2025-06-15,5,30,150
3632,C1335,F,31,Winnipeg,Serum,Beauty,2025-05-02,1,37.7,37.7
3633,C1261,F,29,Winnipeg,Smartwatch,Electronics,2025-08-08,1,170.45,170.45
3634,C0266,M,41,Vancouver,Camera,Electronics,2025-10-06,2,315.08,630.16
3635,C0170,F,45,Winnipeg,Lipstick,Beauty,2025-05-28,1,14.26,14.26
3636,C1240,M,56,Toronto,Camera,Electronics,2025-10-19,2,350.94,701.88
3637,C0117,M,35,Ottawa,Jeans,Clothing,2025-09-04,1,52.84,52.84
3638,C1262,M,42,Montreal,Shampoo,Beauty,2025-07-07,1,11.58,11.58
3639,C1280,M,54,Ottawa,Keyboard,Electronics,2025-01-11,1,43.92,43.92
3640,C0434,M,23,Toronto,Mascara,Beauty,2025-10-11,1,16.68,16.68
3641,C1440,F,62,Toronto,Lotion,Beauty,2025-02-14,1,21.04,21.04
3642,C0088,F,47,Winnipeg,Sneakers,Clothing,2025-05-04,1,92.41,92.41
3643,C0964,F,48,Vancouver,Keyboard,Electronics,2025-09-04,2,40.09,80.18
3644,C0234,F,51,Edmonton,Camera,Electronics,2025-06-08,2,288.16,576.32
3645,C0609,M,36,Halifax,Kettle,Home,2025-09-24,2,27.3,54.6
3646,C0530,M,45,Vancouver,Shampoo,Beauty,2025-10-19,2,11.07,22.14
3647,C1135,M,25,Calgary,Camera,Electronics,2025-03-19,1,314.64,314.64
3648,C0238,F,28,Calgary,Mouse,Electronics,2025-10-18,3,26.45,79.35
3649,C0364,M,33,Ottawa,Camera,Electronics,2025-05-31,1,316.08,316.08
3650,C0409,M,43,Winnipeg,T-Shirt,Clothing,2025-10-12,1,19.73,19.73
3651,C1311,F,18,Toronto,Kettle,Home,2025-05-31,2,28.32,56.64
3652,C1003,F,48,Winnipeg,Smartwatch,Electronics,2025-05-04,1,162.61,162.61
3653,C0218,M,44,Ottawa,Dress,Clothing,2025-08-16,2,64.28,128.56
3654,C0403,M,65,Halifax,Serum,Beauty,2025-09-29,1,36.54,36.54
3655,C1246,F,61,Halifax,Lipstick,Beauty,2025-08-05,1,15.97,15.97
3656,C0345,F,26,Halifax,Shampoo,Beauty,2025-05-27,1,12.16,12.16
3657,C0484,M,43,Montreal,Keyboard,Electronics,2025-08-06,1,38.4,38.4
3658,C0113,F,23,Montreal,Charger,Electronics,2025-04-06,3,19.18,57.54
3659,C1042,F,24,Calgary,Air Fryer,Home,2025-02-19,5,106.95,534.75
3660,C1476,M,30,Edmonton,Jeans,Clothing,2025-02-12,1,56.35,56.35
3661,C0219,M,27,Ottawa,Headphones,Electronics,2025-01-19,1,66.23,66.23
3662,C0161,F,60,Montreal,Keyboard,Electronics,2025-04-23,1,43.36,43.36
3663,C1094,F,63,Calgary,Shampoo,Beauty,2025-08-01,2,12.18,24.36
3664,C1031,F,48,Halifax,Serum,Beauty,2025-01-18,1,41.19,41.19
3665,C1025,F,65,Ottawa,Headphones,Electronics,2025-05-14,3,63.65,190.95
3666,C0099,F,54,Winnipeg,Headphones,Electronics,2025-10-18,2,67.8,135.6
3667,C0599,M,35,Toronto,Jacket,Clothing,2025-01-14,3,81.41,244.23
3668,C0315,M,28,Montreal,Shampoo,Beauty,2025-03-05,1,11.45,11.45
3669,C1058,F,27,Edmonton,Perfume,Beauty,2025-06-12,2,48.26,96.52
3670,C0226,F,45,Montreal,Camera,Electronics,2025-09-15,2,290.34,580.68
3671,C0479,F,38,Winnipeg,Perfume,Beauty,2025-01-06,2,44.43,88.86
3672,C0491,M,42,Toronto,Perfume,Beauty,2025-05-01,2,41.56,83.12
3673,C0223,M,23,Winnipeg,Vacuum,Home,2025-06-02,1,147.51,147.51
3674,C0520,M,59,Calgary,Serum,Beauty,2025-06-27,2,40.58,81.16
3675,C0243,M,28,Halifax,Kettle,Home,2025-03-04,3,28.69,86.07
3676,C0088,F,50,Montreal,Camera,Electronics,2025-09-15,3,335.15,1005.45
3677,C0983,F,22,Toronto,Perfume,Beauty,2025-03-06,2,43.64,87.28
3678,C0480,F,51,Winnipeg,Keyboard,Electronics,2025-07-06,1,43.56,43.56
3679,C0309,F,49,Halifax,Jeans,Clothing,2025-08-15,1,57.3,57.3
3680,C0655,F,60,Halifax,Headphones,Electronics,2025-07-18,3,68.91,206.73
3681,C0540,F,63,Calgary,Air Fryer,Home,2025-10-21,1,108.38,108.38
3682,C1492,F,41,Vancouver,Mascara,Beauty,2025-09-08,1,19.51,19.51
3683,C1166,M,30,Calgary,Toaster,Home,2025-07-12,1,35.53,35.53
3684,C0090,F,60,Montreal,Lotion,Beauty,2025-04-29,2,20.83,41.66
3685,C1010,M,23,Halifax,Vacuum,Home,2025-06-28,1,147.51,147.51
3686,C0313,F,51,Calgary,Camera,Electronics,2025-02-21,1,302.32,302.32
3687,C0180,F,42,Edmonton,Jeans,Clothing,2025-04-20,1,57.46,57.46
3688,C0549,M,58,Montreal,Mouse,Electronics,2025-08-12,2,25.54,51.08
3689,C0002,M,40,Calgary,Shampoo,Beauty,2025-04-08,3,12,36
3690,C1058,F,63,Vancouver,Serum,Beauty,2025-02-17,1,38.94,38.94
3691,C1338,F,30,Halifax,Jeans,Clothing,2025-04-11,1,51.79,51.79
3692,C0226,M,45,Calgary,Headphones,Electronics,2025-08-28,2,74.12,148.24
3693,C0957,F,61,Vancouver,Vacuum,Home,2025-03-15,2,163.44,326.88
3694,C0364,M,61,Montreal,Lipstick,Beauty,2025-02-07,2,16.17,32.34
3695,C0885,M,30,Winnipeg,Charger,Electronics,2025-08-04,2,19.29,38.58
3696,C0950,F,24,Calgary,Shampoo,Beauty,2025-05-16,3,11.77,35.31
3697,C0116,F,65,Toronto,Dress,Clothing,2025-01-06,1,63.7,63.7
3698,C0114,F,34,Halifax,Vacuum,Home,2025-09-04,1,152.85,152.85
3699,C0595,M,26,Winnipeg,Jacket,Clothing,2025-07-16,2,90.86,181.72
3700,C0479,F,31,Edmonton,Lotion,Beauty,2025-04-21,2,21.71,43.42
3701,C0720,M,47,Vancouver,Lamp,Home,2025-10-15,1,40.29,40.29
3702,C0107,M,58,Halifax,Vacuum,Home,2025-02-07,4,150.45,601.8
3703,C0315,M,55,Ottawa,Charger,Electronics,2025-04-25,2,18.17,36.34
3704,C1176,F,47,Vancouver,Jeans,Clothing,2025-07-04,2,50.26,100.52
3705,C1184,F,50,Calgary,Hoodie,Clothing,2025-07-31,1,40.57,40.57
3706,C0075,M,42,Vancouver,Hoodie,Clothing,2025-09-12,1,48.72,48.72
3707,C1373,M,48,Calgary,Kettle,Home,2025-04-23,2,27.49,54.98
3708,C0682,F,40,Montreal,Mascara,Beauty,2025-09-27,1,17.89,17.89
3709,C0187,F,44,Montreal,Camera,Electronics,2025-06-24,1,342.1,342.1
3710,C0339,M,50,Edmonton,Sneakers,Clothing,2025-01-19,3,86.86,260.58
3711,C1413,M,64,Toronto,Shampoo,Beauty,2025-07-22,3,12.26,36.78
3712,C1193,F,37,Ottawa,Kettle,Home,2025-05-06,1,26.86,26.86
3713,C0825,M,45,Edmonton,Toaster,Home,2025-09-11,2,37.34,74.68
3714,C0053,F,25,Montreal,Kettle,Home,2025-09-12,1,26.13,26.13
3715,C0257,F,39,Toronto,Hoodie,Clothing,2025-10-15,1,40.98,40.98
3716,C1246,M,52,Ottawa,Charger,Electronics,2025-10-19,2,18.77,37.54
3717,C0046,F,48,Toronto,Headphones,Electronics,2025-06-01,2,66.75,133.5
3718,C1284,F,61,Montreal,Lotion,Beauty,2025-07-18,1,19.13,19.13
3719,C0015,M,41,Edmonton,Charger,Electronics,2025-07-18,1,20.68,20.68
3720,C0849,F,32,Ottawa,Lotion,Beauty,2025-10-29,1,18.87,18.87
3721,C0628,F,62,Montreal,Camera,Electronics,2025-06-24,5,331.31,1656.55
3722,C0012,M,48,Calgary,Sneakers,Clothing,2025-09-27,2,78.05,156.1
3723,C0001,F,22,Edmonton,Jeans,Clothing,2025-06-29,1,51.12,51.12
3724,C0077,M,39,Ottawa,Mascara,Beauty,2025-08-06,1,18.03,18.03
3725,C0542,F,34,Toronto,Smartwatch,Electronics,2025-04-28,1,173.5,173.5
3726,C0996,M,45,Calgary,T-Shirt,Clothing,2025-01-23,2,21.44,42.88
3727,C0902,F,20,Halifax,Shampoo,Beauty,2025-05-05,2,13.13,26.26
3728,C0841,F,36,Toronto,Mascara,Beauty,2025-03-25,1,18.54,18.54
3729,C0050,F,55,Montreal,Shampoo,Beauty,2025-07-18,4,12.42,49.68
3730,C1030,M,44,Winnipeg,Keyboard,Electronics,2025-07-06,1,41,41
3731,C0075,M,34,Montreal,Lotion,Beauty,2025-04-02,1,20.49,20.49
3732,C0346,M,49,Calgary,Sneakers,Clothing,2025-07-01,1,79,79
3733,C0333,M,54,Calgary,Smartwatch,Electronics,2025-08-15,1,161.4,161.4
3734,C0678,M,38,Ottawa,Charger,Electronics,2025-07-18,3,19.54,58.62
3735,C0844,F,54,Toronto,Perfume,Beauty,2025-08-23,2,44.48,88.96
3736,C0851,F,28,Vancouver,Smartwatch,Electronics,2025-02-13,1,160.76,160.76
3737,C1298,M,18,Montreal,Lamp,Home,2025-03-17,1,37.03,37.03
3738,C0268,F,47,Vancouver,Air Fryer,Home,2025-05-21,1,106.91,106.91
3739,C1332,F,43,Vancouver,Lamp,Home,2025-07-01,1,36.51,36.51
3740,C0756,F,62,Calgary,Headphones,Electronics,2025-04-29,2,76.72,153.44
3741,C0599,F,60,Winnipeg,Dress,Clothing,2025-02-09,2,55.42,110.84
3742,C0612,F,53,Toronto,Sneakers,Clothing,2025-09-17,1,80.89,80.89
3743,C0698,F,43,Vancouver,Blender,Home,2025-09-01,1,91.65,91.65
3744,C1246,F,59,Toronto,Mascara,Beauty,2025-05-09,1,17.94,17.94
3745,C0278,F,44,Calgary,Perfume,Beauty,2025-01-06,3,41.72,125.16
3746,C1382,M,43,Winnipeg,Lotion,Beauty,2025-03-07,1,19.54,19.54
3747,C0685,M,60,Edmonton,Lamp,Home,2025-08-07,1,36.93,36.93
3748,C0318,M,35,Edmonton,Charger,Electronics,2025-05-26,1,18.8,18.8
3749,C1066,F,50,Edmonton,Smartwatch,Electronics,2025-08-22,1,145.66,145.66
3750,C1091,M,53,Edmonton,Sneakers,Clothing,2025-01-29,1,83.95,83.95
3751,C0905,M,54,Vancouver,Sneakers,Clothing,2025-06-10,2,90.21,180.42
3752,C1216,F,51,Vancouver,Sneakers,Clothing,2025-05-11,4,86.46,345.84
3753,C0143,M,43,Montreal,Charger,Electronics,2025-05-28,1,20.43,20.43
3754,C0154,M,39,Winnipeg,Vacuum,Home,2025-03-23,1,141.02,141.02
3755,C1118,F,41,Winnipeg,Serum,Beauty,2025-03-24,2,36.81,73.62
3756,C1221,M,29,Halifax,Mascara,Beauty,2025-03-14,2,19.24,38.48
3757,C0378,M,28,Vancouver,Lotion,Beauty,2025-08-02,1,18.35,18.35
3758,C1407,M,38,Halifax,Charger,Electronics,2025-01-26,3,21.43,64.29
3759,C0761,M,33,Ottawa,Camera,Electronics,2025-10-17,2,318.96,637.92
3760,C0534,F,53,Calgary,Hoodie,Clothing,2025-03-12,1,48.03,48.03
3761,C0637,M,24,Ottawa,Serum,Beauty,2025-06-26,1,36.62,36.62
3762,C0826,M,45,Edmonton,Lamp,Home,2025-03-30,2,38.71,77.42
3763,C0693,M,41,Vancouver,Camera,Electronics,2025-06-26,2,336.1,672.2
3764,C0787,F,30,Vancouver,Mouse,Electronics,2025-01-27,1,26.42,26.42
3765,C0162,F,31,Ottawa,Charger,Electronics,2025-10-16,1,18.92,18.92
3766,C0466,M,60,Winnipeg,Charger,Electronics,2025-03-04,1,21.89,21.89
3767,C1422,M,48,Montreal,Charger,Electronics,2025-01-19,2,18.34,36.68
3768,C0278,F,25,Halifax,Charger,Electronics,2025-10-05,1,18.27,18.27
3769,C0472,M,18,Montreal,Lipstick,Beauty,2025-03-08,1,15.29,15.29
3770,C0141,F,57,Ottawa,Mascara,Beauty,2025-08-26,2,18.8,37.6
3771,C0810,F,34,Halifax,Smartwatch,Electronics,2025-05-17,1,174.75,174.75
3772,C1271,F,58,Ottawa,Dress,Clothing,2025-06-12,2,58.86,117.72
3773,C0834,F,30,Calgary,Headphones,Electronics,2025-10-20,1,63.35,63.35
3774,C0703,F,64,Halifax,Air Fryer,Home,2025-01-28,1,112.26,112.26
3775,C0170,M,44,Halifax,Kettle,Home,2025-09-13,1,26.82,26.82
3776,C0219,M,30,Montreal,Sneakers,Clothing,2025-10-18,4,83.86,335.44
3777,C0034,F,57,Edmonton,Dress,Clothing,2025-04-22,2,59.86,119.72
3778,C0285,F,44,Winnipeg,Mouse,Electronics,2025-08-28,1,22.82,22.82
3779,C1434,M,49,Toronto,Lamp,Home,2025-08-31,4,39.89,159.56
3780,C1431,F,29,Edmonton,Jeans,Clothing,2025-06-02,2,54.19,108.38
3781,C1060,F,60,Vancouver,Keyboard,Electronics,2025-09-22,1,41.7,41.7
3782,C1398,F,30,Halifax,Charger,Electronics,2025-02-21,1,20.58,20.58
3783,C0265,M,33,Vancouver,Lipstick,Beauty,2025-09-22,1,14.06,14.06
3784,C0853,M,51,Ottawa,Sneakers,Clothing,2025-02-23,2,80,160
3785,C1322,M,23,Halifax,Jacket,Clothing,2025-05-13,2,85.52,171.04
3786,C0007,F,65,Edmonton,Lotion,Beauty,2025-07-10,1,18.72,18.72
3787,C0023,M,35,Toronto,Camera,Electronics,2025-05-04,1,330.06,330.06
3788,C1440,M,34,Montreal,Keyboard,Electronics,2025-08-06,1,43.96,43.96
3789,C0535,M,64,Winnipeg,Perfume,Beauty,2025-10-28,1,46.37,46.37
3790,C1296,F,56,Montreal,Hoodie,Clothing,2025-03-12,1,45.96,45.96
3791,C0069,M,31,Montreal,Mascara,Beauty,2025-08-02,1,17.68,17.68
3792,C0013,F,24,Edmonton,Mascara,Beauty,2025-02-02,1,17.33,17.33
3793,C1290,M,23,Halifax,Headphones,Electronics,2025-06-20,3,75.76,227.28
3794,C0258,F,29,Ottawa,Kettle,Home,2025-10-28,1,30.63,30.63
3795,C0720,F,51,Halifax,Lotion,Beauty,2025-10-18,1,19.99,19.99
3796,C0948,F,18,Ottawa,Vacuum,Home,2025-08-25,1,143.71,143.71
3797,C1299,M,46,Vancouver,Camera,Electronics,2025-04-12,1,337.29,337.29
3798,C1121,F,45,Edmonton,Serum,Beauty,2025-01-10,2,35.21,70.42
3799,C1052,F,22,Vancouver,Shampoo,Beauty,2025-02-10,1,12.64,12.64
3800,C0645,M,38,Montreal,Mouse,Electronics,2025-05-06,1,26.59,26.59
3801,C0414,M,56,Winnipeg,Camera,Electronics,2025-09-30,1,295.99,295.99
3802,C1128,M,64,Vancouver,Sneakers,Clothing,2025-01-11,1,93.11,93.11
3803,C1066,M,55,Halifax,T-Shirt,Clothing,2025-07-14,1,21.94,21.94
3804,C0665,F,51,Vancouver,Hoodie,Clothing,2025-01-20,2,48.93,97.86
3805,C1315,M,38,Montreal,Shampoo,Beauty,2025-09-30,1,11.99,11.99
3806,C0736,F,41,Ottawa,Hoodie,Clothing,2025-08-23,2,42.71,85.42
3807,C1063,M,30,Vancouver,Headphones,Electronics,2025-08-15,1,71.15,71.15
3808,C0440,F,62,Ottawa,Keyboard,Electronics,2025-08-15,1,39.36,39.36
3809,C1062,F,63,Toronto,Lipstick,Beauty,2025-09-29,1,14.12,14.12
3810,C0109,M,40,Ottawa,Lotion,Beauty,2025-10-06,4,19.69,78.76
3811,C0430,F,49,Calgary,Air Fryer,Home,2025-05-04,1,113.61,113.61
3812,C1445,F,25,Calgary,Headphones,Electronics,2025-07-14,1,63.99,63.99
3813,C0346,M,64,Montreal,Lotion,Beauty,2025-03-12,1,19.33,19.33
3814,C0381,F,28,Calgary,Air Fryer,Home,2025-08-20,2,99.39,198.78
3815,C0574,M,30,Toronto,Mascara,Beauty,2025-06-22,1,18.9,18.9
3816,C1054,M,37,Halifax,Keyboard,Electronics,2025-07-22,3,41.13,123.39
3817,C0775,F,18,Halifax,Keyboard,Electronics,2025-02-02,2,36.5,73
3818,C0158,F,19,Winnipeg,Jeans,Clothing,2025-07-30,3,60.11,180.33
3819,C1185,M,28,Winnipeg,Sneakers,Clothing,2025-10-28,1,76.88,76.88
3820,C1392,F,63,Ottawa,Keyboard,Electronics,2025-07-01,2,40.72,81.44
3821,C1383,M,47,Halifax,Charger,Electronics,2025-08-29,1,21.11,21.11
3822,C0623,F,22,Winnipeg,Headphones,Electronics,2025-02-20,1,74.03,74.03
3823,C0550,F,24,Ottawa,Dress,Clothing,2025-01-29,3,54.41,163.23
3824,C0724,M,41,Edmonton,Smartwatch,Electronics,2025-01-06,1,173.01,173.01
3825,C1427,F,48,Vancouver,Shampoo,Beauty,2025-05-13,3,13,39
3826,C0649,F,65,Vancouver,Lotion,Beauty,2025-04-06,1,20.25,20.25
3827,C0670,M,47,Vancouver,Keyboard,Electronics,2025-03-23,5,39.86,199.3
3828,C0134,F,60,Ottawa,Charger,Electronics,2025-10-04,1,18.18,18.18
3829,C0701,F,32,Halifax,Hoodie,Clothing,2025-08-05,2,45.56,91.12
3830,C0591,F,53,Ottawa,Lotion,Beauty,2025-10-07,1,19.64,19.64
3831,C1276,F,27,Edmonton,Charger,Electronics,2025-05-11,1,21.09,21.09
3832,C0206,F,18,Vancouver,Jacket,Clothing,2025-03-27,2,88.27,176.54
3833,C0148,M,24,Edmonton,Sneakers,Clothing,2025-04-03,2,88.12,176.24
3834,C0508,F,61,Winnipeg,Keyboard,Electronics,2025-03-12,1,36.81,36.81
3835,C0530,F,43,Ottawa,Mouse,Electronics,2025-07-10,1,23.16,23.16
3836,C0191,F,60,Winnipeg,Charger,Electronics,2025-08-02,1,18.56,18.56
3837,C1209,F,60,Toronto,Jeans,Clothing,2025-02-16,1,50,50
3838,C0406,F,47,Vancouver,Perfume,Beauty,2025-08-06,1,45.37,45.37
3839,C1241,M,18,Calgary,Jeans,Clothing,2025-03-30,2,58.23,116.46
3840,C0088,F,32,Vancouver,Toaster,Home,2025-10-02,1,35.77,35.77
3841,C0607,M,37,Calgary,Headphones,Electronics,2025-08-15,1,71.05,71.05
3842,C1457,M,39,Halifax,Shampoo,Beauty,2025-08-05,4,12.43,49.72
3843,C0274,M,42,Montreal,Smartwatch,Electronics,2025-08-28,1,154.87,154.87
3844,C0994,M,53,Winnipeg,Headphones,Electronics,2025-10-28,1,68.07,68.07
3845,C0061,M,54,Halifax,Lotion,Beauty,2025-06-19,2,19.26,38.52
3846,C0082,F,63,Winnipeg,Kettle,Home,2025-08-20,2,29.19,58.38
3847,C1102,M,62,Calgary,Hoodie,Clothing,2025-04-18,2,41.95,83.9
3848,C1345,M,44,Edmonton,Smartwatch,Electronics,2025-08-21,2,144.42,288.84
3849,C0884,F,36,Toronto,Vacuum,Home,2025-06-19,1,152.89,152.89
3850,C0536,M,36,Ottawa,Serum,Beauty,2025-05-15,1,41.36,41.36
3851,C0672,M,33,Winnipeg,Mouse,Electronics,2025-05-11,2,25.55,51.1
3852,C1290,F,38,Edmonton,Lipstick,Beauty,2025-02-06,1,15.85,15.85
3853,C1063,M,50,Edmonton,Kettle,Home,2025-09-16,1,28.97,28.97
3854,C0899,F,59,Toronto,T-Shirt,Clothing,2025-05-04,2,19.99,39.98
3855,C0108,M,48,Halifax,Blender,Home,2025-09-20,2,88.71,177.42
3856,C1287,F,51,Montreal,Lipstick,Beauty,2025-08-05,1,15.97,15.97
3857,C1022,F,32,Edmonton,Smartwatch,Electronics,2025-06-19,3,151.19,453.57
3858,C0396,M,53,Toronto,Camera,Electronics,2025-04-08,2,309.51,619.02
3859,C1303,F,43,Winnipeg,Camera,Electronics,2025-07-05,4,302.32,1209.28
3860,C0959,M,47,Halifax,Dress,Clothing,2025-08-01,3,59.43,178.29
3861,C0529,M,48,Toronto,Jacket,Clothing,2025-08-20,1,96.93,96.93
3862,C0334,M,42,Winnipeg,Kettle,Home,2025-06-16,2,27.13,54.26
3863,C0227,M,21,Halifax,Keyboard,Electronics,2025-06-10,2,39,78
3864,C1216,M,29,Montreal,Shampoo,Beauty,2025-10-11,2,12.86,25.72
3865,C0321,M,36,Toronto,Shampoo,Beauty,2025-07-03,2,12.04,24.08
3866,C0342,F,26,Montreal,Headphones,Electronics,2025-01-25,1,70.5,70.5
3867,C1052,M,42,Ottawa,Smartwatch,Electronics,2025-05-22,1,171.55,171.55
3868,C1338,F,65,Winnipeg,Toaster,Home,2025-07-02,1,34.93,34.93
3869,C1239,M,64,Vancouver,Blender,Home,2025-03-25,2,88.09,176.18
3870,C0018,M,58,Halifax,Mascara,Beauty,2025-08-19,2,16.51,33.02
3871,C1134,M,24,Ottawa,Camera,Electronics,2025-08-11,1,299.43,299.43
3872,C0633,M,44,Halifax,Lipstick,Beauty,2025-06-07,1,14.71,14.71
3873,C0493,M,65,Winnipeg,Serum,Beauty,2025-07-04,2,37.96,75.92
3874,C0812,M,64,Ottawa,Sneakers,Clothing,2025-07-02,1,92.92,92.92
3875,C0270,F,60,Ottawa,Lipstick,Beauty,2025-03-26,1,16.41,16.41
3876,C0999,F,23,Toronto,Smartwatch,Electronics,2025-03-06,1,171.24,171.24
3877,C0135,F,52,Winnipeg,Serum,Beauty,2025-02-21,3,36.6,109.8
3878,C0512,F,49,Winnipeg,Hoodie,Clothing,2025-01-03,2,49.18,98.36
3879,C0401,M,31,Ottawa,Mouse,Electronics,2025-03-18,1,25.95,25.95
3880,C1107,M,23,Montreal,Lipstick,Beauty,2025-05-15,1,14.68,14.68
3881,C0645,F,35,Halifax,Smartwatch,Electronics,2025-03-11,2,166.45,332.9
3882,C0079,F,48,Montreal,Kettle,Home,2025-06-11,2,25.29,50.58
3883,C1332,F,33,Edmonton,Dress,Clothing,2025-04-06,2,55.75,111.5
3884,C0621,F,20,Halifax,Perfume,Beauty,2025-01-16,1,47.97,47.97
3885,C1050,M,48,Edmonton,Dress,Clothing,2025-08-18,1,61.75,61.75
3886,C0167,M,55,Montreal,Hoodie,Clothing,2025-09-24,3,43.78,131.34
3887,C0685,F,34,Halifax,T-Shirt,Clothing,2025-01-06,1,20,20
3888,C0845,F,22,Edmonton,Lamp,Home,2025-04-20,1,43.24,43.24
3889,C0461,M,33,Montreal,Blender,Home,2025-05-23,2,87.24,174.48
3890,C1175,M,34,Edmonton,Charger,Electronics,2025-06-04,4,19.59,78.36
3891,C1064,F,48,Ottawa,Blender,Home,2025-07-26,2,78.55,157.1
3892,C0800,F,33,Calgary,Charger,Electronics,2025-06-15,2,19.17,38.34
3893,C0772,M,38,Edmonton,Lamp,Home,2025-09-17,1,43.83,43.83
3894,C1364,F,58,Vancouver,Keyboard,Electronics,2025-06-22,1,39.5,39.5
3895,C0174,F,56,Calgary,Toaster,Home,2025-05-01,1,34.8,34.8
3896,C0587,M,54,Toronto,Jacket,Clothing,2025-05-20,1,89.97,89.97
3897,C0554,F,58,Halifax,Mascara,Beauty,2025-06-17,1,19.38,19.38
3898,C1121,F,27,Winnipeg,Dress,Clothing,2025-03-25,3,61.25,183.75
3899,C0167,F,49,Winnipeg,Smartwatch,Electronics,2025-07-13,1,166.2,166.2
3900,C0198,F,42,Ottawa,Jacket,Clothing,2025-10-03,1,88.01,88.01
3901,C0440,M,50,Calgary,Smartwatch,Electronics,2025-09-25,1,144.93,144.93
3902,C0559,F,56,Ottawa,Charger,Electronics,2025-02-07,2,21.72,43.44
3903,C0514,M,54,Montreal,Hoodie,Clothing,2025-10-30,1,49.04,49.04
3904,C1126,F,55,Toronto,Perfume,Beauty,2025-08-30,3,49.04,147.12
3905,C1206,F,55,Calgary,T-Shirt,Clothing,2025-07-18,1,21.77,21.77
3906,C0856,F,45,Vancouver,Charger,Electronics,2025-10-25,2,21.26,42.52
3907,C0414,M,32,Montreal,Charger,Electronics,2025-01-05,2,20.74,41.48
3908,C0491,M,25,Edmonton,Headphones,Electronics,2025-04-13,1,74.82,74.82
3909,C1240,M,18,Winnipeg,Headphones,Electronics,2025-05-18,2,71.41,142.82
3910,C0542,M,27,Montreal,Mouse,Electronics,2025-10-20,1,23.17,23.17
3911,C0251,F,52,Edmonton,Perfume,Beauty,2025-03-07,3,44.02,132.06
3912,C0753,M,65,Edmonton,Perfume,Beauty,2025-03-08,3,49.24,147.72
3913,C0684,M,50,Halifax,Serum,Beauty,2025-09-27,1,36.87,36.87
3914,C0245,F,33,Toronto,Sneakers,Clothing,2025-02-16,1,91.25,91.25
3915,C1229,M,31,Edmonton,Hoodie,Clothing,2025-06-29,1,41.34,41.34
3916,C0488,M,22,Montreal,Headphones,Electronics,2025-03-09,4,67.68,270.72
3917,C0036,F,33,Winnipeg,Air Fryer,Home,2025-04-25,1,106.72,106.72
3918,C1123,F,38,Montreal,Charger,Electronics,2025-01-26,2,18.21,36.42
3919,C0369,M,28,Edmonton,Toaster,Home,2025-02-16,2,32.33,64.66
3920,C0959,F,24,Calgary,Jeans,Clothing,2025-07-26,2,51.62,103.24
3921,C0258,F,25,Montreal,Sneakers,Clothing,2025-03-14,1,90.74,90.74
3922,C0501,M,34,Winnipeg,Mouse,Electronics,2025-09-16,1,22.82,22.82
3923,C0654,F,47,Toronto,Vacuum,Home,2025-01-30,1,143.96,143.96
3924,C0720,M,31,Edmonton,Lipstick,Beauty,2025-01-03,1,13.53,13.53
3925,C1128,M,61,Ottawa,Sneakers,Clothing,2025-01-09,1,88.33,88.33
3926,C0479,M,50,Toronto,Lipstick,Beauty,2025-01-08,1,15.36,15.36
3927,C0240,F,41,Winnipeg,Vacuum,Home,2025-01-09,1,154.35,154.35
3928,C0368,M,24,Toronto,Toaster,Home,2025-06-01,1,34.12,34.12
3929,C1315,F,55,Ottawa,Kettle,Home,2025-05-22,1,26.37,26.37
3930,C0982,F,32,Calgary,Serum,Beauty,2025-10-01,1,39.67,39.67
3931,C0149,M,60,Vancouver,Jacket,Clothing,2025-01-27,1,95.6,95.6
3932,C0732,M,42,Halifax,Lipstick,Beauty,2025-03-12,1,13.92,13.92
3933,C0401,F,34,Halifax,Air Fryer,Home,2025-08-07,1,109.71,109.71
3934,C0594,M,50,Winnipeg,Perfume,Beauty,2025-10-17,2,42.74,85.48
3935,C0288,F,19,Edmonton,Smartwatch,Electronics,2025-09-13,1,149.38,149.38
3936,C0134,M,56,Edmonton,Mouse,Electronics,2025-04-13,3,26.17,78.51
3937,C1478,M,27,Vancouver,Keyboard,Electronics,2025-05-27,1,40.3,40.3
3938,C0225,M,31,Toronto,Lotion,Beauty,2025-06-07,3,18.86,56.58
3939,C0637,F,29,Calgary,Shampoo,Beauty,2025-05-20,2,11.54,23.08
3940,C0608,F,34,Winnipeg,Charger,Electronics,2025-05-23,2,21.87,43.74
3941,C0849,F,31,Winnipeg,Kettle,Home,2025-04-19,3,29.95,89.85
3942,C0900,M,27,Calgary,Sneakers,Clothing,2025-03-05,1,91.46,91.46
3943,C0826,M,61,Halifax,Shampoo,Beauty,2025-09-28,1,11.9,11.9
3944,C0918,M,56,Calgary,Smartwatch,Electronics,2025-07-05,1,163.96,163.96
3945,C0411,F,57,Calgary,Shampoo,Beauty,2025-01-01,1,11.7,11.7
3946,C0374,M,46,Toronto,Mascara,Beauty,2025-01-07,1,16.48,16.48
3947,C0085,M,62,Halifax,Kettle,Home,2025-01-01,1,27.45,27.45
3948,C0084,F,23,Edmonton,Blender,Home,2025-09-18,1,86.6,86.6
3949,C0482,F,57,Montreal,Mascara,Beauty,2025-02-16,1,17.23,17.23
3950,C1367,M,48,Edmonton,Perfume,Beauty,2025-09-23,1,48.13,48.13
3951,C0272,F,54,Halifax,Lipstick,Beauty,2025-01-02,2,13.95,27.9
3952,C0006,M,26,Vancouver,Sneakers,Clothing,2025-01-23,4,82.74,330.96
3953,C1488,F,60,Vancouver,Jeans,Clothing,2025-10-30,1,50.87,50.87
3954,C0519,F,62,Edmonton,Shampoo,Beauty,2025-03-25,1,11.77,11.77
3955,C0014,M,50,Ottawa,Lipstick,Beauty,2025-07-23,1,13.62,13.62
3956,C1027,M,24,Winnipeg,Sneakers,Clothing,2025-08-15,2,81.13,162.26
3957,C0817,M,55,Toronto,Dress,Clothing,2025-09-09,1,58.81,58.81
3958,C0487,F,25,Vancouver,Camera,Electronics,2025-05-31,4,318.6,1274.4
3959,C0797,F,51,Winnipeg,Perfume,Beauty,2025-09-04,1,45.39,45.39
3960,C1412,F,34,Toronto,Serum,Beauty,2025-01-17,1,36.29,36.29
3961,C0487,M,34,Edmonton,Keyboard,Electronics,2025-10-31,4,40.18,160.72
3962,C1192,M,47,Toronto,Camera,Electronics,2025-01-02,3,320.58,961.74
3963,C0937,M,35,Edmonton,Shampoo,Beauty,2025-07-16,2,11.56,23.12
3964,C0406,M,56,Calgary,Charger,Electronics,2025-09-26,1,21.32,21.32
3965,C0463,F,32,Ottawa,Mascara,Beauty,2025-03-02,2,18.16,36.32
3966,C0132,M,62,Toronto,Toaster,Home,2025-09-24,1,33.83,33.83
3967,C0506,M,37,Edmonton,Camera,Electronics,2025-04-07,1,348.63,348.63
3968,C0633,F,42,Vancouver,Mascara,Beauty,2025-10-10,1,19.24,19.24
3969,C0236,M,31,Vancouver,Keyboard,Electronics,2025-09-04,1,43.86,43.86
3970,C0023,F,44,Winnipeg,Charger,Electronics,2025-02-04,2,20.77,41.54
3971,C0614,F,64,Ottawa,Hoodie,Clothing,2025-10-01,1,43.9,43.9
3972,C1156,F,52,Toronto,Headphones,Electronics,2025-03-09,3,66.93,200.79
3973,C0452,F,45,Calgary,Serum,Beauty,2025-07-08,1,39.24,39.24
3974,C0274,M,23,Ottawa,Lamp,Home,2025-02-10,1,43.85,43.85
3975,C1025,F,58,Halifax,Lotion,Beauty,2025-04-06,2,20.51,41.02
3976,C0661,M,48,Toronto,Hoodie,Clothing,2025-06-20,2,48.43,96.86
3977,C0166,M,31,Ottawa,Keyboard,Electronics,2025-03-08,4,38.63,154.52
3978,C0410,M,33,Calgary,Camera,Electronics,2025-04-29,2,314.05,628.1
3979,C0297,F,61,Montreal,Serum,Beauty,2025-06-20,1,41.09,41.09
3980,C1117,F,53,Winnipeg,Smartwatch,Electronics,2025-07-05,4,168.22,672.88
3981,C0937,F,22,Montreal,Jacket,Clothing,2025-03-11,3,98.67,296.01
3982,C1003,M,49,Montreal,Hoodie,Clothing,2025-09-02,1,47.47,47.47
3983,C0096,F,28,Calgary,Serum,Beauty,2025-06-08,1,37.61,37.61
3984,C0571,M,39,Halifax,Perfume,Beauty,2025-10-11,1,45.28,45.28
3985,C0900,F,60,Halifax,Hoodie,Clothing,2025-04-17,1,48.6,48.6
3986,C0141,M,57,Calgary,Dress,Clothing,2025-02-05,4,60.62,242.48
3987,C1341,M,45,Winnipeg,Lipstick,Beauty,2025-07-14,1,14.27,14.27
3988,C0563,F,23,Halifax,Headphones,Electronics,2025-09-25,2,69.1,138.2
3989,C1014,F,56,Ottawa,Mouse,Electronics,2025-03-17,1,25.08,25.08
3990,C0767,F,23,Edmonton,Dress,Clothing,2025-10-07,1,55.16,55.16
3991,C0833,M,63,Vancouver,Lipstick,Beauty,2025-03-21,2,15.73,31.46
3992,C1329,F,37,Calgary,Shampoo,Beauty,2025-04-08,1,11.06,11.06
3993,C0177,F,55,Calgary,Air Fryer,Home,2025-10-09,1,107.91,107.91
3994,C0615,M,21,Montreal,Serum,Beauty,2025-04-28,4,40.32,161.28
3995,C0654,F,42,Montreal,Mouse,Electronics,2025-08-11,2,24.84,49.68
3996,C0421,M,30,Edmonton,Smartwatch,Electronics,2025-09-09,1,170.94,170.94
3997,C0030,F,29,Montreal,Keyboard,Electronics,2025-03-21,1,38.74,38.74
3998,C0142,M,26,Vancouver,Keyboard,Electronics,2025-06-19,1,43.66,43.66
3999,C0223,M,20,Montreal,Headphones,Electronics,2025-06-06,2,65.93,131.86
4000,C0860,F,49,Montreal,Lotion,Beauty,2025-01-02,2,18.15,36.3
4001,C0830,M,28,Edmonton,Mouse,Electronics,2025-07-22,1,26.86,26.86
4002,C0511,M,22,Halifax,T-Shirt,Clothing,2025-09-15,2,21.01,42.02
4003,C1027,M,52,Winnipeg,Toaster,Home,2025-09-08,1,33.12,33.12
4004,C1478,M,41,Halifax,Shampoo,Beauty,2025-05-26,1,13.16,13.16
4005,C1299,M,58,Vancouver,Perfume,Beauty,2025-10-02,1,45.02,45.02
4006,C1385,M,23,Halifax,Lotion,Beauty,2025-01-19,1,21.8,21.8
4007,C0098,M,35,Montreal,Camera,Electronics,2025-09-09,1,320.32,320.32
4008,C0988,M,55,Halifax,Keyboard,Electronics,2025-10-11,2,39.77,79.54
4009,C0460,F,23,Ottawa,Toaster,Home,2025-02-19,1,34.64,34.64
4010,C1152,F,39,Winnipeg,Lotion,Beauty,2025-05-17,2,19.34,38.68
4011,C1191,F,59,Ottawa,Lotion,Beauty,2025-08-14,2,20.13,40.26
4012,C0266,M,60,Winnipeg,Keyboard,Electronics,2025-08-09,2,39.62,79.24
4013,C1012,M,31,Toronto,Vacuum,Home,2025-04-23,1,136.1,136.1
4014,C0943,F,29,Ottawa,Shampoo,Beauty,2025-05-29,1,11.43,11.43
4015,C0384,F,42,Winnipeg,Lamp,Home,2025-02-17,2,37.7,75.4
4016,C0151,F,37,Vancouver,Shampoo,Beauty,2025-02-27,1,12.88,12.88
4017,C1272,F,35,Montreal,Jeans,Clothing,2025-07-16,2,56.09,112.18
4018,C0571,F,41,Toronto,Sneakers,Clothing,2025-08-13,1,89.48,89.48
4019,C0218,M,32,Halifax,Mouse,Electronics,2025-05-17,1,27.28,27.28
4020,C0595,M,48,Calgary,Shampoo,Beauty,2025-07-14,2,12.35,24.7
4021,C1126,F,59,Edmonton,Headphones,Electronics,2025-07-25,3,76.76,230.28
4022,C0941,M,18,Edmonton,Lotion,Beauty,2025-01-18,1,19.25,19.25
4023,C0756,F,32,Calgary,Kettle,Home,2025-09-25,1,26.24,26.24
4024,C0300,M,51,Ottawa,Sneakers,Clothing,2025-08-03,2,83.36,166.72
4025,C1072,M,19,Toronto,Blender,Home,2025-07-25,1,84.5,84.5
4026,C0331,M,53,Calgary,Dress,Clothing,2025-05-04,1,64.74,64.74
4027,C0762,M,40,Calgary,Mouse,Electronics,2025-01-16,1,25.3,25.3
4028,C1259,F,41,Calgary,Serum,Beauty,2025-06-14,1,36.42,36.42
4029,C0513,M,63,Ottawa,Blender,Home,2025-05-28,1,89.12,89.12
4030,C0928,F,49,Ottawa,Charger,Electronics,2025-10-03,1,20.02,20.02
4031,C0097,M,63,Toronto,Blender,Home,2025-08-21,3,79.26,237.78
4032,C1375,F,30,Ottawa,Mascara,Beauty,2025-01-25,2,18.28,36.56
4033,C0090,M,50,Ottawa,Serum,Beauty,2025-09-25,4,41.13,164.52
4034,C1223,F,59,Vancouver,Dress,Clothing,2025-10-22,1,64.11,64.11
4035,C1124,F,31,Ottawa,Lipstick,Beauty,2025-03-12,1,15.26,15.26
4036,C1454,M,34,Toronto,T-Shirt,Clothing,2025-07-19,4,19.51,78.04
4037,C0152,F,33,Ottawa,Jacket,Clothing,2025-02-16,1,82.57,82.57
4038,C0726,F,49,Edmonton,Air Fryer,Home,2025-01-25,2,109.33,218.66
4039,C0108,M,32,Edmonton,Kettle,Home,2025-08-01,1,29.41,29.41
4040,C0164,F,60,Ottawa,Mouse,Electronics,2025-02-02,2,24.3,48.6
4041,C0451,M,48,Vancouver,Jeans,Clothing,2025-08-02,3,52.09,156.27
4042,C0818,M,29,Edmonton,Headphones,Electronics,2025-07-30,1,76.04,76.04
4043,C0248,M,50,Toronto,Smartwatch,Electronics,2025-01-29,1,170.29,170.29
4044,C0955,M,20,Edmonton,Toaster,Home,2025-09-16,1,35.97,35.97
4045,C0485,M,28,Calgary,Mouse,Electronics,2025-02-08,1,23.18,23.18
4046,C0442,F,60,Vancouver,Keyboard,Electronics,2025-09-17,1,37.16,37.16
4047,C0500,M,22,Halifax,Keyboard,Electronics,2025-06-14,2,36.83,73.66
4048,C0985,F,64,Halifax,Mouse,Electronics,2025-04-05,1,25.58,25.58
4049,C0279,F,44,Ottawa,T-Shirt,Clothing,2025-08-08,1,18.46,18.46
4050,C0524,M,33,Montreal,Lotion,Beauty,2025-09-25,1,21.37,21.37
4051,C1210,F,52,Halifax,Jeans,Clothing,2025-04-28,1,60.42,60.42
4052,C0829,F,57,Vancouver,Vacuum,Home,2025-03-07,1,145.99,145.99
4053,C0488,F,33,Halifax,Jacket,Clothing,2025-07-12,2,89.17,178.34
4054,C0224,F,33,Vancouver,Mouse,Electronics,2025-02-04,3,26.06,78.18
4055,C0985,F,39,Toronto,Air Fryer,Home,2025-06-24,1,119.62,119.62
4056,C0862,F,21,Calgary,Lotion,Beauty,2025-04-22,1,21.58,21.58
4057,C0101,F,49,Calgary,Sneakers,Clothing,2025-10-17,2,77.48,154.96
4058,C0766,F,44,Calgary,Lotion,Beauty,2025-03-21,1,18.68,18.68
4059,C1298,M,32,Vancouver,Jacket,Clothing,2025-04-21,1,94.58,94.58
4060,C0675,F,36,Montreal,Hoodie,Clothing,2025-04-02,2,46.7,93.4
4061,C0432,F,43,Toronto,Camera,Electronics,2025-07-05,1,296.53,296.53
4062,C0549,M,32,Montreal,Mascara,Beauty,2025-02-10,1,18.01,18.01
4063,C0390,M,62,Calgary,Blender,Home,2025-03-28,4,89.77,359.08
4064,C0211,M,27,Vancouver,Perfume,Beauty,2025-08-12,1,42.47,42.47
4065,C1110,F,51,Calgary,T-Shirt,Clothing,2025-02-20,3,21.49,64.47
4066,C0763,F,55,Halifax,Lipstick,Beauty,2025-05-06,1,13.66,13.66
4067,C0208,F,43,Montreal,Shampoo,Beauty,2025-05-26,2,12.68,25.36
4068,C0986,M,25,Calgary,Jeans,Clothing,2025-02-10,1,56.27,56.27
4069,C1319,M,33,Ottawa,Lamp,Home,2025-01-24,1,38.52,38.52
4070,C0772,M,46,Toronto,Hoodie,Clothing,2025-10-30,2,46.99,93.98
4071,C0912,F,49,Montreal,Camera,Electronics,2025-10-11,3,338.07,1014.21
4072,C0625,M,38,Ottawa,Vacuum,Home,2025-02-05,1,163.02,163.02
4073,C1299,M,49,Calgary,Headphones,Electronics,2025-10-04,2,68.15,136.3
4074,C1401,M,62,Toronto,Blender,Home,2025-07-03,1,88.16,88.16
4075,C0785,M,29,Toronto,Blender,Home,2025-06-03,2,86.74,173.48
4076,C1197,M,65,Toronto,Smartwatch,Electronics,2025-07-01,2,160.81,321.62
4077,C1154,F,56,Vancouver,Keyboard,Electronics,2025-10-27,1,43.12,43.12
4078,C0600,M,27,Toronto,Mascara,Beauty,2025-06-03,1,16.21,16.21
4079,C0567,F,23,Ottawa,Air Fryer,Home,2025-05-30,1,105.21,105.21
4080,C0859,F,54,Montreal,Serum,Beauty,2025-01-02,3,38.29,114.87
4081,C0004,F,35,Ottawa,Blender,Home,2025-10-24,1,79.53,79.53
4082,C0496,F,65,Calgary,Mascara,Beauty,2025-02-23,2,19.47,38.94
4083,C0379,M,48,Vancouver,Vacuum,Home,2025-09-03,1,154.43,154.43
4084,C0356,F,52,Vancouver,Lamp,Home,2025-02-15,2,39.82,79.64
4085,C0468,F,20,Calgary,Perfume,Beauty,2025-03-16,2,47.83,95.66
4086,C1420,F,22,Montreal,Mascara,Beauty,2025-05-29,2,17.82,35.64
4087,C0438,F,51,Vancouver,Perfume,Beauty,2025-01-03,3,45.53,136.59
4088,C0828,M,50,Calgary,Blender,Home,2025-01-09,1,76.55,76.55
4089,C0701,M,53,Calgary,Sneakers,Clothing,2025-01-02,1,82.72,82.72
4090,C1012,M,27,Winnipeg,Serum,Beauty,2025-08-26,5,35.25,176.25
4091,C0046,F,62,Winnipeg,Kettle,Home,2025-01-28,1,29.06,29.06
4092,C0609,M,20,Calgary,Charger,Electronics,2025-10-17,2,19.92,39.84
4093,C0049,M,28,Winnipeg,Charger,Electronics,2025-06-30,2,19.21,38.42
4094,C0120,F,20,Halifax,Sneakers,Clothing,2025-09-23,2,84.45,168.9
4095,C1098,F,45,Winnipeg,Charger,Electronics,2025-03-24,1,18.84,18.84
4096,C1432,F,59,Calgary,Smartwatch,Electronics,2025-09-10,1,173.6,173.6
4097,C0273,F,45,Toronto,Serum,Beauty,2025-09-15,2,34.61,69.22
4098,C1024,M,26,Montreal,Lotion,Beauty,2025-02-17,1,21.46,21.46
4099,C1018,M,43,Edmonton,Serum,Beauty,2025-05-14,2,38.09,76.18
4100,C1131,F,46,Calgary,Serum,Beauty,2025-10-27,1,38.9,38.9
4101,C0184,F,27,Winnipeg,Blender,Home,2025-07-18,1,81.64,81.64
4102,C0345,F,44,Winnipeg,Headphones,Electronics,2025-10-19,1,76.53,76.53
4103,C0820,M,62,Toronto,Mouse,Electronics,2025-05-16,3,23.91,71.73
4104,C1363,M,49,Toronto,Lotion,Beauty,2025-03-24,1,20.36,20.36
4105,C0459,M,35,Ottawa,Headphones,Electronics,2025-09-23,1,76.91,76.91
4106,C0225,M,35,Edmonton,Kettle,Home,2025-08-07,3,30.13,90.39
4107,C0690,F,39,Halifax,Jacket,Clothing,2025-01-19,2,90.65,181.3
4108,C0375,F,34,Calgary,Mascara,Beauty,2025-01-18,4,19.77,79.08
4109,C0911,F,42,Toronto,Hoodie,Clothing,2025-06-28,1,46.81,46.81
4110,C1080,M,43,Edmonton,Camera,Electronics,2025-01-23,2,301.36,602.72
4111,C0240,M,22,Halifax,Camera,Electronics,2025-09-01,1,313.96,313.96
4112,C1299,F,26,Ottawa,Keyboard,Electronics,2025-04-17,2,38.68,77.36
4113,C0838,F,61,Ottawa,Mascara,Beauty,2025-05-11,3,17.44,52.32
4114,C0924,F,61,Winnipeg,Perfume,Beauty,2025-01-10,1,47.34,47.34
4115,C1430,F,41,Calgary,Toaster,Home,2025-07-18,1,35.59,35.59
4116,C0668,M,24,Winnipeg,Camera,Electronics,2025-03-31,2,290.44,580.88
4117,C1138,M,37,Vancouver,Jeans,Clothing,2025-05-24,1,59.15,59.15
4118,C0114,M,61,Toronto,Charger,Electronics,2025-10-22,2,19.19,38.38
4119,C1001,F,58,Vancouver,Shampoo,Beauty,2025-04-19,1,13.19,13.19
4120,C1456,M,25,Ottawa,Air Fryer,Home,2025-07-23,3,119.99,359.97
4121,C1395,F,36,Vancouver,Mouse,Electronics,2025-02-13,1,27.2,27.2
4122,C1111,F,52,Vancouver,Camera,Electronics,2025-01-08,1,339.91,339.91
4123,C1470,F,60,Halifax,Air Fryer,Home,2025-10-28,1,103.85,103.85
4124,C0605,M,61,Calgary,Dress,Clothing,2025-06-02,1,60.39,60.39
4125,C0200,F,42,Halifax,Vacuum,Home,2025-01-17,1,141.73,141.73
4126,C1386,M,34,Ottawa,Air Fryer,Home,2025-08-25,1,104.71,104.71
4127,C0487,M,56,Montreal,Air Fryer,Home,2025-02-25,1,112.44,112.44
4128,C0717,M,42,Toronto,T-Shirt,Clothing,2025-02-13,3,18.16,54.48
4129,C0084,F,52,Winnipeg,Headphones,Electronics,2025-08-29,1,76.57,76.57
4130,C1271,F,56,Halifax,Lotion,Beauty,2025-02-08,2,21.67,43.34
4131,C0941,F,56,Calgary,Shampoo,Beauty,2025-05-10,1,11.71,11.71
4132,C0268,M,63,Calgary,Lotion,Beauty,2025-04-08,1,20.06,20.06
4133,C0465,M,19,Montreal,Kettle,Home,2025-10-08,1,27.81,27.81
4134,C1038,F,33,Calgary,Toaster,Home,2025-03-21,2,37.68,75.36
4135,C0821,M,59,Halifax,Smartwatch,Electronics,2025-10-15,1,166.04,166.04
4136,C0218,F,31,Ottawa,Perfume,Beauty,2025-08-22,1,43,43
4137,C0990,M,46,Calgary,Lamp,Home,2025-06-18,1,39.57,39.57
4138,C1258,M,56,Calgary,Charger,Electronics,2025-03-20,1,19.72,19.72
4139,C0045,F,19,Montreal,Blender,Home,2025-03-12,1,92.81,92.81
4140,C0160,M,27,Toronto,Camera,Electronics,2025-09-20,1,299.22,299.22
4141,C1182,M,19,Halifax,Charger,Electronics,2025-07-19,1,18.36,18.36
4142,C0780,M,44,Edmonton,Shampoo,Beauty,2025-07-30,2,12.91,25.82
4143,C1124,M,30,Toronto,Mascara,Beauty,2025-01-18,1,19.43,19.43
4144,C1107,F,19,Halifax,T-Shirt,Clothing,2025-09-30,1,21.49,21.49
4145,C0556,F,59,Vancouver,Sneakers,Clothing,2025-07-29,1,85.19,85.19
4146,C1177,F,31,Halifax,Kettle,Home,2025-04-27,1,28.89,28.89
4147,C0682,M,34,Winnipeg,Shampoo,Beauty,2025-04-14,1,12.15,12.15
4148,C1045,F,61,Halifax,Headphones,Electronics,2025-03-18,2,63.97,127.94
4149,C1274,F,55,Ottawa,Air Fryer,Home,2025-01-11,2,112.11,224.22
4150,C1213,F,53,Halifax,Kettle,Home,2025-02-20,1,25.28,25.28
4151,C1346,M,51,Montreal,Lotion,Beauty,2025-01-07,1,19.3,19.3
4152,C0794,M,46,Winnipeg,Serum,Beauty,2025-02-06,1,41.29,41.29
4153,C0672,M,64,Toronto,Kettle,Home,2025-09-18,1,26.9,26.9
4154,C0219,F,40,Montreal,Mouse,Electronics,2025-03-03,3,27.2,81.6
4155,C1041,M,40,Edmonton,Lipstick,Beauty,2025-07-19,2,14.25,28.5
4156,C0516,M,33,Vancouver,Lipstick,Beauty,2025-03-31,1,14.44,14.44
4157,C1063,F,61,Winnipeg,Headphones,Electronics,2025-03-20,4,71.8,287.2
4158,C1020,M,24,Winnipeg,Sneakers,Clothing,2025-02-24,1,89.45,89.45
4159,C0701,F,62,Toronto,Hoodie,Clothing,2025-08-09,1,45.01,45.01
4160,C0142,F,18,Montreal,Charger,Electronics,2025-04-02,1,21.53,21.53
4161,C0346,M,36,Halifax,Mouse,Electronics,2025-03-15,1,22.7,22.7
4162,C0303,M,62,Edmonton,Shampoo,Beauty,2025-02-25,3,13.01,39.03
4163,C1154,F,50,Ottawa,Keyboard,Electronics,2025-08-20,3,37.57,112.71
4164,C0468,M,51,Winnipeg,Charger,Electronics,2025-06-28,2,21.54,43.08
4165,C0346,M,18,Ottawa,Lamp,Home,2025-03-02,1,39.21,39.21
4166,C0834,M,29,Vancouver,Keyboard,Electronics,2025-04-27,2,42.66,85.32
4167,C0176,F,42,Halifax,Shampoo,Beauty,2025-03-19,2,12.41,24.82
4168,C1472,M,40,Toronto,Lotion,Beauty,2025-08-24,1,18.7,18.7
4169,C0194,M,42,Toronto,Camera,Electronics,2025-02-02,1,346.76,346.76
4170,C0944,M,48,Winnipeg,Mascara,Beauty,2025-02-24,2,17.08,34.16
4171,C0337,F,41,Ottawa,Mascara,Beauty,2025-08-31,3,17.08,51.24
4172,C1203,M,27,Edmonton,Jeans,Clothing,2025-10-01,2,58.46,116.92
4173,C0644,M,19,Winnipeg,Smartwatch,Electronics,2025-03-15,1,147.39,147.39
4174,C0081,F,50,Halifax,Headphones,Electronics,2025-01-21,1,66.11,66.11
4175,C0161,M,54,Vancouver,Sneakers,Clothing,2025-07-20,3,85.06,255.18
4176,C0407,F,40,Calgary,Sneakers,Clothing,2025-06-03,2,90.62,181.24
4177,C1205,F,19,Winnipeg,Keyboard,Electronics,2025-09-11,1,37.18,37.18
4178,C1293,F,21,Ottawa,Dress,Clothing,2025-07-26,1,60.57,60.57
4179,C0494,F,40,Halifax,Charger,Electronics,2025-05-29,3,20.84,62.52
4180,C0191,F,63,Ottawa,Camera,Electronics,2025-07-02,3,343.08,1029.24
4181,C1345,M,58,Montreal,Smartwatch,Electronics,2025-10-29,2,173.94,347.88
4182,C1384,F,55,Vancouver,Blender,Home,2025-10-24,1,89.84,89.84
4183,C0554,F,40,Calgary,Lamp,Home,2025-09-18,2,41.22,82.44
4184,C1119,M,29,Edmonton,Keyboard,Electronics,2025-02-13,1,39.47,39.47
4185,C0356,F,61,Winnipeg,Perfume,Beauty,2025-05-24,3,41.51,124.53
4186,C0370,M,41,Vancouver,Lamp,Home,2025-09-01,1,41.68,41.68
4187,C0745,M,46,Vancouver,Lipstick,Beauty,2025-01-05,2,16.48,32.96
4188,C0296,F,58,Ottawa,Camera,Electronics,2025-03-03,2,335.15,670.3
4189,C1126,F,45,Ottawa,Vacuum,Home,2025-01-26,2,135.5,271
4190,C0021,F,32,Ottawa,Vacuum,Home,2025-07-03,1,149.89,149.89
4191,C1107,M,27,Halifax,Blender,Home,2025-02-05,1,86.95,86.95
4192,C0976,F,51,Halifax,Dress,Clothing,2025-01-30,2,62.28,124.56
4193,C0673,M,46,Winnipeg,Camera,Electronics,2025-03-10,1,334.06,334.06
4194,C0367,F,48,Montreal,Toaster,Home,2025-08-20,1,35.41,35.41
4195,C0710,F,40,Calgary,Lamp,Home,2025-06-25,5,37.79,188.95
4196,C0554,M,35,Edmonton,Perfume,Beauty,2025-10-05,1,48.98,48.98
4197,C0549,F,24,Halifax,Serum,Beauty,2025-02-02,2,39.49,78.98
4198,C1409,F,44,Edmonton,Camera,Electronics,2025-03-10,1,303.16,303.16
4199,C1357,F,26,Calgary,Smartwatch,Electronics,2025-09-12,2,154.31,308.62
4200,C0039,F,37,Winnipeg,Toaster,Home,2025-02-19,2,37.95,75.9
4201,C0047,F,38,Winnipeg,Dress,Clothing,2025-01-23,2,64.65,129.3
4202,C1336,M,45,Vancouver,Mascara,Beauty,2025-09-11,5,17.66,88.3
4203,C1134,M,20,Edmonton,Lotion,Beauty,2025-06-13,1,18.15,18.15
4204,C0186,F,62,Edmonton,Hoodie,Clothing,2025-09-30,2,40.94,81.88
4205,C0924,F,27,Edmonton,Mascara,Beauty,2025-06-30,2,17.22,34.44
4206,C1209,M,34,Ottawa,Smartwatch,Electronics,2025-09-07,1,164.13,164.13
4207,C0327,M,52,Edmonton,Smartwatch,Electronics,2025-08-25,1,162.69,162.69
4208,C0110,F,38,Vancouver,Keyboard,Electronics,2025-08-20,4,41.07,164.28
4209,C1224,F,26,Ottawa,Serum,Beauty,2025-05-02,1,39.65,39.65
4210,C0173,M,34,Vancouver,Lotion,Beauty,2025-08-30,1,18.08,18.08
4211,C1345,F,49,Vancouver,Shampoo,Beauty,2025-05-14,1,11.05,11.05
4212,C0516,F,65,Halifax,Mouse,Electronics,2025-03-12,1,24.3,24.3
4213,C0061,F,55,Montreal,Keyboard,Electronics,2025-10-06,3,37.24,111.72
4214,C1195,M,45,Edmonton,Lotion,Beauty,2025-08-07,1,18.3,18.3
4215,C1171,F,35,Montreal,Air Fryer,Home,2025-07-04,1,113.1,113.1
4216,C1366,F,23,Edmonton,Dress,Clothing,2025-08-05,2,63.78,127.56
4217,C1153,M,23,Winnipeg,Shampoo,Beauty,2025-10-08,1,12.61,12.61
4218,C0659,F,34,Vancouver,Mouse,Electronics,2025-10-08,2,26.59,53.18
4219,C1075,M,27,Winnipeg,Blender,Home,2025-05-05,2,87.82,175.64
4220,C1309,M,19,Ottawa,Lotion,Beauty,2025-06-28,2,20.94,41.88
4221,C1280,M,50,Winnipeg,Headphones,Electronics,2025-02-04,2,66.8,133.6
4222,C1047,M,60,Vancouver,Vacuum,Home,2025-03-11,1,164.79,164.79
4223,C0769,M,42,Winnipeg,Jacket,Clothing,2025-06-27,1,84.3,84.3
4224,C1085,F,55,Ottawa,T-Shirt,Clothing,2025-02-18,1,18.86,18.86
4225,C0207,M,18,Toronto,Charger,Electronics,2025-03-09,1,19.16,19.16
4226,C0793,F,33,Calgary,Blender,Home,2025-01-07,1,93.08,93.08
4227,C1156,M,43,Vancouver,Charger,Electronics,2025-04-04,1,21.95,21.95
4228,C0877,M,58,Winnipeg,Toaster,Home,2025-03-22,1,37.06,37.06
4229,C1025,M,29,Toronto,Smartwatch,Electronics,2025-09-07,1,164.13,164.13
4230,C0552,M,26,Vancouver,Shampoo,Beauty,2025-02-07,1,12.05,12.05
4231,C0277,M,30,Montreal,Blender,Home,2025-02-14,1,93,93
4232,C0759,M,24,Halifax,Keyboard,Electronics,2025-05-17,1,41.56,41.56
4233,C1162,M,18,Calgary,Smartwatch,Electronics,2025-08-17,2,174.23,348.46
4234,C0322,F,48,Winnipeg,T-Shirt,Clothing,2025-07-02,2,19.27,38.54
4235,C0909,M,52,Vancouver,Lotion,Beauty,2025-07-23,2,19.34,38.68
4236,C0246,F,41,Edmonton,Keyboard,Electronics,2025-04-21,3,42.84,128.52
4237,C1001,M,20,Winnipeg,Shampoo,Beauty,2025-03-09,2,11.16,22.32
4238,C0476,M,36,Halifax,Lamp,Home,2025-02-07,2,43.57,87.14
4239,C1137,F,21,Montreal,Kettle,Home,2025-07-17,1,28.04,28.04
4240,C0126,F,45,Montreal,Camera,Electronics,2025-04-02,1,347.29,347.29
4241,C0266,M,61,Toronto,Kettle,Home,2025-09-21,2,27.09,54.18
4242,C1265,F,47,Edmonton,Headphones,Electronics,2025-08-31,1,73.02,73.02
4243,C0138,F,53,Montreal,Toaster,Home,2025-04-26,1,34.88,34.88
4244,C1270,F,59,Winnipeg,Camera,Electronics,2025-04-05,1,328.12,328.12
4245,C1262,M,21,Edmonton,Charger,Electronics,2025-08-01,1,20.02,20.02
4246,C1327,F,40,Toronto,Sneakers,Clothing,2025-09-03,2,92.94,185.88
4247,C0521,F,28,Ottawa,Mascara,Beauty,2025-06-22,1,18.69,18.69
4248,C1070,F,21,Ottawa,Perfume,Beauty,2025-10-12,1,42.76,42.76
4249,C1397,F,28,Ottawa,Keyboard,Electronics,2025-03-20,1,43.28,43.28
4250,C1148,M,41,Ottawa,Jacket,Clothing,2025-10-07,2,86.29,172.58
4251,C1092,F,37,Winnipeg,Smartwatch,Electronics,2025-05-29,2,155.89,311.78
4252,C0877,F,62,Winnipeg,Mascara,Beauty,2025-10-06,1,16.57,16.57
4253,C1462,F,34,Vancouver,Charger,Electronics,2025-08-14,2,21.6,43.2
4254,C0502,F,30,Winnipeg,Keyboard,Electronics,2025-04-28,1,38.29,38.29
4255,C1348,M,34,Edmonton,Mascara,Beauty,2025-03-14,2,17.13,34.26
4256,C0644,M,32,Toronto,Kettle,Home,2025-01-06,2,30.35,60.7
4257,C1385,F,21,Ottawa,Jacket,Clothing,2025-01-22,4,95.5,382
4258,C1409,F,35,Montreal,Camera,Electronics,2025-06-28,1,297.03,297.03
4259,C0749,F,60,Edmonton,Keyboard,Electronics,2025-07-15,1,42.15,42.15
4260,C0905,M,26,Winnipeg,Headphones,Electronics,2025-04-19,1,75.78,75.78
4261,C0455,F,65,Toronto,Lipstick,Beauty,2025-07-04,1,13.74,13.74
4262,C1434,F,20,Winnipeg,T-Shirt,Clothing,2025-02-24,1,21.3,21.3
4263,C0824,M,44,Edmonton,Headphones,Electronics,2025-08-17,1,70.66,70.66
4264,C1073,F,35,Edmonton,Mouse,Electronics,2025-01-19,1,25.85,25.85
4265,C0701,M,34,Edmonton,Vacuum,Home,2025-08-04,3,149.79,449.37
4266,C0521,M,27,Vancouver,Smartwatch,Electronics,2025-02-17,1,166.33,166.33
4267,C0394,F,54,Winnipeg,Kettle,Home,2025-06-09,4,25.39,101.56
4268,C0880,F,46,Ottawa,Mascara,Beauty,2025-09-30,2,18.95,37.9
4269,C0395,F,64,Winnipeg,T-Shirt,Clothing,2025-04-06,3,18.13,54.39
4270,C0096,F,22,Toronto,Dress,Clothing,2025-01-30,3,59.46,178.38
4271,C0085,M,64,Calgary,Vacuum,Home,2025-05-01,2,139.53,279.06
4272,C1060,F,23,Ottawa,T-Shirt,Clothing,2025-07-09,2,21.29,42.58
4273,C0952,M,57,Toronto,Perfume,Beauty,2025-06-01,1,43.32,43.32
4274,C0416,M,52,Ottawa,Mouse,Electronics,2025-09-12,1,24.77,24.77
4275,C0595,M,22,Calgary,Vacuum,Home,2025-07-10,3,147.86,443.58
4276,C0675,F,32,Winnipeg,Mouse,Electronics,2025-05-22,1,26.36,26.36
4277,C0726,M,44,Montreal,Camera,Electronics,2025-09-03,1,318.79,318.79
4278,C0221,M,61,Halifax,Headphones,Electronics,2025-02-03,2,74.05,148.1
4279,C1343,F,56,Halifax,Serum,Beauty,2025-07-06,1,34.76,34.76
4280,C0479,F,50,Montreal,Headphones,Electronics,2025-03-27,2,65.68,131.36
4281,C0392,F,41,Calgary,Perfume,Beauty,2025-06-10,1,45.46,45.46
4282,C1143,F,38,Toronto,Blender,Home,2025-04-28,2,92.6,185.2
4283,C1093,F,19,Vancouver,Perfume,Beauty,2025-04-21,1,41.17,41.17
4284,C0445,F,36,Ottawa,Perfume,Beauty,2025-02-27,3,40.89,122.67
4285,C1118,F,62,Vancouver,Headphones,Electronics,2025-01-18,1,65.19,65.19
4286,C0319,M,35,Ottawa,Mouse,Electronics,2025-05-20,2,25.71,51.42
4287,C1341,F,27,Vancouver,Hoodie,Clothing,2025-07-13,1,44.09,44.09
4288,C0293,F,62,Ottawa,Keyboard,Electronics,2025-05-10,1,42.6,42.6
4289,C0766,F,54,Montreal,Headphones,Electronics,2025-07-31,1,64.01,64.01
4290,C0516,M,40,Winnipeg,Jacket,Clothing,2025-10-11,1,84.54,84.54
4291,C1080,F,62,Ottawa,Headphones,Electronics,2025-04-30,2,67.2,134.4
4292,C1301,M,58,Ottawa,Perfume,Beauty,2025-02-11,1,46.14,46.14
4293,C0570,M,18,Calgary,Mouse,Electronics,2025-01-03,1,25.93,25.93
4294,C0762,F,23,Calgary,Dress,Clothing,2025-08-17,1,55.49,55.49
4295,C0144,F,18,Halifax,Camera,Electronics,2025-08-17,3,348.4,1045.2
4296,C0309,M,35,Ottawa,Smartwatch,Electronics,2025-05-21,1,154.91,154.91
4297,C0018,F,44,Halifax,Lotion,Beauty,2025-02-26,1,20.85,20.85
4298,C0825,F,65,Ottawa,Perfume,Beauty,2025-08-04,2,45.22,90.44
4299,C1375,F,57,Winnipeg,Smartwatch,Electronics,2025-05-11,3,151.13,453.39
4300,C1190,F,55,Toronto,Mouse,Electronics,2025-04-24,3,26.73,80.19
4301,C0891,M,62,Montreal,Lipstick,Beauty,2025-07-10,3,15.95,47.85
4302,C1136,F,34,Ottawa,Dress,Clothing,2025-08-31,1,58.75,58.75
4303,C0225,F,43,Ottawa,Kettle,Home,2025-10-21,2,28.5,57
4304,C0852,M,30,Winnipeg,Smartwatch,Electronics,2025-01-28,2,152.25,304.5
4305,C1098,F,27,Montreal,Jeans,Clothing,2025-01-26,3,57.09,171.27
4306,C0154,F,55,Halifax,Mascara,Beauty,2025-03-25,1,17.31,17.31
4307,C0110,M,43,Halifax,Charger,Electronics,2025-07-21,3,21.38,64.14
4308,C0338,F,48,Toronto,Lamp,Home,2025-03-02,1,37.74,37.74
4309,C0507,M,40,Halifax,Jeans,Clothing,2025-07-04,2,49.66,99.32
4310,C0173,F,37,Halifax,Blender,Home,2025-09-03,1,81.06,81.06
4311,C1018,F,40,Halifax,Serum,Beauty,2025-01-01,1,35.65,35.65
4312,C1170,M,62,Edmonton,Sneakers,Clothing,2025-08-31,1,85.14,85.14
4313,C0799,M,44,Calgary,Lipstick,Beauty,2025-02-01,1,14.11,14.11
4314,C0399,F,32,Halifax,Jeans,Clothing,2025-08-23,2,57.9,115.8
4315,C0102,F,55,Winnipeg,T-Shirt,Clothing,2025-01-17,2,18.97,37.94
4316,C0989,M,28,Winnipeg,Perfume,Beauty,2025-03-30,2,46.86,93.72
4317,C1273,M,25,Calgary,Lamp,Home,2025-02-21,1,40.63,40.63
4318,C0485,M,31,Montreal,Serum,Beauty,2025-06-13,4,41.7,166.8
4319,C1385,F,30,Ottawa,Headphones,Electronics,2025-10-30,2,77,154
4320,C0174,F,39,Winnipeg,Smartwatch,Electronics,2025-02-01,1,171.82,171.82
4321,C1382,M,51,Edmonton,Headphones,Electronics,2025-07-17,2,73.64,147.28
4322,C0912,F,18,Calgary,Jeans,Clothing,2025-07-20,1,53.75,53.75
4323,C1463,F,54,Ottawa,Toaster,Home,2025-04-17,1,36.77,36.77
4324,C1054,F,49,Winnipeg,Headphones,Electronics,2025-10-23,1,76.39,76.39
4325,C0553,F,28,Vancouver,Hoodie,Clothing,2025-01-28,1,40.71,40.71
4326,C0067,M,27,Ottawa,Jeans,Clothing,2025-10-14,1,55.42,55.42
4327,C0488,F,47,Calgary,Lotion,Beauty,2025-04-29,1,18.87,18.87
4328,C0785,M,29,Ottawa,Jacket,Clothing,2025-01-31,3,91.04,273.12
4329,C1142,F,59,Edmonton,Serum,Beauty,2025-06-03,1,37.74,37.74
4330,C0841,F,58,Ottawa,Jacket,Clothing,2025-09-17,1,91.36,91.36
4331,C0721,M,51,Halifax,Keyboard,Electronics,2025-04-17,5,40.41,202.05
4332,C1381,M,42,Edmonton,Shampoo,Beauty,2025-09-08,1,13.1,13.1
4333,C0248,F,53,Toronto,Camera,Electronics,2025-04-17,2,323.34,646.68
4334,C1119,M,21,Toronto,Air Fryer,Home,2025-04-27,1,117.62,117.62
4335,C1338,F,38,Edmonton,Charger,Electronics,2025-09-02,1,19.28,19.28
4336,C0459,F,47,Ottawa,Shampoo,Beauty,2025-03-20,1,11.85,11.85
4337,C1126,M,55,Winnipeg,Charger,Electronics,2025-08-17,4,19.88,79.52
4338,C0726,F,29,Montreal,Hoodie,Clothing,2025-01-23,1,43.01,43.01
4339,C1006,M,56,Montreal,Charger,Electronics,2025-07-16,1,19.52,19.52
4340,C1155,F,42,Montreal,Perfume,Beauty,2025-07-07,3,45.89,137.67
4341,C0376,F,36,Montreal,Camera,Electronics,2025-08-05,4,325.13,1300.52
4342,C0894,M,19,Calgary,Serum,Beauty,2025-09-04,1,39.04,39.04
4343,C0881,F,39,Montreal,Dress,Clothing,2025-06-03,2,58.22,116.44
4344,C1436,M,47,Calgary,Hoodie,Clothing,2025-07-14,1,43.34,43.34
4345,C0480,F,53,Winnipeg,Keyboard,Electronics,2025-04-26,1,40.89,40.89
4346,C0644,F,20,Montreal,Smartwatch,Electronics,2025-07-15,1,148.25,148.25
4347,C0936,F,40,Edmonton,Kettle,Home,2025-02-24,1,26.62,26.62
4348,C0102,M,21,Ottawa,Smartwatch,Electronics,2025-06-24,1,145.35,145.35
4349,C0057,M,45,Edmonton,T-Shirt,Clothing,2025-05-24,1,18.29,18.29
4350,C1217,M,31,Montreal,Blender,Home,2025-08-05,1,80.64,80.64
4351,C0431,F,23,Halifax,Lamp,Home,2025-09-14,1,36.16,36.16
4352,C0767,F,23,Winnipeg,Smartwatch,Electronics,2025-05-07,1,151.85,151.85
4353,C0464,M,58,Winnipeg,Mouse,Electronics,2025-06-22,4,25.77,103.08
4354,C0162,F,54,Ottawa,Jacket,Clothing,2025-04-04,2,82.1,164.2
4355,C0032,F,24,Edmonton,Smartwatch,Electronics,2025-08-07,1,157.98,157.98
4356,C1196,F,30,Ottawa,Lamp,Home,2025-02-21,3,43.3,129.9
4357,C1006,M,18,Edmonton,Lotion,Beauty,2025-01-19,1,21.17,21.17
4358,C0097,F,41,Toronto,Air Fryer,Home,2025-08-25,1,105.72,105.72
4359,C0139,M,51,Winnipeg,Camera,Electronics,2025-06-20,1,347.19,347.19
4360,C0292,F,27,Edmonton,Serum,Beauty,2025-10-02,1,36.71,36.71
4361,C0141,M,23,Edmonton,Perfume,Beauty,2025-10-22,2,41.15,82.3
4362,C1337,M,21,Vancouver,Air Fryer,Home,2025-06-09,4,120.87,483.48
4363,C0980,M,25,Edmonton,Lamp,Home,2025-08-28,1,42.96,42.96
4364,C0198,F,63,Vancouver,Smartwatch,Electronics,2025-03-06,1,158.91,158.91
4365,C1445,M,65,Edmonton,Lipstick,Beauty,2025-08-05,1,15.5,15.5
4366,C0132,M,32,Ottawa,Vacuum,Home,2025-02-16,1,155.14,155.14
4367,C0365,F,62,Winnipeg,Lipstick,Beauty,2025-03-15,2,14.08,28.16
4368,C0538,M,29,Edmonton,Headphones,Electronics,2025-06-13,2,65.8,131.6
4369,C1490,M,56,Vancouver,Shampoo,Beauty,2025-07-17,1,11.93,11.93
4370,C1293,M,64,Vancouver,Serum,Beauty,2025-05-28,2,41.13,82.26
4371,C0072,M,23,Montreal,Serum,Beauty,2025-03-27,1,34.28,34.28
4372,C0303,F,38,Winnipeg,Headphones,Electronics,2025-01-09,4,73.96,295.84
4373,C0381,M,63,Vancouver,Lotion,Beauty,2025-09-10,1,18.23,18.23
4374,C1441,M,49,Vancouver,Charger,Electronics,2025-08-20,2,19.91,39.82
4375,C1232,F,49,Vancouver,Mouse,Electronics,2025-09-04,1,25.69,25.69
4376,C1194,F,44,Edmonton,Smartwatch,Electronics,2025-01-01,1,165.98,165.98
4377,C0896,M,64,Toronto,Charger,Electronics,2025-09-24,2,18.23,36.46
4378,C0287,F,28,Vancouver,Sneakers,Clothing,2025-04-15,1,83.62,83.62
4379,C0168,F,39,Montreal,Lotion,Beauty,2025-08-22,3,20.34,61.02
4380,C0215,M,53,Winnipeg,Charger,Electronics,2025-09-14,1,18.26,18.26
4381,C1140,M,40,Halifax,Serum,Beauty,2025-03-22,3,35.23,105.69
4382,C0144,F,54,Calgary,Shampoo,Beauty,2025-05-03,4,12.39,49.56
4383,C1336,F,40,Winnipeg,Camera,Electronics,2025-06-21,1,321.38,321.38
4384,C0330,F,44,Toronto,Charger,Electronics,2025-09-30,1,18.65,18.65
4385,C1247,M,51,Montreal,Dress,Clothing,2025-09-04,2,60.42,120.84
4386,C0236,M,37,Winnipeg,Smartwatch,Electronics,2025-07-13,1,173.21,173.21
4387,C0469,M,32,Ottawa,T-Shirt,Clothing,2025-04-22,3,18.06,54.18
4388,C0848,M,59,Montreal,Lotion,Beauty,2025-01-23,1,20.57,20.57
4389,C0696,F,21,Calgary,Perfume,Beauty,2025-07-21,2,41.16,82.32
4390,C1266,F,46,Toronto,Lipstick,Beauty,2025-04-16,1,13.52,13.52
4391,C1328,M,57,Calgary,Perfume,Beauty,2025-04-04,2,41.86,83.72
4392,C0570,M,28,Edmonton,Smartwatch,Electronics,2025-01-25,1,157.53,157.53
4393,C0783,F,24,Halifax,Lamp,Home,2025-05-25,2,42.42,84.84
4394,C0968,F,28,Ottawa,Lipstick,Beauty,2025-01-19,1,14.35,14.35
4395,C0149,F,59,Ottawa,Sneakers,Clothing,2025-07-29,1,87.14,87.14
4396,C0576,F,50,Edmonton,Sneakers,Clothing,2025-03-23,4,83.49,333.96
4397,C0469,M,47,Ottawa,Mouse,Electronics,2025-02-15,2,23.67,47.34
4398,C0135,M,49,Edmonton,Serum,Beauty,2025-02-04,4,38.11,152.44
4399,C0820,F,57,Winnipeg,Shampoo,Beauty,2025-07-21,1,12.71,12.71
4400,C0019,F,54,Edmonton,Perfume,Beauty,2025-01-23,2,47.99,95.98
4401,C0893,F,30,Halifax,Shampoo,Beauty,2025-10-27,2,12.83,25.66
4402,C0598,F,24,Edmonton,Keyboard,Electronics,2025-09-22,2,38.71,77.42
4403,C0686,F,41,Montreal,Shampoo,Beauty,2025-07-06,1,12.7,12.7
4404,C0550,M,28,Montreal,Charger,Electronics,2025-10-25,1,18.85,18.85
4405,C0141,M,48,Winnipeg,T-Shirt,Clothing,2025-07-09,3,20.95,62.85
4406,C1324,F,61,Vancouver,Blender,Home,2025-08-28,1,92.62,92.62
4407,C0406,M,31,Ottawa,T-Shirt,Clothing,2025-05-07,4,18.05,72.2
4408,C0500,M,61,Calgary,Shampoo,Beauty,2025-10-18,1,11.86,11.86
4409,C0035,M,43,Ottawa,Charger,Electronics,2025-04-21,5,20.59,102.95
4410,C1391,F,18,Toronto,Camera,Electronics,2025-02-12,2,332.91,665.82
4411,C0656,M,23,Montreal,Serum,Beauty,2025-10-28,2,35.54,71.08
4412,C1453,M,48,Ottawa,Mascara,Beauty,2025-05-14,1,19.7,19.7
4413,C0656,M,60,Vancouver,Air Fryer,Home,2025-01-13,3,112.54,337.62
4414,C0358,F,60,Halifax,Lamp,Home,2025-01-11,1,37.31,37.31
4415,C0024,F,29,Ottawa,Camera,Electronics,2025-04-12,2,289.31,578.62
4416,C0982,M,18,Vancouver,Headphones,Electronics,2025-07-16,1,73.97,73.97
4417,C0434,M,23,Montreal,Charger,Electronics,2025-02-24,2,18.32,36.64
4418,C0215,M,46,Halifax,Lipstick,Beauty,2025-07-02,3,13.92,41.76
4419,C0364,F,47,Montreal,Smartwatch,Electronics,2025-01-19,1,162.39,162.39
4420,C0467,M,30,Vancouver,Lotion,Beauty,2025-09-19,2,20.41,40.82
4421,C0825,M,47,Edmonton,Lipstick,Beauty,2025-01-09,1,15.56,15.56
4422,C0236,F,29,Winnipeg,Hoodie,Clothing,2025-05-28,3,44.04,132.12
4423,C1147,F,27,Toronto,Mouse,Electronics,2025-01-25,4,26.37,105.48
4424,C0568,F,56,Edmonton,Kettle,Home,2025-03-13,1,30.66,30.66
4425,C0598,F,27,Winnipeg,Smartwatch,Electronics,2025-02-26,1,152.68,152.68
4426,C0465,M,35,Halifax,Camera,Electronics,2025-01-22,2,332.99,665.98
4427,C1102,F,23,Edmonton,Lotion,Beauty,2025-02-05,1,21.71,21.71
4428,C0604,M,25,Montreal,Shampoo,Beauty,2025-06-28,1,12.45,12.45
4429,C1357,F,37,Vancouver,Lipstick,Beauty,2025-03-09,1,15.54,15.54
4430,C1272,F,58,Montreal,Lamp,Home,2025-01-01,1,37.79,37.79
4431,C1361,M,33,Ottawa,Vacuum,Home,2025-02-17,1,151.05,151.05
4432,C0073,F,19,Calgary,Mouse,Electronics,2025-06-01,1,25.31,25.31
4433,C0830,F,28,Toronto,Headphones,Electronics,2025-07-16,1,72.8,72.8
4434,C0744,F,41,Halifax,T-Shirt,Clothing,2025-02-27,2,21.99,43.98
4435,C0234,M,36,Calgary,Serum,Beauty,2025-02-17,1,34.46,34.46
4436,C1212,F,21,Toronto,Smartwatch,Electronics,2025-08-22,1,146.09,146.09
4437,C1301,F,20,Ottawa,Keyboard,Electronics,2025-07-07,2,36.62,73.24
4438,C0419,F,32,Winnipeg,Toaster,Home,2025-04-24,3,36.7,110.1
4439,C0423,F,57,Vancouver,Hoodie,Clothing,2025-03-31,1,41.73,41.73
4440,C0025,M,21,Edmonton,Lotion,Beauty,2025-06-18,2,20.49,40.98
4441,C1452,F,60,Vancouver,Hoodie,Clothing,2025-06-26,2,43.42,86.84
4442,C1211,M,34,Vancouver,Hoodie,Clothing,2025-07-11,1,44.62,44.62
4443,C0355,M,26,Ottawa,Shampoo,Beauty,2025-05-13,1,11.32,11.32
4444,C1158,M,42,Edmonton,Keyboard,Electronics,2025-06-21,1,42.93,42.93
4445,C1155,F,18,Calgary,Headphones,Electronics,2025-01-18,2,71.21,142.42
4446,C0112,F,57,Winnipeg,Dress,Clothing,2025-09-08,1,65.33,65.33
4447,C0641,F,19,Halifax,Lipstick,Beauty,2025-04-22,4,15.22,60.88
4448,C1442,M,62,Montreal,Toaster,Home,2025-02-09,2,32.37,64.74
4449,C0577,F,50,Edmonton,Keyboard,Electronics,2025-04-12,1,37.37,37.37
4450,C0026,F,39,Edmonton,Toaster,Home,2025-06-23,1,38.42,38.42
4451,C0530,M,59,Vancouver,Smartwatch,Electronics,2025-10-29,1,167.22,167.22
4452,C0932,F,29,Montreal,Smartwatch,Electronics,2025-07-15,1,145.58,145.58
4453,C0940,M,44,Calgary,Sneakers,Clothing,2025-03-13,1,88.46,88.46
4454,C1054,M,28,Montreal,Jeans,Clothing,2025-07-01,2,54.03,108.06
4455,C0590,M,59,Montreal,T-Shirt,Clothing,2025-08-29,2,19.23,38.46
4456,C0761,M,31,Edmonton,Perfume,Beauty,2025-10-16,1,41.89,41.89
4457,C1311,F,31,Montreal,Kettle,Home,2025-04-23,1,29.9,29.9
4458,C1466,F,57,Ottawa,Serum,Beauty,2025-06-12,1,34.69,34.69
4459,C1463,F,60,Calgary,Smartwatch,Electronics,2025-02-08,1,153.27,153.27
4460,C0164,M,39,Winnipeg,Mouse,Electronics,2025-08-23,2,24.03,48.06
4461,C0335,M,26,Montreal,Mouse,Electronics,2025-03-12,1,23.3,23.3
4462,C0414,F,32,Vancouver,Camera,Electronics,2025-08-07,2,320.52,641.04
4463,C0590,F,50,Halifax,Jeans,Clothing,2025-01-05,4,49.63,198.52
4464,C0623,F,36,Halifax,Shampoo,Beauty,2025-08-29,2,11.52,23.04
4465,C1367,M,48,Vancouver,Kettle,Home,2025-06-14,1,30.43,30.43
4466,C0283,F,35,Edmonton,Keyboard,Electronics,2025-01-01,1,38.48,38.48
4467,C0364,F,29,Calgary,Lipstick,Beauty,2025-07-03,1,14.58,14.58
4468,C0254,M,57,Edmonton,Perfume,Beauty,2025-01-08,2,44.76,89.52
4469,C1471,F,54,Ottawa,T-Shirt,Clothing,2025-04-18,2,20.25,40.5
4470,C1422,F,62,Montreal,Sneakers,Clothing,2025-07-04,2,90.25,180.5
4471,C0922,M,18,Winnipeg,Jacket,Clothing,2025-10-11,2,84.43,168.86
4472,C0171,M,51,Ottawa,Dress,Clothing,2025-06-03,2,64.46,128.92
4473,C0203,M,24,Calgary,Shampoo,Beauty,2025-02-03,3,12.62,37.86
4474,C0486,M,19,Toronto,Charger,Electronics,2025-01-22,1,20.89,20.89
4475,C0280,F,39,Vancouver,Vacuum,Home,2025-05-28,3,137.6,412.8
4476,C0404,M,21,Montreal,Charger,Electronics,2025-05-31,2,18.09,36.18
4477,C1480,M,62,Montreal,Headphones,Electronics,2025-03-08,1,71.32,71.32
4478,C1032,F,63,Calgary,Headphones,Electronics,2025-03-19,4,75.08,300.32
4479,C0798,M,37,Calgary,Camera,Electronics,2025-08-20,4,325.4,1301.6
4480,C1406,F,20,Edmonton,Keyboard,Electronics,2025-02-08,1,37.71,37.71
4481,C0018,F,26,Edmonton,Shampoo,Beauty,2025-06-14,2,11.02,22.04
4482,C1146,F,35,Edmonton,Smartwatch,Electronics,2025-04-09,1,166.39,166.39
4483,C1150,M,33,Ottawa,Charger,Electronics,2025-05-09,1,20.89,20.89
4484,C0595,F,26,Edmonton,Camera,Electronics,2025-01-19,1,299.04,299.04
4485,C1421,M,36,Vancouver,Perfume,Beauty,2025-09-28,1,40.75,40.75
4486,C0489,M,23,Ottawa,Toaster,Home,2025-01-01,1,34.36,34.36
4487,C0432,M,61,Calgary,Lotion,Beauty,2025-10-14,1,20.33,20.33
4488,C0188,M,32,Vancouver,Camera,Electronics,2025-06-29,2,333.18,666.36
4489,C1178,F,23,Calgary,Vacuum,Home,2025-09-13,1,159.3,159.3
4490,C0124,M,22,Edmonton,Mouse,Electronics,2025-06-23,1,25.55,25.55
4491,C1333,M,46,Ottawa,Lotion,Beauty,2025-02-19,1,18.44,18.44
4492,C0607,F,63,Edmonton,Lamp,Home,2025-01-20,1,41.46,41.46
4493,C0122,F,44,Ottawa,Keyboard,Electronics,2025-04-15,1,43.87,43.87
4494,C0874,F,62,Ottawa,Vacuum,Home,2025-07-09,1,162.17,162.17
4495,C1095,F,58,Halifax,Toaster,Home,2025-08-27,1,37.6,37.6
4496,C0905,F,43,Toronto,Toaster,Home,2025-02-12,1,33.62,33.62
4497,C0104,M,45,Ottawa,Mouse,Electronics,2025-01-05,1,26.25,26.25
4498,C0666,M,49,Montreal,Lipstick,Beauty,2025-09-05,3,16.05,48.15
4499,C1395,M,42,Ottawa,Perfume,Beauty,2025-03-07,1,46.6,46.6
4500,C0673,M,24,Edmonton,Charger,Electronics,2025-09-08,2,19,38
4501,C1185,M,47,Calgary,Headphones,Electronics,2025-05-08,1,76.35,76.35
4502,C0889,F,48,Winnipeg,Camera,Electronics,2025-07-04,1,316.85,316.85
4503,C1412,M,29,Edmonton,Headphones,Electronics,2025-07-07,1,64.82,64.82
4504,C1436,M,26,Ottawa,Lipstick,Beauty,2025-07-02,3,13.83,41.49
4505,C1078,F,51,Calgary,Headphones,Electronics,2025-03-12,1,72.07,72.07
4506,C0452,F,20,Calgary,Keyboard,Electronics,2025-03-07,2,39.5,79
4507,C0751,M,54,Edmonton,Air Fryer,Home,2025-09-07,2,101.08,202.16
4508,C0561,F,45,Vancouver,Serum,Beauty,2025-06-04,1,39.83,39.83
4509,C0880,M,63,Winnipeg,Mouse,Electronics,2025-03-20,3,26.5,79.5
4510,C0646,M,39,Toronto,T-Shirt,Clothing,2025-01-19,1,20.9,20.9
4511,C0801,F,43,Winnipeg,Serum,Beauty,2025-09-26,1,35.74,35.74
4512,C1157,F,36,Calgary,Keyboard,Electronics,2025-02-14,1,41.52,41.52
4513,C0979,M,38,Calgary,Serum,Beauty,2025-09-19,1,34.28,34.28
4514,C0146,M,54,Halifax,Blender,Home,2025-08-10,1,81.69,81.69
4515,C1155,F,27,Montreal,Camera,Electronics,2025-05-09,2,313.52,627.04
4516,C1378,M,33,Ottawa,Charger,Electronics,2025-04-16,1,21.34,21.34
4517,C0514,F,41,Toronto,Smartwatch,Electronics,2025-09-08,2,156.49,312.98
4518,C1089,F,42,Toronto,T-Shirt,Clothing,2025-05-01,1,18.05,18.05
4519,C1459,M,43,Edmonton,Lipstick,Beauty,2025-08-18,4,14.56,58.24
4520,C0836,M,18,Winnipeg,Perfume,Beauty,2025-10-08,1,44.99,44.99
4521,C1059,F,21,Vancouver,Hoodie,Clothing,2025-08-15,2,49.04,98.08
4522,C0328,F,54,Calgary,Mouse,Electronics,2025-10-02,2,27.21,54.42
4523,C0428,M,60,Calgary,Hoodie,Clothing,2025-05-18,1,42.13,42.13
4524,C0797,F,31,Montreal,Charger,Electronics,2025-06-22,1,18.74,18.74
4525,C0334,F,41,Toronto,Jeans,Clothing,2025-09-28,1,51.3,51.3
4526,C1322,M,44,Ottawa,Charger,Electronics,2025-08-03,1,21.16,21.16
4527,C1137,F,60,Vancouver,Kettle,Home,2025-08-16,1,25.23,25.23
4528,C1118,M,44,Vancouver,Jacket,Clothing,2025-04-17,2,83.29,166.58
4529,C0626,F,41,Vancouver,Camera,Electronics,2025-06-08,1,322.43,322.43
4530,C0397,M,57,Vancouver,Shampoo,Beauty,2025-05-16,1,11.39,11.39
4531,C0534,M,18,Edmonton,Perfume,Beauty,2025-09-08,1,41.33,41.33
4532,C0057,M,56,Halifax,Lotion,Beauty,2025-01-30,3,19.44,58.32
4533,C1197,M,30,Toronto,Serum,Beauty,2025-04-08,1,36.28,36.28
4534,C0694,M,37,Calgary,Smartwatch,Electronics,2025-04-07,1,160.36,160.36
4535,C1026,F,55,Toronto,Smartwatch,Electronics,2025-09-14,1,175.34,175.34
4536,C0456,F,53,Halifax,Keyboard,Electronics,2025-09-29,1,36.99,36.99
4537,C0825,F,29,Edmonton,Smartwatch,Electronics,2025-01-11,2,155.93,311.86
4538,C1493,M,22,Winnipeg,Air Fryer,Home,2025-06-17,2,119.5,239
4539,C0118,F,22,Ottawa,Lipstick,Beauty,2025-07-30,2,16.13,32.26
4540,C0556,M,34,Vancouver,Shampoo,Beauty,2025-06-21,1,11.75,11.75
4541,C0565,M,55,Edmonton,Perfume,Beauty,2025-04-30,4,46.79,187.16
4542,C0496,M,27,Toronto,Charger,Electronics,2025-07-04,1,18.35,18.35
4543,C0801,F,33,Ottawa,Serum,Beauty,2025-02-08,1,39.62,39.62
4544,C1356,M,41,Montreal,Headphones,Electronics,2025-09-14,1,76.62,76.62
4545,C0641,M,46,Halifax,Mouse,Electronics,2025-10-06,1,25.19,25.19
4546,C0163,F,31,Halifax,Sneakers,Clothing,2025-08-18,1,84.97,84.97
4547,C0251,F,27,Winnipeg,Perfume,Beauty,2025-04-25,1,42.19,42.19
4548,C0644,M,46,Vancouver,Lamp,Home,2025-10-31,1,41.07,41.07
4549,C0329,M,45,Edmonton,Kettle,Home,2025-04-01,1,28.51,28.51
4550,C0118,F,34,Calgary,Vacuum,Home,2025-03-02,2,154.56,309.12
4551,C0369,M,22,Calgary,Sneakers,Clothing,2025-04-13,5,76.94,384.7
4552,C0748,F,19,Calgary,Mascara,Beauty,2025-08-03,1,18.18,18.18
4553,C1139,M,53,Ottawa,Lipstick,Beauty,2025-04-12,2,15.28,30.56
4554,C0195,F,57,Toronto,T-Shirt,Clothing,2025-05-23,3,18.83,56.49
4555,C0606,F,63,Vancouver,Headphones,Electronics,2025-03-31,5,65.92,329.6
4556,C0724,M,62,Vancouver,Mouse,Electronics,2025-04-28,1,23.88,23.88
4557,C0138,F,56,Halifax,Vacuum,Home,2025-05-19,2,156.35,312.7
4558,C1320,F,26,Edmonton,Toaster,Home,2025-10-30,1,35.74,35.74
4559,C0963,F,53,Vancouver,Dress,Clothing,2025-08-28,2,64.15,128.3
4560,C1099,F,22,Vancouver,Sneakers,Clothing,2025-05-16,2,81.53,163.06
4561,C1039,F,32,Montreal,Toaster,Home,2025-01-05,2,37.88,75.76
4562,C1396,F,26,Winnipeg,Mouse,Electronics,2025-07-28,1,26.22,26.22
4563,C0156,F,42,Edmonton,Jeans,Clothing,2025-03-28,2,53.85,107.7
4564,C0876,M,45,Halifax,Lotion,Beauty,2025-10-04,1,18.38,18.38
4565,C1059,F,44,Vancouver,Shampoo,Beauty,2025-05-01,1,11.42,11.42
4566,C0519,M,63,Montreal,Dress,Clothing,2025-09-02,1,65.48,65.48
4567,C0182,M,64,Toronto,Serum,Beauty,2025-03-31,3,36.56,109.68
4568,C0170,M,50,Calgary,Perfume,Beauty,2025-05-20,4,43.47,173.88
4569,C0497,M,50,Montreal,Lotion,Beauty,2025-04-22,2,18.76,37.52
4570,C1318,M,55,Calgary,Jeans,Clothing,2025-08-28,1,58.38,58.38
4571,C1081,F,25,Calgary,Smartwatch,Electronics,2025-09-29,1,152.82,152.82
4572,C1388,M,21,Winnipeg,Lamp,Home,2025-05-23,1,38.64,38.64
4573,C1004,F,65,Ottawa,Shampoo,Beauty,2025-07-26,1,11.79,11.79
4574,C1021,F,60,Montreal,Air Fryer,Home,2025-04-29,1,108.54,108.54
4575,C0713,F,53,Winnipeg,Kettle,Home,2025-03-25,1,27.5,27.5
4576,C0902,M,60,Vancouver,Camera,Electronics,2025-09-08,1,320.24,320.24
4577,C1361,F,48,Edmonton,Keyboard,Electronics,2025-10-05,3,42.52,127.56
4578,C0002,M,27,Ottawa,Perfume,Beauty,2025-06-12,2,47.87,95.74
4579,C0423,F,58,Vancouver,Sneakers,Clothing,2025-05-22,2,90.07,180.14
4580,C0782,M,59,Halifax,Vacuum,Home,2025-01-31,1,138.03,138.03
4581,C0753,M,25,Edmonton,Hoodie,Clothing,2025-04-01,1,47.7,47.7
4582,C0474,M,47,Halifax,Camera,Electronics,2025-05-08,1,295.7,295.7
4583,C0146,M,31,Calgary,Blender,Home,2025-09-24,1,78.62,78.62
4584,C0326,M,62,Winnipeg,Vacuum,Home,2025-02-05,2,163.44,326.88
4585,C0588,F,52,Ottawa,Lamp,Home,2025-10-07,1,42.56,42.56
4586,C0230,F,63,Vancouver,Hoodie,Clothing,2025-08-01,2,45.47,90.94
4587,C1293,M,63,Halifax,Smartwatch,Electronics,2025-08-21,3,172,516
4588,C0585,F,20,Vancouver,Mascara,Beauty,2025-08-16,1,19.76,19.76
4589,C0618,F,46,Toronto,Kettle,Home,2025-10-25,1,28.62,28.62
4590,C0736,F,33,Ottawa,Vacuum,Home,2025-08-25,3,153.39,460.17
4591,C0782,F,27,Halifax,Keyboard,Electronics,2025-01-21,2,42.04,84.08
4592,C1289,F,21,Ottawa,Mascara,Beauty,2025-04-06,2,17.04,34.08
4593,C1242,F,21,Calgary,Charger,Electronics,2025-02-20,2,18.67,37.34
4594,C0953,F,19,Edmonton,Mouse,Electronics,2025-03-03,1,26.3,26.3
4595,C1248,M,28,Winnipeg,Headphones,Electronics,2025-06-02,1,67.83,67.83
4596,C1385,F,32,Halifax,Air Fryer,Home,2025-08-12,1,101.97,101.97
4597,C1315,M,28,Calgary,Air Fryer,Home,2025-05-22,1,105.93,105.93
4598,C1178,F,40,Ottawa,Lotion,Beauty,2025-02-10,1,19.43,19.43
4599,C0681,M,55,Winnipeg,Charger,Electronics,2025-06-15,1,21.86,21.86
4600,C1389,F,47,Toronto,Serum,Beauty,2025-07-09,3,39.5,118.5
4601,C0106,M,18,Winnipeg,Perfume,Beauty,2025-10-24,1,45.28,45.28
4602,C0285,M,62,Halifax,Toaster,Home,2025-02-14,1,38.28,38.28
4603,C0596,F,50,Toronto,Dress,Clothing,2025-07-27,1,64.84,64.84
4604,C0836,M,62,Edmonton,Camera,Electronics,2025-04-06,1,320.77,320.77
4605,C0526,F,54,Winnipeg,Air Fryer,Home,2025-10-02,1,118.92,118.92
4606,C0877,F,40,Calgary,T-Shirt,Clothing,2025-10-20,2,19.62,39.24
4607,C0180,F,65,Montreal,Sneakers,Clothing,2025-08-23,2,80.42,160.84
4608,C1063,F,35,Vancouver,Perfume,Beauty,2025-07-26,1,42.59,42.59
4609,C1301,F,27,Calgary,T-Shirt,Clothing,2025-01-26,1,20.65,20.65
4610,C0839,F,34,Toronto,Camera,Electronics,2025-07-26,2,320.07,640.14
4611,C0512,F,24,Winnipeg,Keyboard,Electronics,2025-05-21,1,41.27,41.27
4612,C1030,F,32,Ottawa,Lotion,Beauty,2025-03-28,1,20.74,20.74
4613,C1207,M,44,Toronto,Charger,Electronics,2025-04-08,1,18.09,18.09
4614,C0552,F,26,Ottawa,Mascara,Beauty,2025-01-23,3,16.39,49.17
4615,C1412,M,38,Calgary,Lipstick,Beauty,2025-09-07,1,15.1,15.1
4616,C0764,M,54,Vancouver,Headphones,Electronics,2025-09-07,3,65.67,197.01
4617,C0741,M,46,Edmonton,Hoodie,Clothing,2025-05-28,1,46.19,46.19
4618,C1017,M,59,Vancouver,Sneakers,Clothing,2025-02-23,1,85.89,85.89
4619,C0473,F,62,Winnipeg,Mouse,Electronics,2025-02-08,2,25.43,50.86
4620,C0466,F,50,Calgary,Jacket,Clothing,2025-08-06,1,86.44,86.44
4621,C1113,F,23,Vancouver,Hoodie,Clothing,2025-08-25,1,46.26,46.26
4622,C1336,F,42,Vancouver,Blender,Home,2025-10-04,1,90.6,90.6
4623,C0302,F,52,Edmonton,Perfume,Beauty,2025-08-13,1,49.48,49.48
4624,C1144,M,34,Montreal,Air Fryer,Home,2025-05-24,1,117.45,117.45
4625,C0696,F,61,Montreal,Dress,Clothing,2025-10-15,2,60.69,121.38
4626,C0718,F,44,Winnipeg,Blender,Home,2025-07-30,2,79.79,159.58
4627,C0997,F,60,Montreal,Camera,Electronics,2025-06-03,4,331.61,1326.44
4628,C0459,F,57,Ottawa,Smartwatch,Electronics,2025-09-16,2,174,348
4629,C0090,F,42,Montreal,Toaster,Home,2025-08-15,2,32.98,65.96
4630,C0116,F,29,Calgary,Keyboard,Electronics,2025-03-23,2,38.05,76.1
4631,C0675,M,60,Winnipeg,Perfume,Beauty,2025-03-29,3,41.84,125.52
4632,C0400,M,54,Edmonton,Keyboard,Electronics,2025-01-04,1,41.89,41.89
4633,C0110,F,57,Montreal,Jeans,Clothing,2025-06-22,1,53.97,53.97
4634,C0200,M,61,Edmonton,T-Shirt,Clothing,2025-02-01,2,18.25,36.5
4635,C0792,M,55,Calgary,Lipstick,Beauty,2025-08-22,1,16.12,16.12
4636,C1249,M,58,Montreal,Hoodie,Clothing,2025-08-14,3,45.52,136.56
4637,C0592,M,42,Halifax,Smartwatch,Electronics,2025-07-25,1,154.6,154.6
4638,C0987,M,19,Vancouver,Toaster,Home,2025-04-12,1,33.91,33.91
4639,C0763,M,18,Montreal,Toaster,Home,2025-02-27,2,33.53,67.06
4640,C1244,F,20,Calgary,Dress,Clothing,2025-09-26,1,59.47,59.47
4641,C0073,F,46,Calgary,Sneakers,Clothing,2025-05-30,4,82.23,328.92
4642,C0878,F,31,Edmonton,Camera,Electronics,2025-09-09,4,323.07,1292.28
4643,C0717,M,62,Calgary,Jeans,Clothing,2025-02-13,2,58.01,116.02
4644,C0435,M,51,Halifax,Shampoo,Beauty,2025-01-30,1,12.42,12.42
4645,C0592,M,39,Montreal,Toaster,Home,2025-01-12,1,33.56,33.56
4646,C0115,F,53,Ottawa,Toaster,Home,2025-01-14,1,35.2,35.2
4647,C0025,M,32,Calgary,Air Fryer,Home,2025-10-19,3,117.48,352.44
4648,C0177,F,54,Halifax,Lipstick,Beauty,2025-02-14,1,13.7,13.7
4649,C1303,M,27,Edmonton,Hoodie,Clothing,2025-07-19,1,41.2,41.2
4650,C0293,F,26,Ottawa,Serum,Beauty,2025-01-24,1,38.43,38.43
4651,C1244,F,52,Halifax,Shampoo,Beauty,2025-09-08,1,12.33,12.33
4652,C1027,F,63,Winnipeg,Air Fryer,Home,2025-04-29,3,103.65,310.95
4653,C0315,F,59,Montreal,Keyboard,Electronics,2025-03-19,1,41.96,41.96
4654,C1431,F,34,Edmonton,Jacket,Clothing,2025-08-30,1,92.63,92.63
4655,C0694,M,64,Ottawa,Charger,Electronics,2025-07-22,2,21.69,43.38
4656,C0551,F,35,Ottawa,Mascara,Beauty,2025-08-25,2,16.81,33.62
4657,C1177,F,42,Calgary,T-Shirt,Clothing,2025-10-21,2,21.01,42.02
4658,C0063,F,52,Edmonton,Camera,Electronics,2025-03-28,2,293.35,586.7
4659,C1113,M,33,Montreal,Shampoo,Beauty,2025-07-29,1,12.16,12.16
4660,C0103,F,62,Calgary,Kettle,Home,2025-10-03,1,28.29,28.29
4661,C0159,F,42,Winnipeg,Smartwatch,Electronics,2025-04-07,4,156.43,625.72
4662,C0561,M,33,Vancouver,Lamp,Home,2025-01-02,4,42.76,171.04
4663,C0734,F,58,Toronto,Mouse,Electronics,2025-08-17,2,22.52,45.04
4664,C0359,F,41,Ottawa,Jeans,Clothing,2025-08-31,2,55.22,110.44
4665,C0700,F,29,Winnipeg,T-Shirt,Clothing,2025-09-15,4,18.87,75.48
4666,C0765,M,52,Montreal,Blender,Home,2025-02-11,1,89.14,89.14
4667,C0877,M,26,Ottawa,Lotion,Beauty,2025-08-01,1,18.17,18.17
4668,C0490,M,65,Winnipeg,Dress,Clothing,2025-10-23,2,63.98,127.96
4669,C0192,F,54,Halifax,Vacuum,Home,2025-01-03,4,160.14,640.56
4670,C0244,F,49,Halifax,Air Fryer,Home,2025-01-16,2,117.32,234.64
4671,C0994,F,36,Montreal,Headphones,Electronics,2025-10-06,2,65.14,130.28
4672,C0934,M,39,Halifax,Hoodie,Clothing,2025-04-12,1,46.17,46.17
4673,C0583,M,62,Halifax,Toaster,Home,2025-03-18,1,31.6,31.6
4674,C1101,F,51,Calgary,Shampoo,Beauty,2025-07-21,1,12.84,12.84
4675,C0733,M,36,Halifax,Mouse,Electronics,2025-02-24,4,26.11,104.44
4676,C0781,F,29,Toronto,Jacket,Clothing,2025-07-28,1,90.56,90.56
4677,C0794,M,35,Toronto,Perfume,Beauty,2025-03-22,1,47.08,47.08
4678,C1003,M,22,Toronto,Hoodie,Clothing,2025-09-01,4,41.35,165.4
4679,C0906,M,43,Winnipeg,Lamp,Home,2025-08-23,1,40.23,40.23
4680,C0733,F,44,Halifax,Vacuum,Home,2025-04-24,2,143.74,287.48
4681,C0091,F,37,Toronto,Serum,Beauty,2025-03-08,1,41.59,41.59
4682,C0568,F,25,Ottawa,Lipstick,Beauty,2025-10-24,1,16.07,16.07
4683,C0388,F,33,Halifax,Hoodie,Clothing,2025-02-09,2,47.1,94.2
4684,C1311,M,19,Montreal,Keyboard,Electronics,2025-08-09,5,43.47,217.35
4685,C1020,F,62,Halifax,Toaster,Home,2025-04-13,1,33.93,33.93
4686,C0436,F,18,Vancouver,Headphones,Electronics,2025-10-22,2,75.61,151.22
4687,C0916,F,22,Montreal,Mascara,Beauty,2025-02-22,1,17.37,17.37
4688,C0047,M,48,Ottawa,Mascara,Beauty,2025-10-23,1,18.84,18.84
4689,C0970,F,40,Edmonton,Mouse,Electronics,2025-02-21,1,26.18,26.18
4690,C0307,M,38,Calgary,Jeans,Clothing,2025-02-06,3,49.7,149.1
4691,C0114,F,29,Winnipeg,Mouse,Electronics,2025-03-08,1,24.31,24.31
4692,C1082,F,21,Winnipeg,Smartwatch,Electronics,2025-06-11,1,144.62,144.62
4693,C0044,M,54,Vancouver,Mouse,Electronics,2025-07-25,2,27.49,54.98
4694,C0354,M,28,Winnipeg,Charger,Electronics,2025-02-21,1,18.49,18.49
4695,C1255,F,59,Vancouver,Mouse,Electronics,2025-07-28,1,25.21,25.21
4696,C1007,M,57,Edmonton,Hoodie,Clothing,2025-01-02,1,47.62,47.62
4697,C1036,M,26,Vancouver,Keyboard,Electronics,2025-05-09,2,37.61,75.22
4698,C0394,M,43,Ottawa,Charger,Electronics,2025-06-27,1,19.94,19.94
4699,C0717,M,56,Winnipeg,Lotion,Beauty,2025-06-13,3,20.43,61.29
4700,C0760,F,44,Toronto,Sneakers,Clothing,2025-01-22,1,79.22,79.22
4701,C1438,M,46,Edmonton,Lipstick,Beauty,2025-08-15,1,15.84,15.84
4702,C0230,F,63,Toronto,Shampoo,Beauty,2025-03-23,2,11.52,23.04
4703,C0356,M,60,Toronto,Air Fryer,Home,2025-06-13,1,103.64,103.64
4704,C0424,F,42,Winnipeg,Camera,Electronics,2025-01-03,3,323.73,971.19
4705,C0500,F,35,Winnipeg,Charger,Electronics,2025-06-21,1,19.64,19.64
4706,C1302,F,47,Montreal,Keyboard,Electronics,2025-04-28,1,43.36,43.36
4707,C0020,F,25,Toronto,Kettle,Home,2025-05-24,1,30.13,30.13
4708,C0215,F,19,Vancouver,Mascara,Beauty,2025-09-09,1,17.94,17.94
4709,C0744,M,39,Toronto,Sneakers,Clothing,2025-09-23,1,82.61,82.61
4710,C0494,F,38,Edmonton,Vacuum,Home,2025-06-19,1,144.77,144.77
4711,C0118,F,56,Edmonton,Camera,Electronics,2025-08-01,1,305.12,305.12
4712,C0561,M,43,Vancouver,Camera,Electronics,2025-10-08,1,322.85,322.85
4713,C1460,M,46,Halifax,Shampoo,Beauty,2025-08-15,1,12.73,12.73
4714,C1474,M,22,Vancouver,Lamp,Home,2025-09-19,1,38.49,38.49
4715,C1422,F,63,Halifax,Headphones,Electronics,2025-09-12,1,65.66,65.66
4716,C0263,F,31,Montreal,Headphones,Electronics,2025-01-08,1,69.66,69.66
4717,C0336,F,52,Halifax,Mouse,Electronics,2025-02-10,1,22.85,22.85
4718,C0522,F,23,Edmonton,Sneakers,Clothing,2025-09-14,2,88.42,176.84
4719,C0875,F,40,Toronto,Charger,Electronics,2025-05-11,2,20.07,40.14
4720,C1157,M,34,Calgary,Sneakers,Clothing,2025-02-21,1,84.94,84.94
4721,C1017,F,41,Toronto,Charger,Electronics,2025-04-12,1,19.2,19.2
4722,C0204,F,57,Calgary,Shampoo,Beauty,2025-08-07,1,12.97,12.97
4723,C0984,F,46,Edmonton,Shampoo,Beauty,2025-09-01,3,11.02,33.06
4724,C0655,F,47,Montreal,Headphones,Electronics,2025-10-30,1,75.18,75.18
4725,C0856,M,41,Ottawa,Lotion,Beauty,2025-10-02,1,19.51,19.51
4726,C0216,M,52,Montreal,Serum,Beauty,2025-03-11,1,40.89,40.89
4727,C0234,F,64,Montreal,Hoodie,Clothing,2025-02-16,3,47.06,141.18
4728,C1378,M,54,Calgary,Hoodie,Clothing,2025-04-27,2,41.44,82.88
4729,C0402,M,19,Montreal,Lamp,Home,2025-03-19,1,42.65,42.65
4730,C0485,F,38,Vancouver,Lotion,Beauty,2025-01-05,1,20.73,20.73
4731,C0390,M,57,Halifax,Lotion,Beauty,2025-09-11,3,18.13,54.39
4732,C0173,M,58,Montreal,Lipstick,Beauty,2025-04-17,1,13.9,13.9
4733,C0793,F,22,Edmonton,Lamp,Home,2025-09-01,1,41.09,41.09
4734,C0507,M,52,Montreal,Dress,Clothing,2025-06-22,2,61.95,123.9
4735,C0144,F,61,Calgary,Charger,Electronics,2025-02-05,1,20.99,20.99
4736,C0247,M,52,Edmonton,Shampoo,Beauty,2025-06-22,1,12.53,12.53
4737,C1464,M,36,Montreal,Headphones,Electronics,2025-06-29,1,72.23,72.23
4738,C0541,M,33,Montreal,Headphones,Electronics,2025-09-24,3,73.73,221.19
4739,C0320,F,42,Edmonton,Smartwatch,Electronics,2025-09-12,1,162.4,162.4
4740,C1409,M,33,Edmonton,Toaster,Home,2025-03-14,2,33.33,66.66
4741,C0685,F,48,Edmonton,Blender,Home,2025-02-26,1,92.01,92.01
4742,C0234,M,50,Toronto,Lotion,Beauty,2025-03-07,3,18.07,54.21
4743,C1389,F,34,Edmonton,Lotion,Beauty,2025-05-12,3,19.47,58.41
4744,C0562,F,38,Vancouver,Sneakers,Clothing,2025-09-17,1,88.89,88.89
4745,C0498,F,52,Vancouver,Lipstick,Beauty,2025-05-04,1,14.78,14.78
4746,C0667,M,40,Vancouver,Mascara,Beauty,2025-04-02,2,16.29,32.58
4747,C0612,M,33,Montreal,Lipstick,Beauty,2025-10-01,2,13.7,27.4
4748,C1443,F,55,Vancouver,Serum,Beauty,2025-05-21,1,39.13,39.13
4749,C0592,F,31,Toronto,Camera,Electronics,2025-08-20,2,349.75,699.5
4750,C0541,M,57,Ottawa,T-Shirt,Clothing,2025-03-11,1,20.21,20.21
4751,C1159,F,58,Ottawa,Mouse,Electronics,2025-06-24,1,25.03,25.03
4752,C0062,F,50,Winnipeg,Keyboard,Electronics,2025-03-27,2,38.55,77.1
4753,C1095,F,38,Toronto,Vacuum,Home,2025-09-10,1,142.7,142.7
4754,C0944,F,34,Winnipeg,Camera,Electronics,2025-01-30,1,289.34,289.34
4755,C0645,F,21,Halifax,Hoodie,Clothing,2025-06-04,4,42.96,171.84
4756,C0117,F,33,Ottawa,Jacket,Clothing,2025-07-19,2,89.08,178.16
4757,C0510,F,47,Halifax,Shampoo,Beauty,2025-06-05,3,11.28,33.84
4758,C1224,M,61,Ottawa,Air Fryer,Home,2025-09-02,2,100.92,201.84
4759,C0555,M,62,Calgary,Smartwatch,Electronics,2025-01-20,2,166.97,333.94
4760,C0989,F,51,Montreal,Jeans,Clothing,2025-07-22,1,59.34,59.34
4761,C0842,M,39,Calgary,Keyboard,Electronics,2025-06-01,1,43.49,43.49
4762,C0550,F,61,Winnipeg,T-Shirt,Clothing,2025-03-18,1,20.47,20.47
4763,C0775,M,59,Calgary,Blender,Home,2025-06-21,1,77.4,77.4
4764,C0337,F,46,Toronto,Lipstick,Beauty,2025-09-07,5,15.72,78.6
4765,C0184,M,64,Ottawa,Smartwatch,Electronics,2025-07-05,1,147.52,147.52
4766,C1454,M,22,Toronto,Jeans,Clothing,2025-05-08,1,56.87,56.87
4767,C1017,F,18,Vancouver,Hoodie,Clothing,2025-01-11,2,47.51,95.02
4768,C0280,F,57,Calgary,Perfume,Beauty,2025-08-30,1,47.03,47.03
4769,C0803,F,42,Ottawa,Toaster,Home,2025-06-30,1,38.16,38.16
4770,C1066,M,23,Montreal,Keyboard,Electronics,2025-09-22,1,41.91,41.91
4771,C1324,M,40,Calgary,Serum,Beauty,2025-07-14,2,39.47,78.94
4772,C0516,F,50,Ottawa,Headphones,Electronics,2025-09-03,1,66.66,66.66
4773,C0992,M,31,Vancouver,Lotion,Beauty,2025-04-10,1,21.7,21.7
4774,C1388,F,59,Toronto,Hoodie,Clothing,2025-02-21,1,42.12,42.12
4775,C0119,M,53,Halifax,Mouse,Electronics,2025-03-16,1,27.02,27.02
4776,C1101,M,35,Ottawa,T-Shirt,Clothing,2025-05-13,1,19.25,19.25
4777,C0792,F,57,Ottawa,Serum,Beauty,2025-09-13,4,35.19,140.76
4778,C0839,F,61,Calgary,Charger,Electronics,2025-07-28,1,21.31,21.31
4779,C1147,M,27,Ottawa,Perfume,Beauty,2025-05-23,1,40.52,40.52
4780,C0434,M,62,Vancouver,Perfume,Beauty,2025-03-09,4,47.99,191.96
4781,C1426,M,56,Montreal,Perfume,Beauty,2025-02-23,2,42.86,85.72
4782,C1374,M,29,Vancouver,Perfume,Beauty,2025-09-24,1,48.46,48.46
4783,C0668,M,55,Ottawa,Headphones,Electronics,2025-08-30,1,72.68,72.68
4784,C1437,F,40,Montreal,Smartwatch,Electronics,2025-02-16,3,165.32,495.96
4785,C0329,M,24,Halifax,Keyboard,Electronics,2025-04-25,1,38.92,38.92
4786,C0103,F,62,Vancouver,Headphones,Electronics,2025-07-15,1,63.83,63.83
4787,C0871,F,63,Montreal,Dress,Clothing,2025-10-21,1,63.96,63.96
4788,C1365,M,42,Edmonton,Jacket,Clothing,2025-05-10,1,84.08,84.08
4789,C1069,M,30,Calgary,Mouse,Electronics,2025-02-14,2,24.36,48.72
4790,C0345,M,55,Ottawa,Smartwatch,Electronics,2025-06-04,1,163.21,163.21
4791,C0410,F,36,Montreal,Perfume,Beauty,2025-03-23,1,44.84,44.84
4792,C0049,F,62,Toronto,Dress,Clothing,2025-09-24,2,56.38,112.76
4793,C0119,F,39,Calgary,Shampoo,Beauty,2025-06-06,1,11.14,11.14
4794,C0852,M,58,Ottawa,Charger,Electronics,2025-01-25,1,18.49,18.49
4795,C1426,M,28,Calgary,Mouse,Electronics,2025-07-01,1,26.82,26.82
4796,C0468,M,59,Toronto,Mouse,Electronics,2025-06-23,2,22.66,45.32
4797,C0047,F,20,Ottawa,Perfume,Beauty,2025-10-24,1,49.29,49.29
4798,C0001,M,36,Calgary,Lamp,Home,2025-02-10,2,37.59,75.18
4799,C0161,M,44,Winnipeg,Lipstick,Beauty,2025-10-15,1,13.83,13.83
4800,C1319,F,24,Calgary,Kettle,Home,2025-02-18,2,28.43,56.86
4801,C0624,F,54,Winnipeg,Perfume,Beauty,2025-09-19,2,41.22,82.44
4802,C0023,F,44,Montreal,Perfume,Beauty,2025-09-01,3,45.92,137.76
4803,C1294,F,64,Montreal,T-Shirt,Clothing,2025-02-26,1,21.4,21.4
4804,C0476,F,51,Calgary,Lipstick,Beauty,2025-01-06,1,13.64,13.64
4805,C0765,M,28,Montreal,Sneakers,Clothing,2025-02-16,1,90.1,90.1
4806,C1317,M,55,Ottawa,Smartwatch,Electronics,2025-03-04,1,156.62,156.62
4807,C0499,M,22,Montreal,Perfume,Beauty,2025-03-08,1,41.94,41.94
4808,C0487,M,24,Ottawa,Dress,Clothing,2025-07-02,1,56.11,56.11
4809,C1436,F,53,Ottawa,Lipstick,Beauty,2025-06-11,4,16.26,65.04
4810,C0379,F,22,Ottawa,T-Shirt,Clothing,2025-10-24,3,18.44,55.32
4811,C0775,F,22,Ottawa,Mascara,Beauty,2025-04-15,1,19.32,19.32
4812,C0889,M,44,Calgary,Jacket,Clothing,2025-09-20,1,90.8,90.8
4813,C0692,M,46,Vancouver,Shampoo,Beauty,2025-02-26,2,10.89,21.78
4814,C0512,F,44,Vancouver,Camera,Electronics,2025-01-16,1,317.73,317.73
4815,C1189,M,49,Winnipeg,Lamp,Home,2025-02-28,1,42.54,42.54
4816,C0014,F,42,Winnipeg,T-Shirt,Clothing,2025-06-15,1,20.9,20.9
4817,C0244,F,59,Winnipeg,Jeans,Clothing,2025-09-07,1,54.88,54.88
4818,C1459,M,51,Ottawa,Sneakers,Clothing,2025-02-03,2,91.12,182.24
4819,C1028,F,32,Vancouver,Jacket,Clothing,2025-02-15,5,83.17,415.85
4820,C0214,M,58,Ottawa,Shampoo,Beauty,2025-10-26,1,12.98,12.98
4821,C0049,M,51,Vancouver,Charger,Electronics,2025-02-16,1,21.39,21.39
4822,C1105,M,52,Edmonton,Headphones,Electronics,2025-09-09,1,72.92,72.92
4823,C0878,M,37,Toronto,Camera,Electronics,2025-06-15,3,340.34,1021.02
4824,C0181,M,41,Montreal,Keyboard,Electronics,2025-05-12,3,40.35,121.05
4825,C0672,M,51,Halifax,Smartwatch,Electronics,2025-03-11,1,165.61,165.61
4826,C0870,M,51,Winnipeg,Lotion,Beauty,2025-03-01,3,20.24,60.72
4827,C1401,F,63,Vancouver,Toaster,Home,2025-07-24,1,33.99,33.99
4828,C0217,F,44,Ottawa,Shampoo,Beauty,2025-08-26,1,12.17,12.17
4829,C1290,M,38,Montreal,Camera,Electronics,2025-04-16,2,304.48,608.96
4830,C0763,F,50,Montreal,Smartwatch,Electronics,2025-07-03,1,158.09,158.09
4831,C0625,M,56,Calgary,Vacuum,Home,2025-01-07,1,143.42,143.42
4832,C0190,F,57,Winnipeg,Lamp,Home,2025-01-31,2,36.98,73.96
4833,C0002,F,61,Calgary,Toaster,Home,2025-08-04,1,33.75,33.75
4834,C1499,M,53,Vancouver,Serum,Beauty,2025-10-31,1,40.68,40.68
4835,C0460,M,42,Calgary,Headphones,Electronics,2025-10-25,1,68.34,68.34
4836,C0632,M,24,Winnipeg,Shampoo,Beauty,2025-10-13,1,12.6,12.6
4837,C0757,F,27,Ottawa,Keyboard,Electronics,2025-05-06,1,37.4,37.4
4838,C1424,F,27,Calgary,Keyboard,Electronics,2025-02-20,1,39.4,39.4
4839,C0784,M,55,Toronto,Perfume,Beauty,2025-07-09,2,41.53,83.06
4840,C0131,F,41,Vancouver,Lipstick,Beauty,2025-02-20,3,13.92,41.76
4841,C1241,F,61,Montreal,Dress,Clothing,2025-08-20,1,61.41,61.41
4842,C0530,F,27,Halifax,Hoodie,Clothing,2025-06-27,1,45.97,45.97
4843,C1255,F,62,Edmonton,Keyboard,Electronics,2025-06-07,2,37.71,75.42
4844,C0232,F,43,Montreal,Lotion,Beauty,2025-05-27,4,19.9,79.6
4845,C0416,F,47,Toronto,Lotion,Beauty,2025-09-08,1,21.45,21.45
4846,C1148,F,44,Ottawa,Keyboard,Electronics,2025-05-12,3,37.39,112.17
4847,C0562,F,61,Halifax,Sneakers,Clothing,2025-08-25,1,76.83,76.83
4848,C0177,M,36,Winnipeg,Perfume,Beauty,2025-01-12,4,46.37,185.48
4849,C1096,F,18,Winnipeg,Vacuum,Home,2025-05-23,1,136.6,136.6
4850,C1396,M,50,Montreal,Shampoo,Beauty,2025-04-28,4,13.15,52.6
4851,C0125,M,28,Toronto,Hoodie,Clothing,2025-03-02,1,45.99,45.99
4852,C0383,M,51,Halifax,Camera,Electronics,2025-06-30,4,318.11,1272.44
4853,C1029,F,55,Calgary,Vacuum,Home,2025-09-22,1,147.9,147.9
4854,C0185,F,33,Vancouver,Mouse,Electronics,2025-01-29,1,25.37,25.37
4855,C0084,M,18,Halifax,Blender,Home,2025-09-20,2,78.04,156.08
4856,C0940,F,58,Winnipeg,Perfume,Beauty,2025-07-19,2,48.87,97.74
4857,C0665,M,45,Toronto,Lotion,Beauty,2025-04-15,2,20.5,41
4858,C0710,M,32,Toronto,Jacket,Clothing,2025-03-20,1,84.31,84.31
4859,C0732,M,33,Calgary,Jeans,Clothing,2025-05-24,2,55.69,111.38
4860,C1047,M,63,Winnipeg,Jeans,Clothing,2025-07-18,3,50.97,152.91
4861,C0984,F,49,Ottawa,Vacuum,Home,2025-04-16,1,135.53,135.53
4862,C0906,F,56,Halifax,Dress,Clothing,2025-03-30,1,61.57,61.57
4863,C0650,M,18,Edmonton,Mascara,Beauty,2025-09-23,3,18.53,55.59
4864,C1185,M,65,Edmonton,Camera,Electronics,2025-09-08,2,325.36,650.72
4865,C1097,M,26,Winnipeg,Charger,Electronics,2025-06-01,2,18.73,37.46
4866,C1121,M,46,Calgary,Lamp,Home,2025-07-15,3,40.83,122.49
4867,C0539,M,42,Winnipeg,Keyboard,Electronics,2025-05-06,2,36.45,72.9
4868,C0163,M,28,Winnipeg,Mascara,Beauty,2025-02-12,2,18.39,36.78
4869,C0062,M,59,Calgary,Charger,Electronics,2025-06-22,4,20.22,80.88
4870,C0402,F,28,Montreal,T-Shirt,Clothing,2025-02-23,3,20.62,61.86
4871,C0263,M,23,Edmonton,Mouse,Electronics,2025-09-10,2,26.98,53.96
4872,C0199,F,51,Toronto,Serum,Beauty,2025-10-26,1,40.66,40.66
4873,C1238,F,61,Halifax,Mascara,Beauty,2025-07-15,1,19.73,19.73
4874,C0778,M,31,Toronto,Serum,Beauty,2025-10-20,1,41.62,41.62
4875,C0027,M,25,Calgary,Camera,Electronics,2025-08-05,2,337.43,674.86
4876,C1005,M,42,Calgary,Air Fryer,Home,2025-06-18,1,120.04,120.04
4877,C0972,F,21,Toronto,Lamp,Home,2025-08-10,1,42.94,42.94
4878,C1219,F,48,Toronto,Air Fryer,Home,2025-05-08,1,115.01,115.01
4879,C1463,F,38,Winnipeg,Keyboard,Electronics,2025-01-16,2,36.6,73.2
4880,C0816,F,62,Toronto,T-Shirt,Clothing,2025-02-06,3,18.2,54.6
4881,C0323,F,49,Ottawa,Shampoo,Beauty,2025-10-23,3,12.81,38.43
4882,C0345,F,31,Halifax,Mouse,Electronics,2025-08-13,1,24.95,24.95
4883,C0839,M,45,Calgary,Jeans,Clothing,2025-04-24,1,58.46,58.46
4884,C1226,F,42,Halifax,Lotion,Beauty,2025-01-22,1,19.25,19.25
4885,C1475,M,45,Calgary,Lotion,Beauty,2025-10-26,1,19.59,19.59
4886,C0760,F,32,Winnipeg,Jeans,Clothing,2025-03-03,2,57.2,114.4
4887,C1372,F,63,Halifax,Camera,Electronics,2025-07-01,1,346.58,346.58
4888,C0011,M,61,Montreal,Toaster,Home,2025-10-12,1,32.11,32.11
4889,C0435,M,39,Montreal,Lipstick,Beauty,2025-01-16,1,16.08,16.08
4890,C1056,M,64,Vancouver,Air Fryer,Home,2025-10-04,1,116.45,116.45
4891,C0840,F,23,Toronto,Headphones,Electronics,2025-05-17,1,67.42,67.42
4892,C0148,M,19,Toronto,Perfume,Beauty,2025-10-10,1,43.7,43.7
4893,C0269,M,23,Winnipeg,Air Fryer,Home,2025-05-07,1,100.02,100.02
4894,C0715,F,40,Vancouver,Perfume,Beauty,2025-03-27,1,40.64,40.64
4895,C1122,F,43,Halifax,Headphones,Electronics,2025-07-26,1,69.68,69.68
4896,C0236,F,28,Calgary,Lipstick,Beauty,2025-05-31,2,13.79,27.58
4897,C0643,F,18,Winnipeg,Shampoo,Beauty,2025-02-20,5,11.27,56.35
4898,C0911,F,45,Toronto,Camera,Electronics,2025-08-19,1,342.19,342.19
4899,C0764,F,39,Montreal,Lipstick,Beauty,2025-03-21,2,15.21,30.42
4900,C0252,F,58,Ottawa,Sneakers,Clothing,2025-05-11,3,87.27,261.81
4901,C0568,F,30,Edmonton,Shampoo,Beauty,2025-05-16,1,11.25,11.25
4902,C0892,F,58,Calgary,Camera,Electronics,2025-06-19,1,341.03,341.03
4903,C0761,F,64,Halifax,Serum,Beauty,2025-06-12,1,40.8,40.8
4904,C1226,F,53,Winnipeg,Smartwatch,Electronics,2025-07-18,1,160.75,160.75
4905,C0249,F,39,Ottawa,Hoodie,Clothing,2025-08-15,2,48.71,97.42
4906,C0814,F,21,Ottawa,Perfume,Beauty,2025-02-17,1,48.1,48.1
4907,C0373,F,61,Vancouver,Sneakers,Clothing,2025-09-10,3,88.93,266.79
4908,C0176,M,58,Ottawa,Lotion,Beauty,2025-04-13,1,20.94,20.94
4909,C1129,F,35,Toronto,Lamp,Home,2025-02-05,3,36.84,110.52
4910,C1269,M,55,Vancouver,Smartwatch,Electronics,2025-01-06,3,152.67,458.01
4911,C1249,F,34,Montreal,Sneakers,Clothing,2025-07-18,5,77.64,388.2
4912,C0865,F,42,Ottawa,Charger,Electronics,2025-01-12,2,18.03,36.06
4913,C0439,M,34,Halifax,Smartwatch,Electronics,2025-04-13,1,149.07,149.07
4914,C1335,M,46,Toronto,Mascara,Beauty,2025-07-06,2,19.37,38.74
4915,C0054,F,62,Toronto,Mascara,Beauty,2025-06-27,1,17.06,17.06
4916,C1405,M,61,Winnipeg,Dress,Clothing,2025-06-20,3,65.64,196.92
4917,C0321,F,63,Halifax,Headphones,Electronics,2025-06-26,1,71.36,71.36
4918,C1243,F,25,Winnipeg,Camera,Electronics,2025-03-30,1,303.18,303.18
4919,C0819,F,46,Winnipeg,Toaster,Home,2025-07-23,3,34.98,104.94
4920,C0928,F,32,Montreal,Keyboard,Electronics,2025-07-30,1,37.75,37.75
4921,C1493,M,58,Vancouver,Jeans,Clothing,2025-08-01,1,60.32,60.32
4922,C0748,F,50,Vancouver,Blender,Home,2025-01-21,1,90.9,90.9
4923,C0896,F,27,Vancouver,Headphones,Electronics,2025-03-29,2,63.37,126.74
4924,C0404,F,54,Montreal,Sneakers,Clothing,2025-01-13,2,92.61,185.22
4925,C0347,F,28,Montreal,Perfume,Beauty,2025-04-30,2,46.99,93.98
4926,C0676,M,52,Montreal,Lipstick,Beauty,2025-06-27,3,13.75,41.25
4927,C0489,F,51,Vancouver,Mouse,Electronics,2025-05-09,1,25.85,25.85
4928,C0800,M,49,Ottawa,Lipstick,Beauty,2025-02-20,1,15.44,15.44
4929,C0359,M,39,Montreal,Kettle,Home,2025-02-11,2,26.43,52.86
4930,C1081,F,21,Montreal,T-Shirt,Clothing,2025-04-05,2,21.03,42.06
4931,C0942,F,19,Vancouver,Mouse,Electronics,2025-08-30,1,22.94,22.94
4932,C1111,M,50,Montreal,Charger,Electronics,2025-03-02,1,19.96,19.96
4933,C0378,F,26,Ottawa,Jeans,Clothing,2025-08-16,1,49.61,49.61
4934,C0931,M,52,Vancouver,Smartwatch,Electronics,2025-10-04,1,175,175
4935,C0079,M,55,Montreal,Mouse,Electronics,2025-01-18,1,26.26,26.26
4936,C1387,M,48,Montreal,Keyboard,Electronics,2025-09-01,1,37.27,37.27
4937,C0970,M,31,Winnipeg,Hoodie,Clothing,2025-02-16,1,43.58,43.58
4938,C0308,F,48,Calgary,Keyboard,Electronics,2025-01-18,1,37.28,37.28
4939,C1113,F,50,Calgary,Kettle,Home,2025-07-20,2,29.49,58.98
4940,C0977,F,61,Halifax,T-Shirt,Clothing,2025-09-10,3,18.24,54.72
4941,C0691,M,33,Toronto,Keyboard,Electronics,2025-07-11,1,42.72,42.72
4942,C1311,F,37,Toronto,Mouse,Electronics,2025-02-18,1,27.21,27.21
4943,C0223,M,31,Halifax,Hoodie,Clothing,2025-04-04,4,46.59,186.36
4944,C0656,M,52,Montreal,Charger,Electronics,2025-08-25,1,18.85,18.85
4945,C0164,F,63,Calgary,Kettle,Home,2025-08-10,5,27.22,136.1
4946,C1319,F,62,Toronto,Jeans,Clothing,2025-06-16,1,54.75,54.75
4947,C0651,F,50,Vancouver,Blender,Home,2025-09-11,3,86.78,260.34
4948,C0312,F,46,Calgary,Blender,Home,2025-02-26,1,87.87,87.87
4949,C1498,M,25,Ottawa,Sneakers,Clothing,2025-01-06,1,85.92,85.92
4950,C0170,F,51,Ottawa,Sneakers,Clothing,2025-08-26,4,82.47,329.88
4951,C0047,M,64,Halifax,Mouse,Electronics,2025-08-09,4,26.95,107.8
4952,C0006,F,31,Ottawa,Mascara,Beauty,2025-08-12,1,16.49,16.49
4953,C0904,M,31,Ottawa,Charger,Electronics,2025-03-19,4,19.87,79.48
4954,C1095,F,32,Halifax,Blender,Home,2025-01-20,1,89.68,89.68
4955,C1317,F,59,Calgary,Mouse,Electronics,2025-09-22,2,22.8,45.6
4956,C1202,F,37,Vancouver,Lamp,Home,2025-07-23,1,41.64,41.64
4957,C1147,F,45,Ottawa,Charger,Electronics,2025-05-22,1,21.28,21.28
4958,C0757,M,21,Vancouver,Toaster,Home,2025-10-31,2,36.13,72.26
4959,C0912,M,24,Toronto,Lotion,Beauty,2025-03-21,1,18.05,18.05
4960,C0521,F,19,Toronto,Blender,Home,2025-07-29,1,79.56,79.56
4961,C0843,F,26,Montreal,Camera,Electronics,2025-09-13,1,309.9,309.9
4962,C0563,M,40,Calgary,Lipstick,Beauty,2025-02-09,1,14.2,14.2
4963,C0327,F,53,Ottawa,Headphones,Electronics,2025-07-21,2,76.48,152.96
4964,C0883,F,29,Vancouver,Vacuum,Home,2025-03-27,1,154.55,154.55
4965,C0744,F,40,Vancouver,Mouse,Electronics,2025-02-12,2,23.98,47.96
4966,C1029,M,48,Edmonton,Lotion,Beauty,2025-08-24,1,21.72,21.72
4967,C1030,F,59,Calgary,Sneakers,Clothing,2025-03-11,1,89.09,89.09
4968,C0043,F,28,Winnipeg,Kettle,Home,2025-05-11,1,26.79,26.79
4969,C1306,M,18,Toronto,Jeans,Clothing,2025-05-12,2,53.67,107.34
4970,C0861,M,30,Calgary,Headphones,Electronics,2025-09-05,1,65.79,65.79
4971,C0896,F,56,Vancouver,Smartwatch,Electronics,2025-06-04,1,175.07,175.07
4972,C0131,F,46,Calgary,Jeans,Clothing,2025-08-18,1,55.19,55.19
4973,C1239,M,23,Edmonton,Camera,Electronics,2025-03-30,3,345.35,1036.05
4974,C1049,M,48,Toronto,Lamp,Home,2025-08-17,1,38.77,38.77
4975,C0908,M,26,Toronto,Perfume,Beauty,2025-01-27,2,48.25,96.5
4976,C0577,F,35,Edmonton,Charger,Electronics,2025-08-26,1,18.22,18.22
4977,C0260,M,20,Ottawa,Lotion,Beauty,2025-06-24,1,21.93,21.93
4978,C0436,F,49,Ottawa,Lotion,Beauty,2025-10-19,1,21.65,21.65
4979,C0383,F,62,Edmonton,Mascara,Beauty,2025-03-02,1,17.51,17.51
4980,C0710,M,20,Ottawa,Serum,Beauty,2025-06-19,1,40.09,40.09
4981,C1442,M,62,Toronto,T-Shirt,Clothing,2025-09-20,4,21.01,84.04
4982,C1499,M,47,Winnipeg,Lipstick,Beauty,2025-04-26,1,16.2,16.2
4983,C1133,M,23,Halifax,Lamp,Home,2025-06-24,1,38.46,38.46
4984,C0528,F,44,Winnipeg,Dress,Clothing,2025-08-09,1,59.59,59.59
4985,C0715,F,19,Vancouver,Charger,Electronics,2025-05-08,1,21.46,21.46
4986,C0870,F,37,Ottawa,Perfume,Beauty,2025-01-05,1,47.51,47.51
4987,C0586,M,34,Calgary,Kettle,Home,2025-07-05,3,27.4,82.2
4988,C1142,M,50,Vancouver,Toaster,Home,2025-06-21,1,37.42,37.42
4989,C1210,M,34,Edmonton,Kettle,Home,2025-07-18,2,25.46,50.92
4990,C0575,M,54,Halifax,Toaster,Home,2025-08-19,1,36.97,36.97
4991,C0141,F,46,Winnipeg,Sneakers,Clothing,2025-10-15,1,80.02,80.02
4992,C1325,F,26,Montreal,Charger,Electronics,2025-04-25,1,19.14,19.14
4993,C1250,F,21,Ottawa,Smartwatch,Electronics,2025-01-11,1,159.78,159.78
4994,C0225,M,63,Montreal,Toaster,Home,2025-04-14,1,34.65,34.65
4995,C1207,F,57,Ottawa,Perfume,Beauty,2025-06-24,1,45.19,45.19
4996,C0161,M,30,Vancouver,Dress,Clothing,2025-04-30,1,60.54,60.54
4997,C1086,M,23,Montreal,Serum,Beauty,2025-08-25,2,36.72,73.44
4998,C0935,F,63,Winnipeg,Charger,Electronics,2025-08-24,1,18.7,18.7
4999,C0397,M,26,Toronto,Sneakers,Clothing,2025-02-07,2,89.56,179.12
5000,C1421,M,43,Ottawa,Camera,Electronics,2025-09-29,1,313.6,313.6
5001,C0016,M,56,Edmonton,Mouse,Electronics,2025-09-08,3,25.03,75.09
5002,C0229,F,58,Edmonton,Charger,Electronics,2025-01-27,1,20.58,20.58
5003,C0438,M,64,Calgary,Sneakers,Clothing,2025-05-03,1,91.96,91.96
5004,C0414,F,59,Winnipeg,Mouse,Electronics,2025-06-05,4,26.04,104.16
5005,C0935,M,31,Winnipeg,Dress,Clothing,2025-08-05,1,54.55,54.55
5006,C0609,M,65,Montreal,Perfume,Beauty,2025-07-13,1,48.05,48.05
5007,C1384,F,51,Edmonton,Blender,Home,2025-10-28,1,93.32,93.32
5008,C0838,F,21,Calgary,Jeans,Clothing,2025-06-10,1,54.7,54.7
5009,C0652,F,38,Montreal,Lipstick,Beauty,2025-05-08,4,16.41,65.64
5010,C0130,F,48,Winnipeg,Mouse,Electronics,2025-06-27,2,25.24,50.48
5011,C0929,M,64,Halifax,Lipstick,Beauty,2025-05-06,2,14.88,29.76
5012,C0655,M,60,Vancouver,Blender,Home,2025-06-23,4,82.13,328.52
5013,C0849,F,38,Halifax,Mouse,Electronics,2025-02-04,1,25.79,25.79
5014,C0692,M,60,Calgary,Lamp,Home,2025-08-27,1,37.84,37.84
5015,C1187,F,46,Winnipeg,Mascara,Beauty,2025-02-10,2,16.58,33.16
5016,C1375,F,41,Ottawa,Lotion,Beauty,2025-07-05,1,18.11,18.11
5017,C0478,M,62,Toronto,Mascara,Beauty,2025-07-02,1,17.25,17.25
5018,C1062,M,33,Vancouver,Headphones,Electronics,2025-09-18,1,68.54,68.54
5019,C0976,M,26,Montreal,Mouse,Electronics,2025-02-03,3,25.26,75.78
5020,C1322,M,38,Ottawa,Jeans,Clothing,2025-07-06,1,52.72,52.72
5021,C1256,F,19,Montreal,Toaster,Home,2025-05-17,2,38.39,76.78
5022,C0849,M,19,Halifax,Mouse,Electronics,2025-07-21,1,23.96,23.96
5023,C0519,M,54,Calgary,Hoodie,Clothing,2025-05-23,1,44.47,44.47
5024,C0901,F,54,Calgary,Kettle,Home,2025-04-19,2,25.78,51.56
5025,C1192,F,22,Toronto,Dress,Clothing,2025-06-06,4,57.13,228.52
5026,C0065,F,63,Calgary,Headphones,Electronics,2025-09-12,1,63.68,63.68
5027,C1218,M,23,Vancouver,Lotion,Beauty,2025-06-30,1,20.24,20.24
5028,C0452,F,65,Halifax,Mascara,Beauty,2025-08-07,1,18.9,18.9
5029,C0853,F,65,Montreal,Vacuum,Home,2025-01-28,2,140.87,281.74
5030,C0170,M,25,Montreal,Serum,Beauty,2025-05-31,1,37,37
5031,C0738,M,49,Vancouver,Mouse,Electronics,2025-04-10,1,22.58,22.58
5032,C0231,M,54,Calgary,Keyboard,Electronics,2025-01-03,2,42.72,85.44
5033,C0962,F,30,Calgary,Charger,Electronics,2025-02-02,1,21.12,21.12
5034,C1305,F,20,Vancouver,Toaster,Home,2025-07-18,1,31.94,31.94
5035,C0006,M,26,Toronto,Perfume,Beauty,2025-03-10,3,43.78,131.34
5036,C0264,F,21,Winnipeg,Camera,Electronics,2025-03-31,3,349.14,1047.42
5037,C0931,F,45,Winnipeg,Blender,Home,2025-01-17,3,83.16,249.48
5038,C0053,F,57,Halifax,Dress,Clothing,2025-02-03,1,60.31,60.31
5039,C0019,F,33,Ottawa,Air Fryer,Home,2025-09-21,3,106.82,320.46
5040,C0265,M,28,Ottawa,Dress,Clothing,2025-10-28,2,61.15,122.3
5041,C1185,F,36,Calgary,Kettle,Home,2025-03-01,1,30.68,30.68
5042,C0806,M,59,Edmonton,Headphones,Electronics,2025-07-03,2,76.97,153.94
5043,C0160,F,39,Ottawa,Perfume,Beauty,2025-07-18,1,47.47,47.47
5044,C1047,F,56,Ottawa,Blender,Home,2025-08-29,2,83.37,166.74
5045,C1186,M,29,Edmonton,Toaster,Home,2025-08-20,2,34.96,69.92
5046,C1367,F,47,Ottawa,Blender,Home,2025-07-30,2,82.56,165.12
5047,C0942,F,57,Calgary,Mouse,Electronics,2025-02-21,1,27.43,27.43
5048,C1440,F,59,Winnipeg,Smartwatch,Electronics,2025-04-29,2,166.65,333.3
5049,C0385,F,22,Montreal,Smartwatch,Electronics,2025-08-03,1,158.37,158.37
5050,C1031,M,54,Halifax,Smartwatch,Electronics,2025-05-29,3,144.39,433.17
5051,C0875,F,62,Calgary,Serum,Beauty,2025-06-25,2,38.16,76.32
5052,C0880,M,49,Calgary,T-Shirt,Clothing,2025-09-26,1,21.94,21.94
5053,C0536,M,51,Edmonton,Perfume,Beauty,2025-01-05,1,45.21,45.21
5054,C0130,M,29,Halifax,Serum,Beauty,2025-04-26,2,35.59,71.18
5055,C1280,M,60,Toronto,Headphones,Electronics,2025-07-22,1,63.31,63.31
5056,C0250,M,19,Toronto,Toaster,Home,2025-02-06,2,33.98,67.96
5057,C0914,M,64,Calgary,Headphones,Electronics,2025-02-23,1,75.86,75.86
5058,C1363,F,24,Halifax,Shampoo,Beauty,2025-10-15,2,13.19,26.38
5059,C0618,F,49,Vancouver,Smartwatch,Electronics,2025-10-11,1,174.25,174.25
5060,C0356,M,57,Vancouver,Keyboard,Electronics,2025-03-27,1,41.84,41.84
5061,C0312,F,52,Winnipeg,T-Shirt,Clothing,2025-02-14,4,20.23,80.92
5062,C0032,M,23,Toronto,Dress,Clothing,2025-10-11,2,61.09,122.18
5063,C0838,M,39,Edmonton,Charger,Electronics,2025-03-11,1,20.16,20.16
5064,C0093,F,42,Toronto,Mouse,Electronics,2025-02-11,4,26.04,104.16
5065,C0891,F,64,Montreal,Lamp,Home,2025-09-29,1,39.35,39.35
5066,C0034,M,30,Toronto,Serum,Beauty,2025-05-21,2,39.29,78.58
5067,C0852,F,40,Winnipeg,Charger,Electronics,2025-02-28,1,18.49,18.49
5068,C1313,M,62,Edmonton,Headphones,Electronics,2025-08-28,1,66.72,66.72
5069,C0971,F,61,Winnipeg,T-Shirt,Clothing,2025-02-16,1,21.34,21.34
5070,C1368,M,63,Winnipeg,Mascara,Beauty,2025-06-16,1,19.45,19.45
5071,C0609,F,26,Ottawa,Camera,Electronics,2025-04-20,3,322.5,967.5
5072,C0508,F,59,Calgary,Air Fryer,Home,2025-05-06,3,99.7,299.1
5073,C0313,F,54,Winnipeg,Mouse,Electronics,2025-10-26,1,27.13,27.13
5074,C0944,F,54,Calgary,Lipstick,Beauty,2025-04-19,1,15.61,15.61
5075,C1228,M,47,Edmonton,Sneakers,Clothing,2025-06-14,3,83.54,250.62
5076,C1246,F,37,Calgary,Keyboard,Electronics,2025-09-16,1,40.79,40.79
5077,C0032,M,55,Edmonton,Kettle,Home,2025-03-17,1,27.61,27.61
5078,C0637,F,61,Halifax,Mascara,Beauty,2025-01-07,1,17.88,17.88
5079,C0620,F,33,Montreal,Mouse,Electronics,2025-07-05,1,26.93,26.93
5080,C0723,F,39,Montreal,Headphones,Electronics,2025-10-03,1,65.26,65.26
5081,C1453,F,55,Ottawa,Lotion,Beauty,2025-03-20,2,18.41,36.82
5082,C1000,M,27,Winnipeg,Mascara,Beauty,2025-03-06,1,16.21,16.21
5083,C0002,F,37,Calgary,Sneakers,Clothing,2025-04-25,3,81.84,245.52
5084,C1011,F,58,Halifax,Serum,Beauty,2025-07-21,1,35.32,35.32
5085,C1486,F,19,Ottawa,Mascara,Beauty,2025-05-22,1,16.99,16.99
5086,C1207,M,20,Toronto,Mouse,Electronics,2025-04-08,1,22.56,22.56
5087,C1083,M,59,Calgary,Kettle,Home,2025-08-05,2,26.47,52.94
5088,C1313,M,25,Halifax,Serum,Beauty,2025-03-15,1,36.73,36.73
5089,C0096,F,26,Ottawa,Keyboard,Electronics,2025-10-20,1,36.25,36.25
5090,C0505,F,45,Montreal,Lotion,Beauty,2025-05-14,2,20.43,40.86
5091,C0211,F,38,Edmonton,Perfume,Beauty,2025-09-19,1,45.62,45.62
5092,C1482,F,50,Halifax,Mascara,Beauty,2025-10-11,2,16.55,33.1
5093,C0783,F,51,Halifax,Jeans,Clothing,2025-04-12,4,56.05,224.2
5094,C0993,F,21,Montreal,Mascara,Beauty,2025-07-25,1,19.8,19.8
5095,C1053,F,65,Montreal,Serum,Beauty,2025-05-21,1,41.38,41.38
5096,C1227,F,42,Halifax,Mouse,Electronics,2025-01-13,1,22.51,22.51
5097,C0112,F,49,Edmonton,Jeans,Clothing,2025-09-06,2,58.25,116.5
5098,C1389,F,29,Ottawa,Shampoo,Beauty,2025-05-03,1,11.65,11.65
5099,C1147,F,19,Ottawa,Headphones,Electronics,2025-01-10,2,63.89,127.78
5100,C0303,M,64,Ottawa,Perfume,Beauty,2025-03-21,2,43.16,86.32
5101,C0697,M,65,Vancouver,Camera,Electronics,2025-06-16,1,308.59,308.59
5102,C0861,M,29,Halifax,Headphones,Electronics,2025-04-09,2,70.33,140.66
5103,C0255,M,63,Calgary,Charger,Electronics,2025-07-26,1,20.64,20.64
5104,C1253,M,43,Vancouver,Charger,Electronics,2025-05-31,1,21,21
5105,C1365,F,38,Vancouver,Charger,Electronics,2025-02-06,2,18.98,37.96
5106,C0927,F,61,Edmonton,Shampoo,Beauty,2025-09-21,1,11.57,11.57
5107,C0342,F,54,Halifax,Camera,Electronics,2025-01-05,1,307.74,307.74
5108,C0756,F,53,Winnipeg,Lipstick,Beauty,2025-08-14,2,14.59,29.18
5109,C1362,F,35,Toronto,Air Fryer,Home,2025-01-27,2,120.99,241.98
5110,C0258,F,41,Halifax,Jacket,Clothing,2025-05-04,1,95,95
5111,C1084,F,47,Halifax,Jeans,Clothing,2025-10-26,2,60.22,120.44
5112,C0982,F,34,Winnipeg,Hoodie,Clothing,2025-02-04,1,46.74,46.74
5113,C0229,F,33,Toronto,Lamp,Home,2025-08-25,3,39.25,117.75
5114,C1364,F,59,Winnipeg,Lamp,Home,2025-10-30,2,39.12,78.24
5115,C0432,M,34,Montreal,Headphones,Electronics,2025-04-12,1,69.84,69.84
5116,C0118,F,61,Edmonton,Air Fryer,Home,2025-03-18,1,108.17,108.17
5117,C0900,F,29,Vancouver,Keyboard,Electronics,2025-03-23,2,42.63,85.26
5118,C0026,M,44,Winnipeg,Mouse,Electronics,2025-05-26,3,24.83,74.49
5119,C0340,M,21,Halifax,Toaster,Home,2025-07-12,1,33.57,33.57
5120,C0171,M,52,Toronto,Charger,Electronics,2025-08-12,1,21.1,21.1
5121,C1277,F,18,Winnipeg,Keyboard,Electronics,2025-02-22,1,42.84,42.84
5122,C0532,F,29,Halifax,T-Shirt,Clothing,2025-03-26,1,19.68,19.68
5123,C0349,F,46,Vancouver,Shampoo,Beauty,2025-05-09,2,12.4,24.8
5124,C1328,M,25,Halifax,Camera,Electronics,2025-07-30,1,291.76,291.76
5125,C0377,F,25,Winnipeg,Sneakers,Clothing,2025-09-21,2,85.5,171
5126,C1375,M,29,Calgary,Toaster,Home,2025-07-02,3,31.81,95.43
5127,C0151,M,53,Vancouver,Camera,Electronics,2025-09-29,4,289.87,1159.48
5128,C0829,M,65,Halifax,Perfume,Beauty,2025-08-15,1,46.02,46.02
5129,C0230,F,51,Halifax,Mouse,Electronics,2025-01-12,2,24.02,48.04
5130,C0336,M,53,Halifax,Sneakers,Clothing,2025-04-03,3,89.12,267.36
5131,C0275,M,21,Montreal,Smartwatch,Electronics,2025-07-09,1,172.67,172.67
5132,C0715,F,28,Ottawa,Smartwatch,Electronics,2025-03-27,1,148.46,148.46
5133,C1228,F,20,Montreal,Serum,Beauty,2025-10-04,3,39.71,119.13
5134,C1252,F,27,Vancouver,Lotion,Beauty,2025-10-20,1,20.06,20.06
5135,C1293,M,29,Winnipeg,Sneakers,Clothing,2025-09-18,3,78.41,235.23
5136,C0898,F,26,Edmonton,Mouse,Electronics,2025-07-17,1,25.76,25.76
5137,C1203,M,38,Winnipeg,Lamp,Home,2025-01-10,1,40.88,40.88
5138,C0257,M,51,Vancouver,Lotion,Beauty,2025-03-29,1,20.06,20.06
5139,C0681,M,39,Halifax,Vacuum,Home,2025-02-06,1,162.79,162.79
5140,C1032,M,35,Ottawa,T-Shirt,Clothing,2025-08-11,1,20.08,20.08
5141,C0336,F,61,Montreal,Keyboard,Electronics,2025-06-24,1,43.92,43.92
5142,C1064,M,23,Montreal,Lotion,Beauty,2025-07-28,1,20.04,20.04
5143,C0935,M,42,Winnipeg,Charger,Electronics,2025-02-18,1,18.46,18.46
5144,C0980,M,62,Vancouver,Lamp,Home,2025-01-24,1,39.76,39.76
5145,C1455,M,32,Calgary,Keyboard,Electronics,2025-04-16,2,37.46,74.92
5146,C0887,F,18,Edmonton,Hoodie,Clothing,2025-09-20,1,45.87,45.87
5147,C0330,F,57,Edmonton,Air Fryer,Home,2025-07-25,2,114.25,228.5
5148,C0243,F,35,Halifax,T-Shirt,Clothing,2025-06-18,2,19.87,39.74
5149,C0165,F,61,Toronto,Toaster,Home,2025-06-07,1,32.18,32.18
5150,C0959,F,48,Halifax,Perfume,Beauty,2025-08-29,1,44.72,44.72
5151,C0480,M,37,Vancouver,Smartwatch,Electronics,2025-05-03,3,146.61,439.83
5152,C0283,F,61,Vancouver,Serum,Beauty,2025-01-20,2,39.38,78.76
5153,C1119,F,42,Halifax,T-Shirt,Clothing,2025-02-25,1,21.16,21.16
5154,C1155,F,50,Edmonton,Toaster,Home,2025-10-07,2,38.24,76.48
5155,C0935,F,27,Toronto,Vacuum,Home,2025-04-18,1,139.46,139.46
5156,C0774,F,46,Ottawa,Camera,Electronics,2025-05-20,1,322.07,322.07
5157,C0209,M,36,Vancouver,Lotion,Beauty,2025-04-01,1,20.27,20.27
5158,C0578,F,45,Halifax,Air Fryer,Home,2025-09-28,1,119.29,119.29
5159,C0481,F,44,Calgary,Smartwatch,Electronics,2025-07-29,4,164.07,656.28
5160,C1004,M,36,Ottawa,Lipstick,Beauty,2025-06-25,3,13.94,41.82
5161,C0364,M,60,Ottawa,Toaster,Home,2025-03-02,2,34.55,69.1
5162,C0423,F,48,Ottawa,Lipstick,Beauty,2025-10-11,1,15.46,15.46
5163,C0213,M,52,Vancouver,Charger,Electronics,2025-01-03,1,20.8,20.8
5164,C1193,M,31,Edmonton,Charger,Electronics,2025-09-29,1,21.45,21.45
5165,C1232,F,23,Ottawa,Lipstick,Beauty,2025-06-13,1,14.04,14.04
5166,C1451,F,26,Montreal,Dress,Clothing,2025-01-09,1,65.42,65.42
5167,C0899,F,58,Vancouver,Serum,Beauty,2025-01-12,1,34.65,34.65
5168,C0521,M,44,Vancouver,Perfume,Beauty,2025-03-15,1,49.35,49.35
5169,C0940,M,34,Toronto,Shampoo,Beauty,2025-08-26,3,12.86,38.58
5170,C0019,M,53,Edmonton,Toaster,Home,2025-10-27,3,36.12,108.36
5171,C1111,M,21,Ottawa,Keyboard,Electronics,2025-04-18,1,41.88,41.88
5172,C0530,F,41,Vancouver,Camera,Electronics,2025-01-13,2,292.65,585.3
5173,C0237,F,33,Winnipeg,Lotion,Beauty,2025-08-22,1,18.17,18.17
5174,C1198,M,34,Edmonton,Perfume,Beauty,2025-09-02,1,41.42,41.42
5175,C0104,F,20,Calgary,Camera,Electronics,2025-04-02,3,293.59,880.77
5176,C0937,F,56,Calgary,Hoodie,Clothing,2025-07-17,2,45.43,90.86
5177,C0237,F,54,Edmonton,Jacket,Clothing,2025-04-26,1,84.88,84.88
5178,C0561,M,20,Halifax,Lipstick,Beauty,2025-05-11,1,16.08,16.08
5179,C1126,M,61,Vancouver,Smartwatch,Electronics,2025-06-02,3,158.26,474.78
5180,C1195,F,58,Vancouver,Hoodie,Clothing,2025-05-01,1,46.76,46.76
5181,C1162,F,52,Calgary,Camera,Electronics,2025-04-18,1,329.78,329.78
5182,C0597,F,20,Winnipeg,Jacket,Clothing,2025-01-16,3,86.76,260.28
5183,C0038,M,33,Calgary,Shampoo,Beauty,2025-10-26,1,11.38,11.38
5184,C0943,M,37,Montreal,Jacket,Clothing,2025-02-25,1,87.16,87.16
5185,C0391,F,62,Calgary,Blender,Home,2025-04-13,1,90.04,90.04
5186,C0761,F,23,Winnipeg,Hoodie,Clothing,2025-07-27,3,45.78,137.34
5187,C0617,M,50,Winnipeg,Air Fryer,Home,2025-05-31,2,104.58,209.16
5188,C0417,F,60,Montreal,Mouse,Electronics,2025-09-19,1,26.59,26.59
5189,C0985,F,44,Vancouver,T-Shirt,Clothing,2025-02-12,1,18.22,18.22
5190,C1048,M,47,Halifax,Mascara,Beauty,2025-10-27,1,18.72,18.72
5191,C1456,F,52,Ottawa,Headphones,Electronics,2025-04-28,1,69.15,69.15
5192,C1311,F,35,Edmonton,Vacuum,Home,2025-10-06,1,156.94,156.94
5193,C1106,F,47,Edmonton,Blender,Home,2025-05-24,1,92.27,92.27
5194,C1279,F,60,Edmonton,T-Shirt,Clothing,2025-08-16,1,21,21
5195,C0327,F,43,Ottawa,Serum,Beauty,2025-07-23,4,37.56,150.24
5196,C0584,F,32,Toronto,Lamp,Home,2025-08-17,1,37.21,37.21
5197,C0630,F,49,Edmonton,Toaster,Home,2025-09-22,1,37.14,37.14
5198,C0399,M,52,Montreal,Mascara,Beauty,2025-05-17,1,17.86,17.86
5199,C0156,F,29,Calgary,Keyboard,Electronics,2025-08-28,2,36.6,73.2
5200,C1151,F,38,Montreal,Mouse,Electronics,2025-07-05,1,26.1,26.1
5201,C0277,M,29,Halifax,Headphones,Electronics,2025-05-31,1,67.09,67.09
5202,C1004,M,18,Toronto,Jacket,Clothing,2025-10-18,2,81.88,163.76
5203,C1051,F,28,Winnipeg,Vacuum,Home,2025-04-20,4,162.08,648.32
5204,C0943,F,42,Toronto,Toaster,Home,2025-02-09,2,34.88,69.76
5205,C0637,M,64,Montreal,Hoodie,Clothing,2025-05-22,1,43.03,43.03
5206,C0874,M,26,Calgary,Charger,Electronics,2025-01-13,1,20.87,20.87
5207,C0910,F,56,Vancouver,Jeans,Clothing,2025-02-22,2,59.24,118.48
5208,C0021,F,60,Vancouver,Mouse,Electronics,2025-03-21,1,22.5,22.5
5209,C1265,F,44,Vancouver,Hoodie,Clothing,2025-08-21,1,46.69,46.69
5210,C0107,M,46,Edmonton,Lotion,Beauty,2025-02-08,4,21.07,84.28
5211,C0716,M,44,Toronto,Dress,Clothing,2025-08-15,2,56.52,113.04
5212,C0540,F,45,Edmonton,Shampoo,Beauty,2025-05-01,2,11.98,23.96
5213,C1245,F,56,Montreal,Smartwatch,Electronics,2025-03-06,3,146.86,440.58
5214,C0933,F,35,Toronto,Lamp,Home,2025-10-23,2,41.97,83.94
5215,C0067,F,32,Calgary,Mouse,Electronics,2025-07-24,2,26.74,53.48
5216,C0636,F,33,Edmonton,Vacuum,Home,2025-05-15,1,138.25,138.25
5217,C0242,F,64,Ottawa,Keyboard,Electronics,2025-02-14,5,42.53,212.65
5218,C1006,M,40,Toronto,Kettle,Home,2025-10-05,1,29.52,29.52
5219,C0396,F,47,Calgary,Mascara,Beauty,2025-05-15,1,17.45,17.45
5220,C1227,M,53,Winnipeg,Serum,Beauty,2025-02-21,1,39.45,39.45
5221,C0220,M,52,Calgary,Charger,Electronics,2025-08-17,1,18,18
5222,C0691,M,45,Calgary,Camera,Electronics,2025-03-09,1,347.64,347.64
5223,C0419,M,63,Ottawa,Lipstick,Beauty,2025-07-17,1,15.15,15.15
5224,C1250,F,20,Vancouver,Keyboard,Electronics,2025-03-08,1,40.96,40.96
5225,C1238,M,33,Halifax,Mouse,Electronics,2025-01-03,1,25.82,25.82
5226,C0359,M,32,Montreal,Lotion,Beauty,2025-02-27,1,20.25,20.25
5227,C0501,F,36,Toronto,Headphones,Electronics,2025-09-13,1,74.99,74.99
5228,C1495,F,27,Ottawa,Jeans,Clothing,2025-09-22,1,56.21,56.21
5229,C1043,F,21,Calgary,Serum,Beauty,2025-01-16,2,41.1,82.2
5230,C1375,F,39,Ottawa,Smartwatch,Electronics,2025-09-25,1,162.63,162.63
5231,C1339,F,35,Toronto,Kettle,Home,2025-04-12,1,26.16,26.16
5232,C0781,M,39,Montreal,Mouse,Electronics,2025-10-14,1,27.07,27.07
5233,C0787,F,59,Toronto,Lamp,Home,2025-08-10,3,41.45,124.35
5234,C0676,F,33,Winnipeg,Mouse,Electronics,2025-01-21,2,26,52
5235,C0214,M,20,Edmonton,Charger,Electronics,2025-01-21,1,21.94,21.94
5236,C0492,M,61,Ottawa,Lipstick,Beauty,2025-04-02,3,13.73,41.19
5237,C0222,M,52,Edmonton,Vacuum,Home,2025-10-11,2,147.86,295.72
5238,C0269,F,58,Calgary,Kettle,Home,2025-05-13,2,26.54,53.08
5239,C1108,F,56,Edmonton,Perfume,Beauty,2025-06-24,1,46.17,46.17
5240,C0743,M,33,Halifax,Smartwatch,Electronics,2025-08-01,2,169.82,339.64
5241,C0044,M,38,Calgary,Jacket,Clothing,2025-05-28,1,98.39,98.39
5242,C0976,F,38,Vancouver,Smartwatch,Electronics,2025-08-20,2,158.55,317.1
5243,C0161,M,18,Halifax,Keyboard,Electronics,2025-06-14,3,42.29,126.87
5244,C0748,F,47,Vancouver,Dress,Clothing,2025-05-25,3,65,195
5245,C1401,F,64,Montreal,Lamp,Home,2025-10-25,1,41.47,41.47
5246,C0308,F,51,Montreal,Charger,Electronics,2025-08-11,3,18.97,56.91
5247,C0117,M,65,Edmonton,Blender,Home,2025-03-03,1,86.83,86.83
5248,C0339,F,56,Edmonton,Dress,Clothing,2025-04-06,1,65.64,65.64
5249,C0888,F,63,Vancouver,Headphones,Electronics,2025-04-22,1,76.83,76.83
5250,C0667,M,40,Vancouver,Smartwatch,Electronics,2025-03-28,2,164.56,329.12
5251,C0954,F,51,Toronto,Mouse,Electronics,2025-09-12,1,26.93,26.93
5252,C0940,F,47,Toronto,Sneakers,Clothing,2025-04-23,1,79.91,79.91
5253,C1349,M,50,Edmonton,Lamp,Home,2025-09-11,1,37.97,37.97
5254,C1029,M,33,Calgary,Mascara,Beauty,2025-02-01,2,19.63,39.26
5255,C1445,M,58,Winnipeg,T-Shirt,Clothing,2025-03-05,3,18.54,55.62
5256,C0071,M,47,Edmonton,Mouse,Electronics,2025-06-03,2,23.46,46.92
5257,C0104,F,20,Calgary,Lotion,Beauty,2025-01-05,1,19.68,19.68
5258,C0056,F,62,Vancouver,Charger,Electronics,2025-07-29,5,20.36,101.8
5259,C1019,F,19,Toronto,Camera,Electronics,2025-04-02,2,326.64,653.28
5260,C1331,M,43,Vancouver,Jeans,Clothing,2025-08-10,2,52.71,105.42
5261,C0824,M,35,Vancouver,Perfume,Beauty,2025-07-09,2,48.79,97.58
5262,C0496,M,19,Montreal,T-Shirt,Clothing,2025-03-01,4,21.66,86.64
5263,C1194,M,57,Vancouver,Camera,Electronics,2025-07-24,2,313.09,626.18
5264,C1165,F,20,Calgary,Perfume,Beauty,2025-07-31,1,44.41,44.41
5265,C0034,M,34,Montreal,Jeans,Clothing,2025-09-15,1,57.23,57.23
5266,C1380,M,41,Toronto,Keyboard,Electronics,2025-03-30,2,41.3,82.6
5267,C1442,F,19,Calgary,Headphones,Electronics,2025-08-24,1,68.35,68.35
5268,C0053,F,23,Ottawa,Headphones,Electronics,2025-07-15,2,68.8,137.6
5269,C1027,M,57,Toronto,Hoodie,Clothing,2025-07-02,1,43.63,43.63
5270,C0330,M,43,Edmonton,Mouse,Electronics,2025-09-08,1,23.68,23.68
5271,C0805,F,23,Ottawa,Lotion,Beauty,2025-08-12,1,19.83,19.83
5272,C0149,F,29,Calgary,Serum,Beauty,2025-06-20,2,39.42,78.84
5273,C1325,M,38,Halifax,Charger,Electronics,2025-07-17,2,20.97,41.94
5274,C0133,F,33,Toronto,Blender,Home,2025-09-06,1,89.74,89.74
5275,C0259,M,23,Ottawa,Keyboard,Electronics,2025-06-30,1,39,39
5276,C1300,M,51,Ottawa,Shampoo,Beauty,2025-10-04,1,12.64,12.64
5277,C0990,F,20,Toronto,Lotion,Beauty,2025-10-02,1,18.03,18.03
5278,C0716,M,58,Vancouver,Mouse,Electronics,2025-06-10,1,24.89,24.89
5279,C1085,F,36,Winnipeg,Sneakers,Clothing,2025-09-05,2,90,180
5280,C0931,F,46,Calgary,Headphones,Electronics,2025-07-07,3,71.82,215.46
5281,C0672,F,49,Calgary,Dress,Clothing,2025-01-19,1,59.69,59.69
5282,C0147,M,27,Halifax,Mouse,Electronics,2025-09-01,1,25.72,25.72
5283,C0842,M,44,Montreal,Lipstick,Beauty,2025-04-23,2,16.22,32.44
5284,C0825,M,46,Toronto,Hoodie,Clothing,2025-10-05,4,45.6,182.4
5285,C0496,M,30,Calgary,Headphones,Electronics,2025-02-20,3,74.2,222.6
5286,C0623,F,37,Ottawa,Kettle,Home,2025-05-03,1,30.69,30.69
5287,C0602,M,45,Toronto,Sneakers,Clothing,2025-08-26,1,88.49,88.49
5288,C0944,F,44,Edmonton,Serum,Beauty,2025-03-03,1,38.56,38.56
5289,C1440,M,30,Halifax,Mascara,Beauty,2025-03-15,2,16.33,32.66
5290,C0131,F,42,Ottawa,Kettle,Home,2025-09-02,2,27.3,54.6
5291,C0723,F,46,Toronto,Smartwatch,Electronics,2025-02-01,1,162.09,162.09
5292,C1252,M,32,Halifax,Serum,Beauty,2025-06-02,3,40.26,120.78
5293,C0765,M,62,Ottawa,Perfume,Beauty,2025-05-24,1,44.44,44.44
5294,C1118,M,62,Ottawa,Serum,Beauty,2025-01-15,5,41.5,207.5
5295,C0677,M,47,Toronto,Blender,Home,2025-10-31,1,81.12,81.12
5296,C0572,M,55,Montreal,Mascara,Beauty,2025-10-01,1,18.88,18.88
5297,C0098,M,49,Winnipeg,Camera,Electronics,2025-09-02,1,314.82,314.82
5298,C1211,F,24,Halifax,Lamp,Home,2025-10-06,1,39.89,39.89
5299,C0554,M,52,Halifax,Charger,Electronics,2025-02-24,2,21.21,42.42
5300,C0425,M,50,Winnipeg,Perfume,Beauty,2025-02-11,1,43.17,43.17
5301,C0585,M,29,Ottawa,Vacuum,Home,2025-02-21,2,137.9,275.8
5302,C0539,M,40,Toronto,Lotion,Beauty,2025-01-11,1,20.08,20.08
5303,C0174,F,22,Vancouver,Blender,Home,2025-03-29,1,85.49,85.49
5304,C0785,M,60,Edmonton,Jeans,Clothing,2025-08-15,2,58.27,116.54
5305,C0762,M,61,Vancouver,Smartwatch,Electronics,2025-04-24,4,174.99,699.96
5306,C0763,M,48,Edmonton,Camera,Electronics,2025-01-25,1,291.54,291.54
5307,C0953,M,33,Winnipeg,Keyboard,Electronics,2025-04-02,4,40.73,162.92
5308,C0485,M,50,Winnipeg,Smartwatch,Electronics,2025-03-28,2,165.8,331.6
5309,C1193,F,18,Winnipeg,Jeans,Clothing,2025-03-22,1,60.34,60.34
5310,C0585,F,39,Montreal,Jacket,Clothing,2025-09-07,2,97.97,195.94
5311,C0782,F,45,Toronto,Keyboard,Electronics,2025-09-07,1,41.7,41.7
5312,C0776,F,22,Edmonton,Kettle,Home,2025-07-29,1,28.12,28.12
5313,C0844,F,21,Montreal,Jacket,Clothing,2025-01-09,2,83.91,167.82
5314,C0579,F,18,Edmonton,Dress,Clothing,2025-04-09,1,58.61,58.61
5315,C0771,F,32,Ottawa,Keyboard,Electronics,2025-02-05,1,40.68,40.68
5316,C0430,M,54,Halifax,Smartwatch,Electronics,2025-02-26,1,167.21,167.21
5317,C0132,F,56,Edmonton,Lotion,Beauty,2025-03-04,2,20.54,41.08
5318,C0953,M,55,Edmonton,Jacket,Clothing,2025-10-03,2,93.85,187.7
5319,C1148,M,62,Vancouver,Perfume,Beauty,2025-08-01,1,44.36,44.36
5320,C1198,F,41,Montreal,Smartwatch,Electronics,2025-10-30,3,167.28,501.84
5321,C0387,F,40,Ottawa,Camera,Electronics,2025-01-20,1,297.2,297.2
5322,C1165,M,64,Winnipeg,Serum,Beauty,2025-09-04,2,35.44,70.88
5323,C0648,F,24,Vancouver,Charger,Electronics,2025-01-06,3,18.65,55.95
5324,C1464,M,48,Montreal,Hoodie,Clothing,2025-03-14,2,48.52,97.04
5325,C0614,F,24,Ottawa,Perfume,Beauty,2025-04-17,1,41.18,41.18
5326,C0372,F,30,Halifax,Smartwatch,Electronics,2025-04-03,2,169.65,339.3
5327,C0814,F,21,Halifax,Perfume,Beauty,2025-10-12,1,42.6,42.6
5328,C0287,M,35,Edmonton,Shampoo,Beauty,2025-08-07,2,11.92,23.84
5329,C1115,F,57,Calgary,Mouse,Electronics,2025-02-18,1,27.08,27.08
5330,C1233,F,36,Vancouver,Mouse,Electronics,2025-10-22,1,25.43,25.43
5331,C0547,M,33,Halifax,Lipstick,Beauty,2025-10-15,1,14.13,14.13
5332,C0942,F,35,Ottawa,Smartwatch,Electronics,2025-06-26,1,153.09,153.09
5333,C0152,F,33,Winnipeg,Perfume,Beauty,2025-10-26,1,48.78,48.78
5334,C0577,F,65,Halifax,Headphones,Electronics,2025-04-18,3,68.98,206.94
5335,C0221,M,48,Calgary,T-Shirt,Clothing,2025-10-11,1,20.35,20.35
5336,C0858,F,42,Montreal,Jacket,Clothing,2025-10-28,1,89.28,89.28
5337,C1324,F,19,Calgary,Keyboard,Electronics,2025-03-06,1,39.03,39.03
5338,C1379,F,63,Edmonton,Camera,Electronics,2025-02-23,2,302.29,604.58
5339,C0620,F,45,Vancouver,Dress,Clothing,2025-10-26,1,62.23,62.23
5340,C0856,M,33,Toronto,Lotion,Beauty,2025-01-30,1,20.87,20.87
5341,C0686,M,53,Montreal,Hoodie,Clothing,2025-09-03,1,42.97,42.97
5342,C1216,F,62,Calgary,Dress,Clothing,2025-07-29,2,63.47,126.94
5343,C1434,F,57,Ottawa,Shampoo,Beauty,2025-08-09,1,12.85,12.85
5344,C1381,F,52,Toronto,Lipstick,Beauty,2025-06-19,1,16.26,16.26
5345,C1268,M,41,Toronto,T-Shirt,Clothing,2025-08-02,2,18.64,37.28
5346,C0767,F,52,Montreal,Smartwatch,Electronics,2025-03-10,1,153.73,153.73
5347,C0058,M,47,Calgary,Shampoo,Beauty,2025-08-22,1,12.86,12.86
5348,C1050,F,54,Vancouver,Shampoo,Beauty,2025-01-15,1,11.28,11.28
5349,C0486,F,28,Calgary,Keyboard,Electronics,2025-05-14,4,36.03,144.12
5350,C1141,F,62,Calgary,Kettle,Home,2025-07-25,1,30.08,30.08
5351,C0242,F,51,Montreal,Vacuum,Home,2025-01-24,1,144.79,144.79
5352,C1254,F,55,Montreal,Sneakers,Clothing,2025-03-26,1,83.55,83.55
5353,C0843,F,56,Ottawa,Keyboard,Electronics,2025-05-22,3,39.57,118.71
5354,C1117,F,41,Vancouver,Mouse,Electronics,2025-05-20,1,26.74,26.74
5355,C0221,F,46,Winnipeg,Keyboard,Electronics,2025-05-02,1,38.7,38.7
5356,C0713,F,21,Montreal,Charger,Electronics,2025-10-27,2,21.57,43.14
5357,C0227,M,58,Ottawa,Shampoo,Beauty,2025-06-28,4,12.28,49.12
5358,C0569,F,47,Edmonton,T-Shirt,Clothing,2025-07-27,2,20.11,40.22
5359,C0585,F,31,Toronto,T-Shirt,Clothing,2025-06-15,1,19.3,19.3
5360,C0767,F,41,Halifax,Camera,Electronics,2025-02-10,1,303.6,303.6
5361,C0776,M,55,Ottawa,Blender,Home,2025-05-02,1,87.11,87.11
5362,C0603,F,51,Vancouver,Lotion,Beauty,2025-02-13,2,19.79,39.58
5363,C1150,F,53,Halifax,Headphones,Electronics,2025-03-16,2,75.75,151.5
5364,C0290,F,32,Ottawa,Air Fryer,Home,2025-09-29,2,109.82,219.64
5365,C0499,F,52,Edmonton,Charger,Electronics,2025-06-15,1,20.05,20.05
5366,C1496,F,46,Ottawa,Jacket,Clothing,2025-09-07,2,88.5,177
5367,C0752,F,53,Montreal,Lamp,Home,2025-03-27,3,42.31,126.93
5368,C0837,F,21,Vancouver,Mouse,Electronics,2025-05-17,3,24.62,73.86
5369,C0522,M,32,Ottawa,Kettle,Home,2025-02-08,2,26.71,53.42
5370,C1046,M,28,Halifax,Lipstick,Beauty,2025-03-28,2,16.09,32.18
5371,C0908,F,32,Winnipeg,Keyboard,Electronics,2025-06-04,1,40.77,40.77
5372,C1181,F,38,Calgary,Charger,Electronics,2025-06-09,1,20.37,20.37
5373,C0262,F,52,Ottawa,Keyboard,Electronics,2025-03-05,1,40.89,40.89
5374,C0110,M,40,Winnipeg,Kettle,Home,2025-08-11,1,29.23,29.23
5375,C0501,M,27,Toronto,Mouse,Electronics,2025-05-26,1,24.07,24.07
5376,C1390,F,21,Toronto,Air Fryer,Home,2025-07-23,1,99.74,99.74
5377,C0975,F,62,Ottawa,Smartwatch,Electronics,2025-03-08,2,169.94,339.88
5378,C0013,M,42,Edmonton,Smartwatch,Electronics,2025-01-05,1,148.12,148.12
5379,C0063,F,19,Ottawa,Sneakers,Clothing,2025-02-28,1,88.77,88.77
5380,C1048,F,55,Calgary,Serum,Beauty,2025-03-17,1,34.83,34.83
5381,C1377,F,36,Ottawa,Lipstick,Beauty,2025-09-17,1,14.63,14.63
5382,C0340,F,41,Montreal,Smartwatch,Electronics,2025-09-05,1,146.02,146.02
5383,C1043,M,25,Winnipeg,Lipstick,Beauty,2025-01-16,4,15.07,60.28
5384,C0742,F,23,Vancouver,Mascara,Beauty,2025-03-16,1,18.55,18.55
5385,C0088,F,37,Edmonton,Vacuum,Home,2025-06-25,1,140.14,140.14
5386,C0581,F,31,Calgary,Smartwatch,Electronics,2025-05-16,1,155.89,155.89
5387,C1174,M,57,Ottawa,Camera,Electronics,2025-10-04,2,347.54,695.08
5388,C0092,M,23,Edmonton,T-Shirt,Clothing,2025-10-09,2,19.77,39.54
5389,C0145,F,29,Montreal,Headphones,Electronics,2025-06-17,1,74.24,74.24
5390,C0175,M,58,Halifax,Jacket,Clothing,2025-01-30,3,97.69,293.07
5391,C1415,M,24,Edmonton,Perfume,Beauty,2025-09-26,2,49.27,98.54
5392,C1169,M,62,Ottawa,Smartwatch,Electronics,2025-01-01,1,172.75,172.75
5393,C0460,F,47,Calgary,Hoodie,Clothing,2025-06-20,1,43.36,43.36
5394,C0703,F,33,Calgary,Mouse,Electronics,2025-05-09,1,27.31,27.31
5395,C0135,M,25,Toronto,Lamp,Home,2025-06-17,1,42.5,42.5
5396,C0541,M,31,Toronto,Mouse,Electronics,2025-03-02,2,26.69,53.38
5397,C0237,M,65,Ottawa,Serum,Beauty,2025-04-27,1,34.32,34.32
5398,C0772,M,37,Winnipeg,Camera,Electronics,2025-05-03,1,349.07,349.07
5399,C1366,F,45,Halifax,Headphones,Electronics,2025-09-17,1,73.89,73.89
5400,C1065,M,23,Vancouver,Jacket,Clothing,2025-08-14,1,94.82,94.82
5401,C0246,M,47,Montreal,Shampoo,Beauty,2025-10-19,3,11,33
5402,C0828,M,21,Toronto,Sneakers,Clothing,2025-07-05,1,80.45,80.45
5403,C0459,F,53,Winnipeg,Dress,Clothing,2025-03-26,1,65.55,65.55
5404,C0965,M,20,Toronto,Serum,Beauty,2025-08-06,2,38.01,76.02
5405,C0624,F,27,Winnipeg,Charger,Electronics,2025-05-23,1,19.59,19.59
5406,C0204,F,55,Vancouver,Jeans,Clothing,2025-03-31,1,58.74,58.74
5407,C1497,F,44,Edmonton,Jacket,Clothing,2025-09-25,1,82.57,82.57
5408,C0058,F,35,Calgary,Mouse,Electronics,2025-03-17,1,24.58,24.58
5409,C1213,F,62,Ottawa,Charger,Electronics,2025-03-10,1,19.5,19.5
5410,C0685,F,28,Ottawa,Charger,Electronics,2025-10-25,1,19.4,19.4
5411,C0589,M,53,Montreal,Kettle,Home,2025-06-09,1,26.92,26.92
5412,C0048,M,57,Vancouver,Mascara,Beauty,2025-01-08,1,16.96,16.96
5413,C1114,M,52,Winnipeg,Air Fryer,Home,2025-08-07,1,102.8,102.8
5414,C0791,F,61,Winnipeg,Shampoo,Beauty,2025-03-29,4,12.34,49.36
5415,C0545,F,30,Edmonton,Lotion,Beauty,2025-05-21,1,21.68,21.68
5416,C0180,M,40,Vancouver,Smartwatch,Electronics,2025-01-29,2,160.28,320.56
5417,C1140,F,60,Vancouver,Mouse,Electronics,2025-01-13,2,23.99,47.98
5418,C0028,M,26,Calgary,Smartwatch,Electronics,2025-03-04,1,149.09,149.09
5419,C1139,M,21,Vancouver,Smartwatch,Electronics,2025-06-24,2,170.56,341.12
5420,C0900,M,60,Calgary,Camera,Electronics,2025-08-04,2,350.18,700.36
5421,C0220,M,57,Ottawa,Perfume,Beauty,2025-08-23,1,43.64,43.64
5422,C1203,M,48,Winnipeg,Smartwatch,Electronics,2025-03-28,5,153.31,766.55
5423,C0394,F,20,Halifax,Jacket,Clothing,2025-03-15,1,91.83,91.83
5424,C0820,M,53,Winnipeg,Mouse,Electronics,2025-10-21,1,26.38,26.38
5425,C0712,M,34,Calgary,Headphones,Electronics,2025-03-10,2,69.38,138.76
5426,C0706,F,33,Ottawa,Camera,Electronics,2025-03-10,1,328.32,328.32
5427,C0594,M,56,Halifax,Dress,Clothing,2025-08-11,2,62.6,125.2
5428,C0066,F,19,Winnipeg,Mascara,Beauty,2025-10-12,3,19.66,58.98
5429,C1046,M,22,Montreal,Toaster,Home,2025-05-02,4,32.66,130.64
5430,C1360,F,50,Vancouver,Blender,Home,2025-09-20,1,93.46,93.46
5431,C1125,F,30,Montreal,Air Fryer,Home,2025-08-09,4,107.63,430.52
5432,C1376,M,29,Vancouver,Lipstick,Beauty,2025-06-13,1,15.67,15.67
5433,C1200,M,36,Edmonton,Vacuum,Home,2025-09-20,1,152.17,152.17
5434,C0272,F,39,Montreal,Mascara,Beauty,2025-04-02,1,17.95,17.95
5435,C1073,F,57,Toronto,Smartwatch,Electronics,2025-09-23,2,166.34,332.68
5436,C1378,M,25,Toronto,Air Fryer,Home,2025-03-15,1,107.71,107.71
5437,C0575,M,61,Calgary,Perfume,Beauty,2025-03-31,1,41.63,41.63
5438,C0936,F,21,Edmonton,Jacket,Clothing,2025-10-23,1,89.8,89.8
5439,C0312,M,24,Halifax,Lotion,Beauty,2025-05-09,1,20.09,20.09
5440,C1378,M,65,Montreal,T-Shirt,Clothing,2025-02-18,4,18.81,75.24
5441,C0876,M,39,Vancouver,Camera,Electronics,2025-03-27,1,347.88,347.88
5442,C0845,M,35,Ottawa,Mascara,Beauty,2025-05-24,1,17.02,17.02
5443,C1061,F,23,Calgary,Serum,Beauty,2025-05-15,2,37.31,74.62
5444,C0908,M,21,Halifax,Hoodie,Clothing,2025-04-25,1,41.89,41.89
5445,C0719,M,58,Edmonton,Perfume,Beauty,2025-10-04,2,45.32,90.64
5446,C1373,M,62,Calgary,Perfume,Beauty,2025-03-07,1,43.27,43.27
5447,C0354,M,29,Edmonton,Mouse,Electronics,2025-07-06,1,24.95,24.95
5448,C0364,F,65,Toronto,Kettle,Home,2025-07-20,1,26.46,26.46
5449,C0586,F,54,Halifax,Smartwatch,Electronics,2025-05-18,1,145.72,145.72
5450,C1301,F,19,Edmonton,Perfume,Beauty,2025-02-21,2,47.51,95.02
5451,C0203,M,20,Montreal,Mouse,Electronics,2025-08-01,1,25.71,25.71
5452,C0945,F,62,Montreal,Lipstick,Beauty,2025-06-07,3,14.52,43.56
5453,C0509,F,38,Halifax,Mascara,Beauty,2025-10-17,1,16.37,16.37
5454,C0615,F,56,Edmonton,Charger,Electronics,2025-07-25,1,21.46,21.46
5455,C0175,M,30,Calgary,Air Fryer,Home,2025-05-16,2,102.74,205.48
5456,C1235,F,65,Winnipeg,Shampoo,Beauty,2025-03-16,2,13.03,26.06
5457,C1277,F,31,Toronto,Headphones,Electronics,2025-03-10,2,69.7,139.4
5458,C1378,F,47,Halifax,Keyboard,Electronics,2025-10-28,2,38.72,77.44
5459,C1342,M,35,Ottawa,Hoodie,Clothing,2025-02-18,1,47.18,47.18
5460,C1390,M,30,Toronto,T-Shirt,Clothing,2025-07-21,2,21.51,43.02
5461,C1178,M,31,Montreal,Jeans,Clothing,2025-03-03,1,53.58,53.58
5462,C1320,M,58,Ottawa,Serum,Beauty,2025-06-16,1,37.3,37.3
5463,C0946,F,57,Winnipeg,Shampoo,Beauty,2025-07-24,3,11.84,35.52
5464,C0952,F,42,Winnipeg,Camera,Electronics,2025-05-29,1,347.03,347.03
5465,C0365,F,54,Calgary,Perfume,Beauty,2025-05-01,2,46.73,93.46
5466,C0934,M,44,Winnipeg,Mouse,Electronics,2025-04-07,1,23.74,23.74
5467,C1365,M,40,Ottawa,Vacuum,Home,2025-02-22,1,140.55,140.55
5468,C0266,M,24,Calgary,Sneakers,Clothing,2025-01-09,1,80.42,80.42
5469,C0175,M,65,Halifax,Hoodie,Clothing,2025-09-08,1,42.87,42.87
5470,C0983,F,27,Toronto,Headphones,Electronics,2025-05-04,1,66.22,66.22
5471,C0508,F,42,Ottawa,Kettle,Home,2025-05-02,1,28.89,28.89
5472,C1388,M,52,Vancouver,Mouse,Electronics,2025-07-18,2,23.08,46.16
5473,C0251,M,41,Montreal,Perfume,Beauty,2025-04-05,1,43.99,43.99
5474,C0519,M,59,Calgary,Kettle,Home,2025-01-30,1,28.7,28.7
5475,C0486,F,28,Ottawa,Lipstick,Beauty,2025-04-02,2,14.37,28.74
5476,C0197,M,37,Ottawa,Mouse,Electronics,2025-03-25,3,22.83,68.49
5477,C1299,F,27,Winnipeg,Keyboard,Electronics,2025-01-15,1,36.65,36.65
5478,C1390,F,38,Edmonton,Toaster,Home,2025-05-23,3,32.38,97.14
5479,C1003,F,45,Vancouver,Air Fryer,Home,2025-07-28,1,117.39,117.39
5480,C1022,F,45,Winnipeg,Charger,Electronics,2025-01-23,1,20.63,20.63
5481,C0255,F,44,Edmonton,Jeans,Clothing,2025-05-24,2,50.21,100.42
5482,C1110,F,50,Edmonton,Mouse,Electronics,2025-03-28,3,24.46,73.38
5483,C0868,F,21,Edmonton,Charger,Electronics,2025-07-12,1,19.11,19.11
5484,C0181,F,52,Toronto,Toaster,Home,2025-06-22,1,35.55,35.55
5485,C0149,F,37,Vancouver,Blender,Home,2025-09-20,1,85.39,85.39
5486,C1362,F,23,Ottawa,T-Shirt,Clothing,2025-10-22,1,19.92,19.92
5487,C0614,M,23,Montreal,Serum,Beauty,2025-02-19,2,36.59,73.18
5488,C1115,F,34,Ottawa,Blender,Home,2025-02-17,1,78.84,78.84
5489,C0549,M,36,Ottawa,Lamp,Home,2025-02-18,1,41.94,41.94
5490,C1073,F,34,Ottawa,Hoodie,Clothing,2025-06-17,1,48.42,48.42
5491,C1063,F,20,Edmonton,Shampoo,Beauty,2025-06-16,3,13.07,39.21
5492,C0555,M,63,Vancouver,Toaster,Home,2025-03-23,1,31.91,31.91
5493,C1230,M,51,Halifax,Mouse,Electronics,2025-03-04,2,26.2,52.4
5494,C1022,M,21,Winnipeg,Lotion,Beauty,2025-08-16,3,20.91,62.73
5495,C0226,F,40,Vancouver,Camera,Electronics,2025-08-02,1,348.62,348.62
5496,C0438,M,35,Calgary,Camera,Electronics,2025-05-10,2,304.19,608.38
5497,C0032,M,51,Calgary,Headphones,Electronics,2025-06-03,2,73.39,146.78
5498,C1119,F,46,Edmonton,Sneakers,Clothing,2025-08-30,1,77.43,77.43
5499,C1457,M,61,Winnipeg,Charger,Electronics,2025-04-06,1,20.52,20.52
5500,C0002,F,32,Edmonton,Vacuum,Home,2025-08-20,2,145.53,291.06
5501,C0303,M,62,Calgary,Keyboard,Electronics,2025-08-26,1,42.15,42.15
5502,C0487,F,28,Ottawa,Mascara,Beauty,2025-01-18,1,19.31,19.31
5503,C0611,M,56,Calgary,Serum,Beauty,2025-09-03,1,36.97,36.97
5504,C0390,F,26,Winnipeg,Headphones,Electronics,2025-03-01,2,70.36,140.72
5505,C0730,F,64,Calgary,Keyboard,Electronics,2025-05-10,1,36.94,36.94
5506,C0734,F,52,Halifax,Lotion,Beauty,2025-02-18,1,19.67,19.67
5507,C1321,M,27,Toronto,Camera,Electronics,2025-06-15,1,311.09,311.09
5508,C0512,F,57,Halifax,Mouse,Electronics,2025-06-17,2,23.42,46.84
5509,C0810,F,55,Edmonton,Shampoo,Beauty,2025-09-10,1,12.95,12.95
5510,C0990,M,46,Edmonton,Headphones,Electronics,2025-03-05,1,65.07,65.07
5511,C0584,F,63,Vancouver,Shampoo,Beauty,2025-02-02,1,12.33,12.33
5512,C1249,F,23,Calgary,Jacket,Clothing,2025-02-27,1,97.02,97.02
5513,C0650,F,36,Vancouver,Hoodie,Clothing,2025-03-05,1,48.71,48.71
5514,C1234,F,43,Montreal,Vacuum,Home,2025-05-05,2,158.8,317.6
5515,C1136,F,26,Edmonton,Shampoo,Beauty,2025-03-02,2,11.22,22.44
5516,C0740,F,58,Toronto,Air Fryer,Home,2025-09-06,2,116.98,233.96
5517,C0503,F,65,Montreal,T-Shirt,Clothing,2025-05-18,1,19.11,19.11
5518,C0331,F,62,Edmonton,Blender,Home,2025-03-07,1,92.18,92.18
5519,C0392,F,30,Vancouver,Lotion,Beauty,2025-06-28,4,20.84,83.36
5520,C0769,F,43,Vancouver,Lamp,Home,2025-10-13,1,42.28,42.28
5521,C0709,M,61,Montreal,Jacket,Clothing,2025-10-08,2,82.53,165.06
5522,C0451,F,37,Calgary,Keyboard,Electronics,2025-06-20,3,40.66,121.98
5523,C0283,F,19,Toronto,Vacuum,Home,2025-08-31,2,159.63,319.26
5524,C0365,M,21,Halifax,Mouse,Electronics,2025-04-30,1,26.81,26.81
5525,C0189,F,24,Vancouver,Keyboard,Electronics,2025-07-11,1,36.23,36.23
5526,C0125,F,36,Ottawa,Perfume,Beauty,2025-07-06,1,48.95,48.95
5527,C0940,F,52,Toronto,Toaster,Home,2025-08-15,2,31.8,63.6
5528,C0487,F,28,Montreal,Lipstick,Beauty,2025-09-23,2,15.34,30.68
5529,C0936,M,36,Vancouver,Charger,Electronics,2025-07-11,2,20.77,41.54
5530,C0907,M,49,Halifax,Charger,Electronics,2025-08-28,1,18.43,18.43
5531,C0877,M,31,Vancouver,Camera,Electronics,2025-04-04,2,291.07,582.14
5532,C0651,F,22,Edmonton,Serum,Beauty,2025-05-06,2,40.17,80.34
5533,C0614,F,42,Montreal,Vacuum,Home,2025-04-09,1,146.54,146.54
5534,C1335,F,31,Ottawa,Air Fryer,Home,2025-08-31,1,101.36,101.36
5535,C0408,M,56,Edmonton,Shampoo,Beauty,2025-01-20,2,12.63,25.26
5536,C1342,M,29,Ottawa,Mascara,Beauty,2025-04-27,1,19.26,19.26
5537,C1171,M,37,Vancouver,Shampoo,Beauty,2025-04-09,1,12.21,12.21
5538,C0501,F,35,Calgary,Hoodie,Clothing,2025-06-04,1,41.95,41.95
5539,C1376,F,18,Ottawa,Camera,Electronics,2025-07-04,2,288.97,577.94
5540,C0808,F,60,Ottawa,Camera,Electronics,2025-01-03,1,332.85,332.85
5541,C0358,F,21,Winnipeg,Lipstick,Beauty,2025-06-06,1,15.15,15.15
5542,C0273,M,29,Calgary,Blender,Home,2025-06-24,2,87.56,175.12
5543,C0867,M,43,Winnipeg,Sneakers,Clothing,2025-03-10,2,90.32,180.64
5544,C0510,F,49,Edmonton,Hoodie,Clothing,2025-01-21,2,44.41,88.82
5545,C1036,M,54,Ottawa,Kettle,Home,2025-10-25,1,25.9,25.9
5546,C1167,M,32,Calgary,Shampoo,Beauty,2025-04-28,1,13.06,13.06
5547,C1191,M,52,Winnipeg,Lotion,Beauty,2025-10-04,2,20.18,40.36
5548,C0269,M,43,Montreal,Lipstick,Beauty,2025-05-10,4,15.35,61.4
5549,C0094,M,32,Edmonton,Shampoo,Beauty,2025-07-25,1,13.04,13.04
5550,C0106,F,25,Toronto,Perfume,Beauty,2025-07-16,1,48.88,48.88
5551,C1337,F,45,Toronto,Mascara,Beauty,2025-05-15,1,18.26,18.26
5552,C0236,F,47,Montreal,Camera,Electronics,2025-07-22,2,307.05,614.1
5553,C0060,F,60,Ottawa,Dress,Clothing,2025-02-04,1,65.97,65.97
5554,C0696,M,61,Toronto,Kettle,Home,2025-01-30,1,29.01,29.01
5555,C1433,M,20,Montreal,Hoodie,Clothing,2025-09-14,1,44.18,44.18
5556,C1384,F,23,Toronto,Toaster,Home,2025-07-01,1,35.42,35.42
5557,C1257,M,48,Ottawa,Lotion,Beauty,2025-07-27,1,19.66,19.66
5558,C0948,F,43,Edmonton,Toaster,Home,2025-05-09,4,37.72,150.88
5559,C1125,F,25,Calgary,Mascara,Beauty,2025-03-04,2,17.94,35.88
5560,C0745,F,56,Winnipeg,Air Fryer,Home,2025-03-18,1,117.12,117.12
5561,C0087,F,46,Montreal,Charger,Electronics,2025-01-15,1,21.36,21.36
5562,C0748,F,34,Edmonton,T-Shirt,Clothing,2025-02-28,1,21.3,21.3
5563,C1132,M,33,Toronto,Perfume,Beauty,2025-05-31,2,47,94
5564,C1478,F,62,Ottawa,Shampoo,Beauty,2025-04-18,1,12.85,12.85
5565,C0649,M,21,Edmonton,Dress,Clothing,2025-04-17,5,58.65,293.25
5566,C0377,M,27,Toronto,Serum,Beauty,2025-05-19,2,35.07,70.14
5567,C0387,F,33,Ottawa,Air Fryer,Home,2025-10-07,1,117.53,117.53
5568,C0063,M,36,Halifax,Vacuum,Home,2025-03-13,2,149.95,299.9
5569,C0230,F,56,Ottawa,Jacket,Clothing,2025-04-21,2,83.29,166.58
5570,C0375,F,30,Ottawa,Jeans,Clothing,2025-08-14,1,50.77,50.77
5571,C0238,M,21,Ottawa,Jeans,Clothing,2025-04-16,1,51.25,51.25
5572,C0861,M,49,Montreal,Perfume,Beauty,2025-06-08,1,47.26,47.26
5573,C0247,M,35,Edmonton,Jacket,Clothing,2025-05-30,1,93.8,93.8
5574,C0386,F,33,Calgary,Lamp,Home,2025-01-14,1,37.63,37.63
5575,C1062,M,42,Montreal,Blender,Home,2025-01-05,1,90.9,90.9
5576,C1268,M,33,Toronto,Lotion,Beauty,2025-05-07,1,19.13,19.13
5577,C0519,M,39,Montreal,Toaster,Home,2025-09-30,1,37.05,37.05
5578,C0360,F,41,Montreal,Jeans,Clothing,2025-07-30,3,54.88,164.64
5579,C1418,F,45,Toronto,Jeans,Clothing,2025-08-05,2,57.55,115.1
5580,C1101,F,40,Calgary,Camera,Electronics,2025-03-20,2,312.41,624.82
5581,C1467,M,38,Montreal,Serum,Beauty,2025-04-03,1,36.84,36.84
5582,C0037,F,26,Ottawa,Headphones,Electronics,2025-08-26,2,74.78,149.56
5583,C0409,F,19,Montreal,Jacket,Clothing,2025-08-22,4,81.64,326.56
5584,C1374,M,55,Winnipeg,Toaster,Home,2025-06-26,1,38.32,38.32
5585,C0844,M,45,Toronto,Charger,Electronics,2025-09-12,2,20.59,41.18
5586,C1285,M,43,Winnipeg,Lipstick,Beauty,2025-05-12,1,14.8,14.8
5587,C0824,F,44,Calgary,Charger,Electronics,2025-09-22,3,20.51,61.53
5588,C1487,F,42,Winnipeg,Headphones,Electronics,2025-10-19,3,64.72,194.16
5589,C0554,M,38,Montreal,Jeans,Clothing,2025-06-28,3,55.15,165.45
5590,C1472,M,55,Montreal,Blender,Home,2025-05-26,1,93.25,93.25
5591,C1018,F,42,Winnipeg,Headphones,Electronics,2025-05-23,1,66.29,66.29
5592,C0049,F,55,Toronto,Mouse,Electronics,2025-01-20,1,26.11,26.11
5593,C1095,M,63,Vancouver,Shampoo,Beauty,2025-02-27,1,11.84,11.84
5594,C0246,M,28,Vancouver,Sneakers,Clothing,2025-10-23,1,87.59,87.59
5595,C0002,M,45,Edmonton,Camera,Electronics,2025-03-07,1,301.11,301.11
5596,C1015,M,53,Winnipeg,Charger,Electronics,2025-01-13,2,19.88,39.76
5597,C0835,F,21,Montreal,Smartwatch,Electronics,2025-03-03,1,175.36,175.36
5598,C0062,M,36,Edmonton,Air Fryer,Home,2025-02-15,3,103.3,309.9
5599,C0880,M,41,Ottawa,Air Fryer,Home,2025-04-03,1,113,113
5600,C0539,F,39,Halifax,Blender,Home,2025-08-11,1,86.29,86.29
5601,C0342,F,65,Montreal,Serum,Beauty,2025-01-23,2,38.49,76.98
5602,C0067,F,42,Edmonton,Mouse,Electronics,2025-03-08,2,25.58,51.16
5603,C0881,F,25,Winnipeg,Perfume,Beauty,2025-04-24,1,45.02,45.02
5604,C1402,F,37,Vancouver,Kettle,Home,2025-07-25,2,25.29,50.58
5605,C0726,F,18,Montreal,Serum,Beauty,2025-03-07,1,41.04,41.04
5606,C0839,F,21,Ottawa,Headphones,Electronics,2025-02-19,3,74.58,223.74
5607,C0057,M,29,Halifax,Jacket,Clothing,2025-05-21,3,84.14,252.42
5608,C1310,M,42,Calgary,Jacket,Clothing,2025-09-15,1,88.44,88.44
5609,C1480,M,38,Montreal,Mouse,Electronics,2025-02-03,3,26.35,79.05
5610,C1479,F,36,Toronto,Charger,Electronics,2025-10-23,2,21.92,43.84
5611,C0193,F,51,Ottawa,Lipstick,Beauty,2025-09-10,4,16.35,65.4
5612,C0626,M,23,Montreal,Vacuum,Home,2025-03-10,3,161.98,485.94
5613,C1146,M,52,Vancouver,Jacket,Clothing,2025-07-08,2,83.85,167.7
5614,C0103,M,20,Edmonton,Lipstick,Beauty,2025-06-02,1,16.24,16.24
5615,C0667,F,50,Montreal,Mouse,Electronics,2025-07-22,1,26.89,26.89
5616,C0586,F,26,Edmonton,Jacket,Clothing,2025-03-18,3,87.79,263.37
5617,C0354,F,24,Vancouver,Jacket,Clothing,2025-07-10,2,88.1,176.2
5618,C0175,M,58,Winnipeg,Shampoo,Beauty,2025-01-28,1,11.9,11.9
5619,C0014,M,44,Toronto,Mouse,Electronics,2025-08-01,1,25.78,25.78
5620,C0898,M,18,Calgary,Shampoo,Beauty,2025-02-25,2,11.43,22.86
5621,C0679,M,57,Vancouver,Perfume,Beauty,2025-04-22,1,40.71,40.71
5622,C0567,M,35,Montreal,Jeans,Clothing,2025-08-31,1,51.05,51.05
5623,C1494,F,52,Halifax,Hoodie,Clothing,2025-06-03,1,44.46,44.46
5624,C1050,F,34,Toronto,Blender,Home,2025-06-04,2,81.29,162.58
5625,C0044,M,56,Halifax,Lipstick,Beauty,2025-10-09,1,15.79,15.79
5626,C0038,M,28,Ottawa,T-Shirt,Clothing,2025-09-28,1,18.43,18.43
5627,C0848,F,54,Montreal,Charger,Electronics,2025-02-19,2,21.67,43.34
5628,C0524,F,62,Halifax,Keyboard,Electronics,2025-03-09,2,43.16,86.32
5629,C1129,F,28,Edmonton,Headphones,Electronics,2025-05-12,1,75.72,75.72
5630,C1388,M,20,Halifax,Mascara,Beauty,2025-06-07,1,18.86,18.86
5631,C0490,F,30,Winnipeg,Kettle,Home,2025-09-22,1,25.8,25.8
5632,C1297,M,45,Halifax,Headphones,Electronics,2025-06-19,2,69.13,138.26
5633,C0793,M,55,Winnipeg,Perfume,Beauty,2025-09-27,1,41.68,41.68
5634,C1112,M,64,Edmonton,Serum,Beauty,2025-08-08,1,41.71,41.71
5635,C0651,F,51,Winnipeg,Lipstick,Beauty,2025-02-09,3,14.5,43.5
5636,C0658,F,45,Edmonton,Serum,Beauty,2025-10-16,3,38.65,115.95
5637,C0339,F,19,Halifax,Headphones,Electronics,2025-03-20,1,73.91,73.91
5638,C1350,M,63,Winnipeg,Jeans,Clothing,2025-08-27,1,59.63,59.63
5639,C0599,M,19,Ottawa,Serum,Beauty,2025-03-01,1,39.94,39.94
5640,C1391,M,54,Edmonton,Mascara,Beauty,2025-08-25,1,18.63,18.63
5641,C0876,F,33,Halifax,Mouse,Electronics,2025-03-17,1,24.83,24.83
5642,C0777,M,25,Halifax,Dress,Clothing,2025-02-08,1,61.26,61.26
5643,C1146,M,57,Edmonton,Smartwatch,Electronics,2025-07-18,1,147.01,147.01
5644,C0756,F,28,Vancouver,Camera,Electronics,2025-04-15,1,344.57,344.57
5645,C0559,M,62,Edmonton,Camera,Electronics,2025-03-11,3,322.8,968.4
5646,C0946,M,32,Winnipeg,Perfume,Beauty,2025-10-09,2,40.86,81.72
5647,C0320,M,21,Halifax,Perfume,Beauty,2025-02-27,1,48.78,48.78
5648,C1389,M,40,Toronto,Toaster,Home,2025-06-28,4,34.93,139.72
5649,C0303,M,25,Winnipeg,Kettle,Home,2025-08-10,2,30.06,60.12
5650,C1099,F,33,Halifax,Charger,Electronics,2025-05-24,3,21.43,64.29
5651,C1475,F,33,Calgary,Blender,Home,2025-10-31,1,90.37,90.37
5652,C1405,M,41,Montreal,Lamp,Home,2025-01-27,1,36.49,36.49
5653,C1322,F,27,Toronto,Serum,Beauty,2025-06-10,1,36.08,36.08
5654,C0305,M,51,Toronto,Camera,Electronics,2025-05-31,1,344.04,344.04
5655,C0030,F,35,Calgary,Lipstick,Beauty,2025-06-22,1,16.2,16.2
5656,C0008,F,33,Edmonton,Perfume,Beauty,2025-07-30,2,44.62,89.24
5657,C1445,F,53,Vancouver,Lamp,Home,2025-01-22,1,39.52,39.52
5658,C0008,M,25,Edmonton,Sneakers,Clothing,2025-10-25,2,79.48,158.96
5659,C1215,F,37,Edmonton,Sneakers,Clothing,2025-02-02,1,92.96,92.96
5660,C1152,M,40,Calgary,Kettle,Home,2025-04-19,2,26.39,52.78
5661,C0523,M,57,Calgary,Shampoo,Beauty,2025-02-16,1,11.26,11.26
5662,C0256,F,31,Winnipeg,Perfume,Beauty,2025-04-06,4,46.45,185.8
5663,C0233,F,33,Calgary,Dress,Clothing,2025-05-05,1,56.91,56.91
5664,C0377,F,55,Edmonton,Keyboard,Electronics,2025-10-22,4,43.51,174.04
5665,C0698,F,35,Ottawa,Toaster,Home,2025-10-29,1,31.58,31.58
5666,C0633,M,57,Winnipeg,Kettle,Home,2025-01-25,2,25.23,50.46
5667,C0679,M,47,Halifax,Lamp,Home,2025-03-23,1,40.04,40.04
5668,C0656,F,53,Winnipeg,T-Shirt,Clothing,2025-02-27,2,19.95,39.9
5669,C0839,F,53,Edmonton,Shampoo,Beauty,2025-01-26,2,11.19,22.38
5670,C1376,M,56,Montreal,Toaster,Home,2025-10-24,2,34.96,69.92
5671,C0430,F,57,Calgary,Dress,Clothing,2025-02-13,1,58.94,58.94
5672,C1046,M,58,Montreal,Smartwatch,Electronics,2025-03-26,2,172.49,344.98
5673,C1293,M,18,Edmonton,Toaster,Home,2025-01-22,1,31.56,31.56
5674,C1106,F,34,Halifax,Keyboard,Electronics,2025-08-14,1,43.81,43.81
5675,C0511,M,45,Edmonton,Sneakers,Clothing,2025-02-06,1,87.11,87.11
5676,C0013,F,24,Halifax,Perfume,Beauty,2025-04-11,1,41.87,41.87
5677,C0994,F,37,Calgary,Camera,Electronics,2025-05-22,2,290.99,581.98
5678,C0925,M,59,Vancouver,Serum,Beauty,2025-01-04,1,38.29,38.29
5679,C0943,M,41,Vancouver,Blender,Home,2025-01-24,1,80.49,80.49
5680,C1221,F,18,Calgary,Serum,Beauty,2025-07-10,2,36.49,72.98
5681,C1014,F,35,Toronto,Mascara,Beauty,2025-09-26,4,17.08,68.32
5682,C0267,M,43,Montreal,Smartwatch,Electronics,2025-01-27,2,164.81,329.62
5683,C1075,F,31,Halifax,Sneakers,Clothing,2025-03-22,2,85.91,171.82
5684,C1212,F,36,Vancouver,Perfume,Beauty,2025-05-01,1,41.2,41.2
5685,C0303,F,35,Ottawa,Serum,Beauty,2025-03-10,2,38.2,76.4
5686,C0004,F,62,Toronto,Kettle,Home,2025-03-13,4,29.63,118.52
5687,C1367,F,24,Halifax,Camera,Electronics,2025-09-03,1,293.2,293.2
5688,C0031,M,19,Winnipeg,Jacket,Clothing,2025-09-03,1,97.02,97.02
5689,C0202,F,24,Vancouver,Shampoo,Beauty,2025-09-10,3,12.19,36.57
5690,C0542,M,45,Toronto,Vacuum,Home,2025-03-14,4,163.52,654.08
5691,C0157,F,45,Halifax,Serum,Beauty,2025-10-01,1,35.33,35.33
5692,C1067,F,59,Edmonton,Shampoo,Beauty,2025-01-16,1,13.18,13.18
5693,C1109,F,34,Halifax,Blender,Home,2025-06-28,2,87.45,174.9
5694,C0406,F,47,Montreal,Smartwatch,Electronics,2025-02-09,1,162.16,162.16
5695,C0688,F,38,Edmonton,Blender,Home,2025-02-08,1,85.26,85.26
5696,C0743,F,54,Edmonton,Headphones,Electronics,2025-02-25,2,63.33,126.66
5697,C1384,M,26,Toronto,Camera,Electronics,2025-08-21,1,348.14,348.14
5698,C0432,F,53,Halifax,Headphones,Electronics,2025-02-23,1,72.02,72.02
5699,C0953,F,39,Ottawa,T-Shirt,Clothing,2025-06-21,5,18.37,91.85
5700,C0150,F,32,Halifax,Mouse,Electronics,2025-10-29,2,22.6,45.2
5701,C0923,M,31,Winnipeg,Keyboard,Electronics,2025-07-08,3,36.41,109.23
5702,C0319,M,44,Halifax,Headphones,Electronics,2025-02-12,2,71.53,143.06
5703,C1284,F,35,Toronto,Keyboard,Electronics,2025-01-04,2,40.91,81.82
5704,C0858,F,27,Edmonton,Lipstick,Beauty,2025-09-18,2,15,30
5705,C0487,M,65,Winnipeg,Jacket,Clothing,2025-02-27,1,86.52,86.52
5706,C0977,F,39,Vancouver,Serum,Beauty,2025-02-06,2,38.24,76.48
5707,C0003,M,40,Winnipeg,Dress,Clothing,2025-08-23,1,60.2,60.2
5708,C1361,M,59,Ottawa,Lotion,Beauty,2025-09-22,2,18.08,36.16
5709,C0936,M,58,Edmonton,Blender,Home,2025-01-15,1,81.3,81.3
5710,C0339,F,65,Montreal,Jeans,Clothing,2025-03-29,1,50.09,50.09
5711,C0999,F,22,Vancouver,Lotion,Beauty,2025-04-09,1,21.6,21.6
5712,C0764,F,42,Montreal,Sneakers,Clothing,2025-04-15,2,88.83,177.66
5713,C0911,M,18,Edmonton,Mouse,Electronics,2025-08-05,4,27.48,109.92
5714,C0307,F,41,Halifax,Sneakers,Clothing,2025-07-10,4,81.64,326.56
5715,C1315,M,50,Calgary,Kettle,Home,2025-08-03,1,30.12,30.12
5716,C1406,M,54,Vancouver,Headphones,Electronics,2025-07-17,1,71.44,71.44
5717,C0901,M,24,Toronto,Mascara,Beauty,2025-04-15,1,17.83,17.83
5718,C1198,F,41,Montreal,Keyboard,Electronics,2025-01-27,1,37.78,37.78
5719,C0024,F,32,Toronto,Perfume,Beauty,2025-07-01,2,47.15,94.3
5720,C1026,F,28,Winnipeg,Lipstick,Beauty,2025-03-24,3,16.21,48.63
5721,C1188,F,61,Winnipeg,Mascara,Beauty,2025-06-08,1,17.05,17.05
5722,C1008,M,34,Halifax,Keyboard,Electronics,2025-08-18,1,37.4,37.4
5723,C1375,F,40,Edmonton,Blender,Home,2025-08-23,1,88.34,88.34
5724,C1118,F,21,Ottawa,Lipstick,Beauty,2025-10-15,1,16.43,16.43
5725,C0204,F,48,Montreal,Serum,Beauty,2025-01-18,2,39.9,79.8
5726,C1147,F,51,Montreal,Blender,Home,2025-10-11,2,81.34,162.68
5727,C0037,F,27,Ottawa,Lotion,Beauty,2025-03-12,2,19.68,39.36
5728,C0630,F,54,Ottawa,Perfume,Beauty,2025-08-03,1,43.96,43.96
5729,C0953,M,27,Ottawa,Shampoo,Beauty,2025-04-27,1,12.85,12.85
5730,C0853,M,59,Edmonton,Dress,Clothing,2025-04-10,1,63.26,63.26
5731,C1164,F,28,Ottawa,Jacket,Clothing,2025-03-29,1,91.6,91.6
5732,C0634,F,48,Winnipeg,Keyboard,Electronics,2025-06-02,2,38.2,76.4
5733,C0744,M,27,Halifax,Kettle,Home,2025-10-22,2,30.45,60.9
5734,C1253,F,60,Halifax,Charger,Electronics,2025-06-26,2,20.61,41.22
5735,C0419,F,55,Calgary,Air Fryer,Home,2025-05-12,1,120.35,120.35
5736,C0885,M,59,Halifax,Toaster,Home,2025-05-02,2,35.56,71.12
5737,C0328,M,25,Montreal,Kettle,Home,2025-07-30,1,29.8,29.8
5738,C1179,M,28,Edmonton,Mascara,Beauty,2025-03-09,1,19.13,19.13
5739,C1380,M,37,Edmonton,Mascara,Beauty,2025-02-26,1,17.41,17.41
5740,C1031,M,41,Winnipeg,Charger,Electronics,2025-01-13,1,21.86,21.86
5741,C0515,M,24,Calgary,Jeans,Clothing,2025-07-12,2,49.74,99.48
5742,C0004,F,38,Winnipeg,Mouse,Electronics,2025-03-04,2,26.34,52.68
5743,C0728,F,61,Calgary,Jacket,Clothing,2025-06-02,1,98.38,98.38
5744,C0776,F,23,Halifax,Dress,Clothing,2025-01-23,1,58.07,58.07
5745,C0045,F,48,Winnipeg,Lotion,Beauty,2025-01-30,1,20.59,20.59
5746,C0205,M,29,Toronto,Air Fryer,Home,2025-07-08,1,111.37,111.37
5747,C1225,M,54,Montreal,Lamp,Home,2025-04-19,1,42.09,42.09
5748,C0916,F,30,Montreal,Sneakers,Clothing,2025-03-01,2,91.23,182.46
5749,C0250,M,48,Halifax,T-Shirt,Clothing,2025-03-07,1,20.41,20.41
5750,C1236,M,26,Edmonton,Lamp,Home,2025-06-15,2,42.53,85.06
5751,C1157,F,44,Montreal,Shampoo,Beauty,2025-05-21,1,11.55,11.55
5752,C0686,F,34,Montreal,Kettle,Home,2025-02-21,1,26.48,26.48
5753,C1093,F,25,Ottawa,Mascara,Beauty,2025-06-29,1,17.75,17.75
5754,C0291,M,44,Winnipeg,Air Fryer,Home,2025-02-01,2,113.91,227.82
5755,C0655,M,57,Vancouver,Dress,Clothing,2025-08-02,1,56.25,56.25
5756,C0332,M,32,Halifax,Headphones,Electronics,2025-09-22,1,72.52,72.52
5757,C0430,M,56,Toronto,Kettle,Home,2025-01-17,3,27.41,82.23
5758,C0760,M,23,Toronto,Mouse,Electronics,2025-05-06,1,26.48,26.48
5759,C0740,M,49,Ottawa,Keyboard,Electronics,2025-03-23,3,36.29,108.87
5760,C1469,M,65,Winnipeg,Camera,Electronics,2025-02-09,1,330.75,330.75
5761,C1195,F,25,Calgary,Kettle,Home,2025-04-14,2,28.84,57.68
5762,C0378,M,52,Vancouver,Dress,Clothing,2025-08-07,1,65.29,65.29
5763,C0847,F,48,Toronto,Jacket,Clothing,2025-07-01,1,93.84,93.84
5764,C0206,M,59,Halifax,Serum,Beauty,2025-06-05,1,40.25,40.25
5765,C1046,M,43,Calgary,Hoodie,Clothing,2025-06-27,1,48.64,48.64
5766,C1161,M,59,Winnipeg,Vacuum,Home,2025-01-18,2,155.25,310.5
5767,C1327,F,41,Halifax,Mascara,Beauty,2025-05-21,3,17.24,51.72
5768,C0003,M,19,Montreal,Perfume,Beauty,2025-06-10,1,48.33,48.33
5769,C1460,F,58,Edmonton,Shampoo,Beauty,2025-08-02,1,12.59,12.59
5770,C0799,F,18,Vancouver,Dress,Clothing,2025-08-10,1,59.09,59.09
5771,C1037,M,27,Vancouver,Blender,Home,2025-09-19,2,88.58,177.16
5772,C0514,F,40,Edmonton,Lamp,Home,2025-02-14,1,42.94,42.94
5773,C1391,F,50,Montreal,Lipstick,Beauty,2025-07-06,1,16.43,16.43
5774,C0974,M,61,Halifax,Toaster,Home,2025-08-29,2,38.17,76.34
5775,C0775,M,54,Halifax,Serum,Beauty,2025-08-13,1,36.67,36.67
5776,C0797,M,28,Toronto,Camera,Electronics,2025-02-17,1,314.99,314.99
5777,C0900,M,37,Winnipeg,Lamp,Home,2025-04-21,1,36.88,36.88
5778,C1156,F,43,Vancouver,Perfume,Beauty,2025-03-24,2,42.73,85.46
5779,C0856,M,63,Ottawa,Sneakers,Clothing,2025-04-14,1,91.5,91.5
5780,C0917,M,64,Ottawa,Lipstick,Beauty,2025-03-15,3,14.58,43.74
5781,C0685,M,19,Ottawa,Lamp,Home,2025-02-24,1,40.96,40.96
5782,C1407,M,42,Edmonton,Keyboard,Electronics,2025-01-02,1,41.33,41.33
5783,C0924,F,21,Vancouver,Headphones,Electronics,2025-08-30,2,73.95,147.9
5784,C0264,M,36,Toronto,Serum,Beauty,2025-09-15,1,35.59,35.59
5785,C0554,M,30,Edmonton,Perfume,Beauty,2025-01-10,1,43.24,43.24
5786,C1169,M,36,Calgary,T-Shirt,Clothing,2025-03-17,1,19.79,19.79
5787,C1417,F,30,Toronto,Lotion,Beauty,2025-09-15,1,19.46,19.46
5788,C0494,M,29,Calgary,Jacket,Clothing,2025-05-01,2,98.69,197.38
5789,C0445,F,19,Winnipeg,Jeans,Clothing,2025-08-03,1,58.68,58.68
5790,C0852,M,54,Vancouver,Perfume,Beauty,2025-09-02,2,44.82,89.64
5791,C1349,F,40,Winnipeg,Lipstick,Beauty,2025-06-29,2,16.14,32.28
5792,C0867,M,36,Montreal,Vacuum,Home,2025-10-27,2,145.43,290.86
5793,C0809,M,20,Calgary,Sneakers,Clothing,2025-10-17,2,89.86,179.72
5794,C0460,F,41,Halifax,Jacket,Clothing,2025-03-14,2,85.03,170.06
5795,C0672,F,40,Calgary,Mouse,Electronics,2025-07-28,1,26.36,26.36
5796,C1247,M,21,Toronto,Air Fryer,Home,2025-08-29,1,109.04,109.04
5797,C0735,M,35,Vancouver,Mascara,Beauty,2025-06-22,1,16.59,16.59
5798,C0961,F,29,Halifax,Sneakers,Clothing,2025-01-05,2,81.15,162.3
5799,C0581,M,52,Halifax,Dress,Clothing,2025-08-05,2,58.83,117.66
5800,C1124,F,44,Toronto,Perfume,Beauty,2025-08-02,1,47.24,47.24
5801,C0716,M,60,Vancouver,Keyboard,Electronics,2025-02-07,3,36.58,109.74
5802,C0208,M,31,Winnipeg,Perfume,Beauty,2025-03-02,1,46.44,46.44
5803,C1296,M,48,Calgary,Lipstick,Beauty,2025-04-05,1,15.65,15.65
5804,C0161,M,20,Montreal,Jacket,Clothing,2025-08-21,1,92.77,92.77
5805,C0666,M,22,Edmonton,Mouse,Electronics,2025-10-04,1,26.3,26.3
5806,C0899,M,46,Vancouver,Lotion,Beauty,2025-02-05,2,18.71,37.42
5807,C0089,M,56,Calgary,Headphones,Electronics,2025-01-01,1,71.22,71.22
5808,C0340,M,34,Edmonton,Hoodie,Clothing,2025-05-30,1,48.97,48.97
5809,C1071,F,36,Edmonton,Kettle,Home,2025-08-03,5,28.62,143.1
5810,C1142,F,52,Montreal,Camera,Electronics,2025-02-15,2,327.13,654.26
5811,C0171,M,50,Toronto,Mascara,Beauty,2025-03-06,1,18.85,18.85
5812,C0417,F,25,Toronto,Dress,Clothing,2025-01-06,1,58,58
5813,C0517,M,54,Vancouver,T-Shirt,Clothing,2025-03-22,1,20.8,20.8
5814,C0772,M,52,Vancouver,Keyboard,Electronics,2025-07-08,4,43.33,173.32
5815,C0570,M,37,Vancouver,Lipstick,Beauty,2025-05-31,3,13.53,40.59
5816,C0436,M,34,Toronto,Mascara,Beauty,2025-05-28,2,19.33,38.66
5817,C0200,F,62,Halifax,Shampoo,Beauty,2025-01-28,1,11.32,11.32
5818,C1483,F,30,Vancouver,Smartwatch,Electronics,2025-06-14,1,158.59,158.59
5819,C0434,M,21,Calgary,T-Shirt,Clothing,2025-05-15,1,21.41,21.41
5820,C1435,F,47,Edmonton,Camera,Electronics,2025-09-11,1,340.73,340.73
5821,C0379,F,23,Ottawa,Sneakers,Clothing,2025-07-31,1,91.66,91.66
5822,C0830,F,19,Halifax,Charger,Electronics,2025-10-07,2,21.76,43.52
5823,C0890,M,32,Ottawa,Air Fryer,Home,2025-03-21,1,108.84,108.84
5824,C1172,F,51,Vancouver,Lamp,Home,2025-09-26,1,41.25,41.25
5825,C0816,F,37,Calgary,Lotion,Beauty,2025-01-15,2,19.56,39.12
5826,C1243,M,33,Calgary,Mouse,Electronics,2025-03-28,1,24.25,24.25
5827,C0177,F,60,Calgary,Blender,Home,2025-08-11,2,83.84,167.68
5828,C1490,F,46,Edmonton,Perfume,Beauty,2025-04-01,1,47.19,47.19
5829,C0794,F,44,Montreal,Charger,Electronics,2025-09-23,1,20.01,20.01
5830,C0890,F,18,Winnipeg,Mouse,Electronics,2025-04-16,1,26.57,26.57
5831,C1187,M,30,Edmonton,Hoodie,Clothing,2025-09-10,4,47.21,188.84
5832,C1308,M,57,Calgary,Charger,Electronics,2025-07-18,2,18.08,36.16
5833,C0887,F,49,Halifax,Sneakers,Clothing,2025-02-25,1,87.21,87.21
5834,C0410,F,20,Toronto,Smartwatch,Electronics,2025-08-27,1,157.97,157.97
5835,C0698,F,31,Winnipeg,Vacuum,Home,2025-08-06,2,148.7,297.4
5836,C0006,M,45,Toronto,Camera,Electronics,2025-07-31,1,340.38,340.38
5837,C1074,M,63,Halifax,Hoodie,Clothing,2025-07-08,4,45.43,181.72
5838,C0817,M,43,Calgary,Mouse,Electronics,2025-04-12,4,26.93,107.72
5839,C0442,M,38,Ottawa,Blender,Home,2025-05-23,2,88.62,177.24
5840,C0046,M,63,Montreal,Toaster,Home,2025-10-12,4,35.37,141.48
5841,C0217,F,28,Halifax,Camera,Electronics,2025-03-11,1,336.29,336.29
5842,C1233,F,44,Edmonton,Lipstick,Beauty,2025-03-06,1,13.62,13.62
5843,C0346,M,61,Toronto,Perfume,Beauty,2025-07-17,1,40.74,40.74
5844,C1429,F,18,Winnipeg,Lotion,Beauty,2025-01-16,1,18.33,18.33
5845,C0608,F,50,Toronto,Jacket,Clothing,2025-09-20,4,88.88,355.52
5846,C0025,M,63,Winnipeg,Lipstick,Beauty,2025-03-01,1,14.21,14.21
5847,C1376,M,35,Toronto,Serum,Beauty,2025-01-10,3,41.68,125.04
5848,C1149,M,19,Edmonton,Blender,Home,2025-01-08,2,85.72,171.44
5849,C1087,F,21,Halifax,Mouse,Electronics,2025-03-31,1,25.81,25.81
5850,C0339,M,21,Montreal,Charger,Electronics,2025-02-06,1,19.12,19.12
5851,C0322,F,34,Calgary,Lotion,Beauty,2025-03-25,1,19.29,19.29
5852,C0163,M,65,Montreal,Sneakers,Clothing,2025-08-22,1,82.2,82.2
5853,C0336,F,33,Halifax,Jacket,Clothing,2025-09-07,1,93.58,93.58
5854,C0464,F,26,Calgary,Jeans,Clothing,2025-08-28,1,54.71,54.71
5855,C1313,F,43,Vancouver,Keyboard,Electronics,2025-04-14,1,40.14,40.14
5856,C1267,M,27,Halifax,Blender,Home,2025-07-30,2,86.56,173.12
5857,C1330,M,24,Halifax,Mascara,Beauty,2025-08-13,1,18.97,18.97
5858,C1176,F,26,Toronto,Shampoo,Beauty,2025-10-06,1,11.02,11.02
5859,C1119,F,65,Edmonton,Mascara,Beauty,2025-06-15,2,19,38
5860,C0407,F,44,Winnipeg,Mouse,Electronics,2025-10-28,1,25.32,25.32
5861,C0337,M,49,Ottawa,Camera,Electronics,2025-02-15,1,330.82,330.82
5862,C0097,F,40,Montreal,Charger,Electronics,2025-01-02,2,19.31,38.62
5863,C0805,F,44,Edmonton,Perfume,Beauty,2025-06-25,3,44.18,132.54
5864,C0356,F,42,Montreal,Smartwatch,Electronics,2025-09-30,3,151.4,454.2
5865,C1087,F,46,Edmonton,Blender,Home,2025-04-28,1,93.15,93.15
5866,C0440,M,41,Toronto,Keyboard,Electronics,2025-09-29,1,39.98,39.98
5867,C0319,F,33,Winnipeg,Kettle,Home,2025-06-22,1,30.78,30.78
5868,C0787,F,33,Toronto,Lotion,Beauty,2025-10-31,4,19.96,79.84
5869,C0917,F,45,Edmonton,Dress,Clothing,2025-06-01,1,56.64,56.64
5870,C0083,F,37,Ottawa,Headphones,Electronics,2025-07-12,1,70.1,70.1
5871,C1434,M,36,Ottawa,Mascara,Beauty,2025-04-02,3,16.34,49.02
5872,C0105,M,27,Toronto,Mascara,Beauty,2025-06-10,4,19.46,77.84
5873,C0179,F,43,Edmonton,Blender,Home,2025-04-16,2,90.42,180.84
5874,C0768,F,19,Halifax,Hoodie,Clothing,2025-08-17,1,47.03,47.03
5875,C0338,M,20,Calgary,Headphones,Electronics,2025-04-13,1,71.54,71.54
5876,C0206,F,56,Toronto,Lotion,Beauty,2025-05-12,2,20.32,40.64
5877,C0210,M,19,Ottawa,Sneakers,Clothing,2025-09-14,1,93.44,93.44
5878,C0741,M,42,Toronto,Blender,Home,2025-10-16,1,81.23,81.23
5879,C0860,M,62,Ottawa,Charger,Electronics,2025-04-11,1,21.12,21.12
5880,C0634,M,21,Vancouver,Headphones,Electronics,2025-10-28,3,71.14,213.42
5881,C0353,F,32,Calgary,Perfume,Beauty,2025-01-21,1,49.28,49.28
5882,C1414,F,35,Edmonton,Kettle,Home,2025-09-06,2,29.84,59.68
5883,C0647,F,24,Ottawa,Headphones,Electronics,2025-07-11,1,76.98,76.98
5884,C1469,M,44,Edmonton,Dress,Clothing,2025-03-14,1,61.06,61.06
5885,C0603,F,35,Winnipeg,Headphones,Electronics,2025-06-17,4,65.86,263.44
5886,C1126,M,24,Winnipeg,Mouse,Electronics,2025-03-03,1,25.02,25.02
5887,C0161,M,46,Halifax,Smartwatch,Electronics,2025-06-20,2,166.76,333.52
5888,C0908,M,58,Montreal,Dress,Clothing,2025-05-01,1,63.29,63.29
5889,C1381,F,61,Montreal,T-Shirt,Clothing,2025-08-04,1,18,18
5890,C0143,F,50,Edmonton,Mouse,Electronics,2025-06-23,2,25.03,50.06
5891,C1002,F,19,Calgary,Vacuum,Home,2025-01-24,2,142.06,284.12
5892,C1437,M,35,Calgary,Keyboard,Electronics,2025-05-18,2,43,86
5893,C1283,M,63,Montreal,Camera,Electronics,2025-04-09,1,297.79,297.79
5894,C0666,F,40,Edmonton,Lotion,Beauty,2025-02-26,1,20.67,20.67
5895,C1145,M,23,Edmonton,Charger,Electronics,2025-09-04,3,19.06,57.18
5896,C0813,M,60,Halifax,Mascara,Beauty,2025-06-21,1,17.48,17.48
5897,C0646,M,42,Edmonton,Jeans,Clothing,2025-07-20,2,59.85,119.7
5898,C0099,F,36,Edmonton,Smartwatch,Electronics,2025-04-17,1,151.69,151.69
5899,C0216,F,25,Halifax,Jacket,Clothing,2025-02-17,3,82.71,248.13
5900,C0738,F,54,Edmonton,Keyboard,Electronics,2025-10-13,3,36.55,109.65
5901,C0438,M,43,Vancouver,Lamp,Home,2025-02-15,1,40.04,40.04
5902,C0472,M,46,Halifax,Mouse,Electronics,2025-04-30,2,25.71,51.42
5903,C0403,F,45,Winnipeg,Serum,Beauty,2025-03-01,1,36.69,36.69
5904,C0013,F,24,Vancouver,Mouse,Electronics,2025-05-27,1,25.95,25.95
5905,C0313,F,53,Ottawa,Lipstick,Beauty,2025-04-14,1,13.68,13.68
5906,C0235,M,32,Calgary,Kettle,Home,2025-03-09,1,30,30
5907,C1107,F,50,Montreal,Mouse,Electronics,2025-06-11,1,26.58,26.58
5908,C0243,M,22,Halifax,Toaster,Home,2025-08-03,1,38.4,38.4
5909,C0341,F,46,Edmonton,Shampoo,Beauty,2025-04-28,1,13.05,13.05
5910,C1248,F,34,Halifax,Lipstick,Beauty,2025-08-25,1,14.57,14.57
5911,C0185,M,62,Edmonton,Charger,Electronics,2025-08-06,1,19.6,19.6
5912,C0686,F,44,Winnipeg,Jacket,Clothing,2025-05-04,1,94.43,94.43
5913,C0780,M,34,Calgary,Lamp,Home,2025-04-27,2,37.07,74.14
5914,C1437,M,21,Montreal,Mouse,Electronics,2025-09-20,2,24.07,48.14
5915,C1121,F,29,Montreal,Keyboard,Electronics,2025-06-19,3,36.95,110.85
5916,C0321,F,40,Ottawa,Mascara,Beauty,2025-07-15,1,17.84,17.84
5917,C0127,M,28,Halifax,Jeans,Clothing,2025-05-30,1,55.57,55.57
5918,C0900,F,53,Calgary,Blender,Home,2025-09-03,2,80.09,160.18
5919,C0973,M,29,Vancouver,Keyboard,Electronics,2025-10-09,2,36.21,72.42
5920,C0215,M,26,Winnipeg,Camera,Electronics,2025-07-10,1,334.04,334.04
5921,C0540,F,41,Calgary,Lipstick,Beauty,2025-06-23,2,13.56,27.12
5922,C1074,F,35,Winnipeg,Sneakers,Clothing,2025-03-22,1,93.05,93.05
5923,C0268,F,44,Winnipeg,Mascara,Beauty,2025-06-21,1,17,17
5924,C0083,M,26,Halifax,Kettle,Home,2025-06-13,2,28.92,57.84
5925,C0244,F,50,Montreal,Mascara,Beauty,2025-10-24,1,17.77,17.77
5926,C0225,F,23,Vancouver,Vacuum,Home,2025-04-21,1,136.79,136.79
5927,C0990,F,50,Montreal,Lamp,Home,2025-07-26,1,39.78,39.78
5928,C1387,M,57,Winnipeg,Kettle,Home,2025-03-11,1,28.09,28.09
5929,C0111,M,23,Calgary,Vacuum,Home,2025-04-08,1,160.64,160.64
5930,C1391,F,21,Winnipeg,Sneakers,Clothing,2025-01-05,1,88.95,88.95
5931,C0390,F,20,Montreal,Lotion,Beauty,2025-07-04,4,18.32,73.28
5932,C0324,F,30,Halifax,Smartwatch,Electronics,2025-07-23,2,150.69,301.38
5933,C0588,F,43,Edmonton,Mascara,Beauty,2025-01-12,1,17.32,17.32
5934,C0023,M,51,Toronto,Jeans,Clothing,2025-08-27,1,50.78,50.78
5935,C0156,F,30,Winnipeg,Mouse,Electronics,2025-10-07,1,24.78,24.78
5936,C1227,M,64,Vancouver,Blender,Home,2025-04-25,2,93.23,186.46
5937,C0732,M,25,Halifax,Toaster,Home,2025-07-29,1,35.1,35.1
5938,C0098,F,29,Halifax,Serum,Beauty,2025-05-13,1,39.84,39.84
5939,C0304,F,25,Edmonton,Shampoo,Beauty,2025-08-11,1,12.44,12.44
5940,C0162,F,36,Ottawa,Mouse,Electronics,2025-06-30,1,26.75,26.75
5941,C0604,F,58,Toronto,Keyboard,Electronics,2025-01-28,2,37.73,75.46
5942,C1466,M,27,Edmonton,Lotion,Beauty,2025-07-12,2,21.02,42.04
5943,C0674,M,49,Montreal,Lotion,Beauty,2025-10-28,3,21.53,64.59
5944,C1081,M,38,Calgary,Jeans,Clothing,2025-09-13,1,51.39,51.39
5945,C0745,F,40,Winnipeg,Jeans,Clothing,2025-04-21,2,53.31,106.62
5946,C0541,M,44,Montreal,Headphones,Electronics,2025-07-13,1,76.58,76.58
5947,C0858,M,42,Ottawa,Camera,Electronics,2025-05-04,1,337.97,337.97
5948,C0636,M,24,Calgary,Shampoo,Beauty,2025-04-01,1,11.48,11.48
5949,C0436,F,59,Vancouver,Air Fryer,Home,2025-05-16,1,111.41,111.41
5950,C0354,M,52,Vancouver,T-Shirt,Clothing,2025-10-10,1,19.62,19.62
5951,C1491,F,19,Montreal,Serum,Beauty,2025-08-17,2,37.92,75.84
5952,C0861,F,45,Toronto,Lotion,Beauty,2025-05-25,1,19.42,19.42
5953,C1131,M,24,Calgary,Toaster,Home,2025-08-30,1,33.46,33.46
5954,C0670,F,59,Edmonton,Air Fryer,Home,2025-01-31,3,113.84,341.52
5955,C0343,M,57,Halifax,Mascara,Beauty,2025-09-18,1,19,19
5956,C0861,F,29,Toronto,Toaster,Home,2025-03-01,2,37.62,75.24
5957,C0084,F,34,Montreal,Headphones,Electronics,2025-03-30,2,65.17,130.34
5958,C0849,F,39,Halifax,Charger,Electronics,2025-04-11,1,21.29,21.29
5959,C0410,F,26,Edmonton,Lamp,Home,2025-10-25,1,38.04,38.04
5960,C1063,F,20,Edmonton,T-Shirt,Clothing,2025-10-06,2,19.71,39.42
5961,C0033,M,39,Calgary,Mouse,Electronics,2025-05-01,2,27.01,54.02
5962,C0789,M,53,Vancouver,T-Shirt,Clothing,2025-08-31,1,19.82,19.82
5963,C1202,M,56,Vancouver,Camera,Electronics,2025-03-18,1,300.61,300.61
5964,C0384,M,35,Halifax,Kettle,Home,2025-09-30,1,26.1,26.1
5965,C0215,M,34,Montreal,Mouse,Electronics,2025-02-27,2,24.86,49.72
5966,C0858,F,44,Calgary,Hoodie,Clothing,2025-09-04,1,47.36,47.36
5967,C1225,F,52,Halifax,Jeans,Clothing,2025-04-06,3,60.47,181.41
5968,C0397,F,49,Edmonton,Shampoo,Beauty,2025-02-14,5,12.69,63.45
5969,C0826,F,20,Montreal,Hoodie,Clothing,2025-10-18,2,48.39,96.78
5970,C0684,F,30,Vancouver,Sneakers,Clothing,2025-09-15,2,89.21,178.42
5971,C0207,F,34,Edmonton,Air Fryer,Home,2025-10-30,1,118.7,118.7
5972,C1312,F,35,Edmonton,Mascara,Beauty,2025-09-16,1,16.47,16.47
5973,C0571,M,34,Ottawa,Jacket,Clothing,2025-09-03,1,97.74,97.74
5974,C1260,F,65,Toronto,Jacket,Clothing,2025-08-28,1,88.14,88.14
5975,C0429,M,33,Montreal,Camera,Electronics,2025-05-08,1,346.98,346.98
5976,C0552,M,39,Edmonton,Dress,Clothing,2025-07-21,2,54.91,109.82
5977,C0082,F,42,Ottawa,Perfume,Beauty,2025-10-03,1,46.94,46.94
5978,C1186,M,18,Vancouver,Mascara,Beauty,2025-07-26,2,18.85,37.7
5979,C0113,M,44,Winnipeg,Mouse,Electronics,2025-02-09,1,27.48,27.48
5980,C0601,M,31,Montreal,Camera,Electronics,2025-02-25,1,337.21,337.21
5981,C1423,M,45,Halifax,Blender,Home,2025-06-09,1,83,83
5982,C0472,M,64,Halifax,Shampoo,Beauty,2025-04-06,4,12.14,48.56
5983,C1289,F,53,Vancouver,Jacket,Clothing,2025-04-26,2,87.6,175.2
5984,C1113,F,60,Winnipeg,Serum,Beauty,2025-07-31,1,35.69,35.69
5985,C1391,F,49,Vancouver,Lipstick,Beauty,2025-03-28,1,14.25,14.25
5986,C0216,F,46,Montreal,Perfume,Beauty,2025-09-25,3,42.5,127.5
5987,C0270,F,34,Ottawa,Keyboard,Electronics,2025-02-13,1,40.39,40.39
5988,C0901,F,45,Montreal,Sneakers,Clothing,2025-03-24,1,91.9,91.9
5989,C0816,M,58,Winnipeg,Blender,Home,2025-07-30,1,92.02,92.02
5990,C0825,F,38,Halifax,Jacket,Clothing,2025-01-09,1,81.99,81.99
5991,C0572,M,41,Halifax,Perfume,Beauty,2025-06-06,1,41.22,41.22
5992,C1480,F,63,Halifax,Camera,Electronics,2025-07-08,1,303.69,303.69
5993,C0337,F,52,Winnipeg,Mouse,Electronics,2025-05-11,2,23.78,47.56
5994,C0758,F,37,Winnipeg,Headphones,Electronics,2025-08-03,1,64.33,64.33
5995,C0299,F,39,Halifax,Lipstick,Beauty,2025-04-25,2,14.67,29.34
5996,C1238,M,21,Halifax,Lamp,Home,2025-05-03,1,40.7,40.7
5997,C0594,M,33,Edmonton,Headphones,Electronics,2025-07-11,1,71.09,71.09
5998,C0859,F,38,Vancouver,Vacuum,Home,2025-05-28,1,151.3,151.3
5999,C0064,M,61,Calgary,Charger,Electronics,2025-01-28,2,19.35,38.7
6000,C0770,M,38,Vancouver,Lotion,Beauty,2025-05-04,1,20.83,20.83
6001,C0630,F,57,Edmonton,Lamp,Home,2025-03-18,1,42.61,42.61
6002,C0832,F,58,Winnipeg,Perfume,Beauty,2025-03-16,1,43.62,43.62
6003,C0328,F,28,Montreal,Jeans,Clothing,2025-07-05,2,50.44,100.88
6004,C0853,F,54,Ottawa,Air Fryer,Home,2025-02-08,1,105.52,105.52
6005,C0536,M,61,Vancouver,Lipstick,Beauty,2025-08-22,1,13.91,13.91
6006,C1410,M,39,Ottawa,T-Shirt,Clothing,2025-09-05,1,19.87,19.87
6007,C1339,M,37,Edmonton,Mouse,Electronics,2025-05-11,2,23.28,46.56
6008,C0614,M,19,Ottawa,Mascara,Beauty,2025-01-05,1,17.87,17.87
6009,C0418,M,60,Halifax,Toaster,Home,2025-09-16,2,33.05,66.1
6010,C0312,F,28,Halifax,Lipstick,Beauty,2025-09-02,2,15.72,31.44
6011,C1484,M,38,Toronto,Hoodie,Clothing,2025-03-19,3,40.75,122.25
6012,C0370,F,50,Edmonton,Jacket,Clothing,2025-04-25,1,90.99,90.99
6013,C0005,F,34,Ottawa,T-Shirt,Clothing,2025-01-04,1,18.68,18.68
6014,C0109,F,53,Vancouver,Camera,Electronics,2025-05-11,2,288.06,576.12
6015,C0183,F,31,Vancouver,Keyboard,Electronics,2025-08-15,1,42.95,42.95
6016,C1316,F,54,Montreal,Vacuum,Home,2025-05-08,1,155.15,155.15
6017,C0840,F,48,Montreal,Mascara,Beauty,2025-01-09,1,16.56,16.56
6018,C1109,M,21,Halifax,Camera,Electronics,2025-04-28,3,330.5,991.5
6019,C1198,F,23,Winnipeg,Smartwatch,Electronics,2025-07-07,1,163.57,163.57
6020,C0564,F,38,Ottawa,Lipstick,Beauty,2025-05-19,1,14.92,14.92
6021,C0644,F,30,Edmonton,Charger,Electronics,2025-05-05,2,19.68,39.36
6022,C0184,F,55,Edmonton,Hoodie,Clothing,2025-08-11,1,48.48,48.48
6023,C1291,M,32,Calgary,T-Shirt,Clothing,2025-09-16,3,18.98,56.94
6024,C0470,F,22,Winnipeg,Mascara,Beauty,2025-03-08,1,17.63,17.63
6025,C1129,F,55,Edmonton,Mascara,Beauty,2025-03-26,2,17.38,34.76
6026,C0178,M,41,Winnipeg,Lipstick,Beauty,2025-03-03,1,15.81,15.81
6027,C1406,M,35,Edmonton,T-Shirt,Clothing,2025-01-14,2,21.67,43.34
6028,C1137,F,46,Vancouver,Shampoo,Beauty,2025-05-02,3,12.84,38.52
6029,C0286,M,49,Ottawa,Air Fryer,Home,2025-10-06,2,116.55,233.1
6030,C0123,M,24,Edmonton,Shampoo,Beauty,2025-05-03,2,13.17,26.34
6031,C0088,M,47,Montreal,Air Fryer,Home,2025-03-18,1,114.34,114.34
6032,C0537,F,55,Vancouver,Camera,Electronics,2025-09-29,3,336.07,1008.21
6033,C0542,M,43,Toronto,Blender,Home,2025-05-26,2,93.21,186.42
6034,C0679,M,25,Winnipeg,Lipstick,Beauty,2025-09-26,3,13.52,40.56
6035,C0892,M,42,Edmonton,Toaster,Home,2025-02-25,2,35.94,71.88
6036,C0420,F,47,Montreal,Shampoo,Beauty,2025-08-06,1,12.57,12.57
6037,C0692,M,41,Edmonton,Toaster,Home,2025-06-22,2,37.92,75.84
6038,C0517,M,47,Toronto,Jeans,Clothing,2025-02-09,1,59.22,59.22
6039,C0714,M,22,Vancouver,Serum,Beauty,2025-06-08,2,40.6,81.2
6040,C1280,F,21,Calgary,Sneakers,Clothing,2025-02-01,1,92.58,92.58
6041,C0654,F,59,Winnipeg,Keyboard,Electronics,2025-09-05,1,40.3,40.3
6042,C0916,F,26,Ottawa,Serum,Beauty,2025-05-09,4,34.25,137
6043,C0100,M,50,Ottawa,Charger,Electronics,2025-10-18,3,18.04,54.12
6044,C1012,F,46,Calgary,Lotion,Beauty,2025-02-05,3,20.18,60.54
6045,C1305,M,48,Ottawa,Toaster,Home,2025-03-07,2,34.55,69.1
6046,C0169,F,61,Edmonton,Kettle,Home,2025-10-12,2,27.73,55.46
6047,C1390,F,36,Halifax,Lipstick,Beauty,2025-06-06,2,14.7,29.4
6048,C1407,M,62,Edmonton,Headphones,Electronics,2025-02-12,1,75.85,75.85
6049,C0325,F,64,Ottawa,Hoodie,Clothing,2025-10-02,3,43.73,131.19
6050,C1257,F,19,Winnipeg,Sneakers,Clothing,2025-05-01,3,91.06,273.18
6051,C1115,F,37,Toronto,Smartwatch,Electronics,2025-07-11,2,172.89,345.78
6052,C0770,F,29,Ottawa,Jeans,Clothing,2025-01-31,3,54.99,164.97
6053,C0908,F,38,Halifax,Charger,Electronics,2025-01-19,1,19.79,19.79
6054,C0028,F,48,Toronto,Mouse,Electronics,2025-10-12,1,26.31,26.31
6055,C0044,M,53,Ottawa,T-Shirt,Clothing,2025-03-14,4,20.83,83.32
6056,C0653,M,37,Edmonton,Smartwatch,Electronics,2025-03-17,1,154.51,154.51
6057,C0811,M,61,Ottawa,Smartwatch,Electronics,2025-07-07,2,147.28,294.56
6058,C0311,F,37,Halifax,Headphones,Electronics,2025-06-28,1,66.71,66.71
6059,C0832,M,62,Montreal,Jacket,Clothing,2025-05-17,2,83.36,166.72
6060,C1397,M,53,Winnipeg,Dress,Clothing,2025-06-11,2,57.54,115.08
6061,C0297,F,63,Winnipeg,Keyboard,Electronics,2025-10-17,2,38.09,76.18
6062,C1068,F,35,Halifax,Mouse,Electronics,2025-02-16,1,25.69,25.69
6063,C0011,F,23,Winnipeg,Smartwatch,Electronics,2025-01-24,1,174.54,174.54
6064,C0787,F,50,Calgary,Camera,Electronics,2025-10-11,2,331.89,663.78
6065,C0381,M,27,Montreal,Lipstick,Beauty,2025-06-23,3,16.28,48.84
6066,C0923,M,35,Ottawa,Kettle,Home,2025-09-19,1,29.59,29.59
6067,C0505,M,51,Halifax,Camera,Electronics,2025-08-18,1,334.58,334.58
6068,C0199,F,32,Toronto,Mouse,Electronics,2025-07-10,1,24.57,24.57
6069,C1493,M,20,Halifax,Perfume,Beauty,2025-04-28,3,43.42,130.26
6070,C1145,F,25,Ottawa,Serum,Beauty,2025-02-22,2,40.63,81.26
6071,C1038,M,28,Winnipeg,Dress,Clothing,2025-07-11,4,64.86,259.44
6072,C0477,M,63,Vancouver,Camera,Electronics,2025-03-01,1,316.92,316.92
6073,C1432,F,49,Vancouver,Mascara,Beauty,2025-01-11,1,16.23,16.23
6074,C0576,M,65,Vancouver,Charger,Electronics,2025-09-17,2,21.17,42.34
6075,C0732,F,59,Vancouver,Smartwatch,Electronics,2025-09-27,1,153.12,153.12
6076,C0664,M,34,Winnipeg,Mascara,Beauty,2025-05-21,1,16.24,16.24
6077,C0095,F,64,Ottawa,Headphones,Electronics,2025-05-23,1,74.27,74.27
6078,C0268,M,47,Vancouver,Camera,Electronics,2025-04-23,1,321.11,321.11
6079,C0193,M,60,Calgary,Headphones,Electronics,2025-09-21,1,72.59,72.59
6080,C0444,F,25,Ottawa,Charger,Electronics,2025-01-11,1,21.66,21.66
6081,C1082,F,57,Montreal,Smartwatch,Electronics,2025-04-09,1,161.32,161.32
6082,C0989,M,24,Halifax,T-Shirt,Clothing,2025-01-23,1,20.01,20.01
6083,C0094,F,37,Halifax,Mouse,Electronics,2025-08-27,2,23.95,47.9
6084,C0298,M,29,Ottawa,Serum,Beauty,2025-04-19,1,36.52,36.52
6085,C0513,M,38,Toronto,Shampoo,Beauty,2025-09-20,1,12.71,12.71
6086,C1430,F,45,Winnipeg,Keyboard,Electronics,2025-06-09,1,39.59,39.59
6087,C1386,M,45,Winnipeg,Kettle,Home,2025-08-08,1,26.12,26.12
6088,C1352,M,33,Calgary,Serum,Beauty,2025-06-21,2,34.92,69.84
6089,C0909,M,65,Ottawa,Air Fryer,Home,2025-04-04,3,109.4,328.2
6090,C0206,F,27,Montreal,Lipstick,Beauty,2025-05-02,2,14.89,29.78
6091,C1217,F,39,Toronto,Headphones,Electronics,2025-10-27,1,72.15,72.15
6092,C0224,F,24,Edmonton,Vacuum,Home,2025-07-16,1,149.13,149.13
6093,C0038,F,21,Toronto,Mouse,Electronics,2025-02-20,1,23.22,23.22
6094,C0448,M,41,Halifax,Camera,Electronics,2025-01-20,4,320.5,1282
6095,C0844,F,51,Halifax,Mascara,Beauty,2025-01-30,2,19.46,38.92
6096,C0820,M,58,Montreal,Toaster,Home,2025-10-27,1,32.62,32.62
6097,C1007,M,64,Winnipeg,Serum,Beauty,2025-03-27,1,39.44,39.44
6098,C0111,M,31,Edmonton,Dress,Clothing,2025-08-18,1,61.13,61.13
6099,C0252,M,61,Montreal,Perfume,Beauty,2025-06-06,1,47.24,47.24
6100,C1496,M,34,Montreal,Jacket,Clothing,2025-06-30,2,83.71,167.42
6101,C0492,F,62,Winnipeg,Smartwatch,Electronics,2025-04-22,1,174.13,174.13
6102,C0596,M,25,Montreal,Lamp,Home,2025-05-19,2,40.97,81.94
6103,C0364,F,59,Winnipeg,Charger,Electronics,2025-01-10,1,21.39,21.39
6104,C1184,M,30,Vancouver,Jeans,Clothing,2025-10-18,1,52.21,52.21
6105,C0512,M,24,Calgary,Lotion,Beauty,2025-08-26,1,20.96,20.96
6106,C0667,F,20,Halifax,Perfume,Beauty,2025-05-12,2,47.53,95.06
6107,C0098,M,41,Montreal,Keyboard,Electronics,2025-07-04,1,39.18,39.18
6108,C1021,F,64,Vancouver,Lotion,Beauty,2025-10-22,1,19.54,19.54
6109,C0598,M,41,Ottawa,Shampoo,Beauty,2025-07-27,2,12.38,24.76
6110,C0259,M,24,Toronto,Sneakers,Clothing,2025-09-07,1,78.09,78.09
6111,C0081,F,47,Winnipeg,Dress,Clothing,2025-03-30,1,62.83,62.83
6112,C1486,M,22,Winnipeg,Keyboard,Electronics,2025-02-05,1,36.34,36.34
6113,C0859,M,57,Ottawa,Dress,Clothing,2025-01-04,2,56.29,112.58
6114,C0359,M,38,Ottawa,Charger,Electronics,2025-08-22,1,20.66,20.66
6115,C0468,M,25,Edmonton,Serum,Beauty,2025-09-26,2,34.95,69.9
6116,C0366,F,24,Halifax,Lamp,Home,2025-03-11,1,43.77,43.77
6117,C1119,F,56,Vancouver,Lamp,Home,2025-01-07,1,42.95,42.95
6118,C1311,F,19,Vancouver,T-Shirt,Clothing,2025-06-05,2,20.51,41.02
6119,C0704,F,60,Montreal,Shampoo,Beauty,2025-10-20,2,12.77,25.54
6120,C0043,F,29,Montreal,Kettle,Home,2025-10-13,3,30.17,90.51
6121,C1182,F,45,Vancouver,Mascara,Beauty,2025-03-15,1,17.13,17.13
6122,C0235,M,61,Calgary,Shampoo,Beauty,2025-01-12,1,12.84,12.84
6123,C0475,M,36,Edmonton,Perfume,Beauty,2025-04-22,2,42.25,84.5
6124,C0895,F,45,Edmonton,Sneakers,Clothing,2025-01-30,1,83.53,83.53
6125,C0957,M,52,Halifax,Jacket,Clothing,2025-02-05,1,91.05,91.05
6126,C1436,F,29,Montreal,Air Fryer,Home,2025-08-18,1,114.71,114.71
6127,C0394,M,45,Halifax,Camera,Electronics,2025-10-04,1,289.93,289.93
6128,C1168,M,43,Edmonton,Mouse,Electronics,2025-04-16,1,23.95,23.95
6129,C0927,F,55,Ottawa,Lipstick,Beauty,2025-10-15,3,15.33,45.99
6130,C0010,F,23,Montreal,Keyboard,Electronics,2025-09-07,2,38.86,77.72
6131,C0330,F,36,Montreal,Keyboard,Electronics,2025-03-04,3,42.2,126.6
6132,C1292,F,44,Calgary,Air Fryer,Home,2025-02-13,5,113.34,566.7
6133,C0481,F,26,Vancouver,Smartwatch,Electronics,2025-05-29,1,151.5,151.5
6134,C1180,M,58,Halifax,Serum,Beauty,2025-02-15,1,35.31,35.31
6135,C0530,F,27,Calgary,Perfume,Beauty,2025-06-24,1,46.16,46.16
6136,C0948,F,27,Winnipeg,Lipstick,Beauty,2025-06-03,3,14.85,44.55
6137,C0924,F,50,Montreal,Headphones,Electronics,2025-09-18,1,65.37,65.37
6138,C1308,F,35,Calgary,Sneakers,Clothing,2025-05-13,1,82.05,82.05
6139,C0743,F,27,Edmonton,Air Fryer,Home,2025-10-14,1,105.67,105.67
6140,C0960,F,24,Montreal,Dress,Clothing,2025-06-05,1,55.3,55.3
6141,C0270,F,57,Calgary,Camera,Electronics,2025-08-29,1,323,323
6142,C0264,F,49,Toronto,Headphones,Electronics,2025-05-07,1,73.69,73.69
6143,C0478,M,60,Halifax,Shampoo,Beauty,2025-07-12,3,12.18,36.54
6144,C0356,M,23,Toronto,T-Shirt,Clothing,2025-09-26,1,21.31,21.31
6145,C1283,F,36,Halifax,Lamp,Home,2025-05-02,4,37.02,148.08
6146,C0202,F,58,Montreal,Shampoo,Beauty,2025-05-26,1,11.85,11.85
6147,C0137,F,60,Calgary,Headphones,Electronics,2025-06-01,3,71.53,214.59
6148,C1071,M,51,Montreal,Mouse,Electronics,2025-06-06,1,25.88,25.88
6149,C0063,M,60,Calgary,Toaster,Home,2025-06-05,2,36.37,72.74
6150,C0936,F,22,Vancouver,Sneakers,Clothing,2025-04-12,1,88.89,88.89
6151,C0077,F,36,Calgary,Camera,Electronics,2025-09-09,2,329.69,659.38
6152,C0854,F,31,Calgary,Camera,Electronics,2025-09-24,3,294.03,882.09
6153,C0633,M,27,Winnipeg,Shampoo,Beauty,2025-02-28,1,12.47,12.47
6154,C1479,M,28,Montreal,Shampoo,Beauty,2025-04-15,1,12.54,12.54
6155,C0013,M,48,Calgary,Shampoo,Beauty,2025-09-26,1,13.18,13.18
6156,C0390,F,19,Montreal,Serum,Beauty,2025-02-16,1,39.47,39.47
6157,C1482,F,27,Montreal,Kettle,Home,2025-03-29,1,29.05,29.05
6158,C0669,F,38,Ottawa,Lamp,Home,2025-06-20,2,40.12,80.24
6159,C0468,F,18,Winnipeg,Serum,Beauty,2025-06-01,1,40.8,40.8
6160,C0704,F,63,Montreal,Jeans,Clothing,2025-06-25,2,60.47,120.94
6161,C0341,M,48,Calgary,Shampoo,Beauty,2025-05-25,3,12.67,38.01
6162,C1079,M,28,Halifax,Mouse,Electronics,2025-08-10,2,25.56,51.12
6163,C1437,F,60,Winnipeg,Mascara,Beauty,2025-01-15,1,16.48,16.48
6164,C1358,F,27,Halifax,Keyboard,Electronics,2025-05-18,1,41.81,41.81
6165,C0311,M,37,Toronto,Lipstick,Beauty,2025-09-07,1,15.63,15.63
6166,C0188,F,38,Vancouver,Keyboard,Electronics,2025-05-30,1,42.2,42.2
6167,C0681,M,54,Calgary,Camera,Electronics,2025-09-26,1,295.97,295.97
6168,C1030,F,54,Edmonton,Hoodie,Clothing,2025-03-22,3,46.38,139.14
6169,C0614,F,31,Winnipeg,Lotion,Beauty,2025-03-06,2,19.18,38.36
6170,C1437,M,22,Winnipeg,Lotion,Beauty,2025-05-22,1,21.04,21.04
6171,C0280,F,23,Calgary,Mascara,Beauty,2025-10-27,1,17.07,17.07
6172,C0051,M,41,Calgary,Toaster,Home,2025-09-04,1,36.29,36.29
6173,C0785,F,33,Ottawa,Lipstick,Beauty,2025-07-12,4,14.38,57.52
6174,C1252,F,40,Toronto,Jacket,Clothing,2025-10-10,4,81.16,324.64
6175,C1301,F,64,Calgary,Headphones,Electronics,2025-09-11,1,71.87,71.87
6176,C0595,F,55,Edmonton,Keyboard,Electronics,2025-06-22,1,36.91,36.91
6177,C1342,M,33,Montreal,Mouse,Electronics,2025-10-05,1,25.8,25.8
6178,C0983,F,30,Toronto,Lipstick,Beauty,2025-10-17,1,16.28,16.28
6179,C0347,F,62,Toronto,Serum,Beauty,2025-07-05,1,41.57,41.57
6180,C0117,M,25,Calgary,Mouse,Electronics,2025-08-12,2,23.68,47.36
6181,C0075,M,55,Winnipeg,Headphones,Electronics,2025-03-03,1,74.33,74.33
6182,C0474,M,49,Montreal,Lotion,Beauty,2025-03-25,2,19.41,38.82
6183,C1397,F,39,Toronto,Lotion,Beauty,2025-01-27,1,21.6,21.6
6184,C1334,M,34,Winnipeg,Jeans,Clothing,2025-05-11,2,58.16,116.32
6185,C0171,F,22,Vancouver,Perfume,Beauty,2025-05-07,2,41.17,82.34
6186,C0726,M,25,Montreal,Jacket,Clothing,2025-01-11,1,88.33,88.33
6187,C0723,M,47,Toronto,Blender,Home,2025-10-07,2,82.23,164.46
6188,C1019,F,36,Toronto,Smartwatch,Electronics,2025-10-12,1,169.13,169.13
6189,C0240,M,29,Montreal,Mascara,Beauty,2025-07-16,1,17.68,17.68
6190,C0821,M,42,Ottawa,Perfume,Beauty,2025-08-13,1,46.66,46.66
6191,C0808,F,61,Montreal,Kettle,Home,2025-09-21,1,28.57,28.57
6192,C1176,F,30,Vancouver,Blender,Home,2025-10-02,1,93.09,93.09
6193,C0076,F,21,Halifax,Toaster,Home,2025-03-09,2,38.06,76.12
6194,C0736,F,27,Ottawa,T-Shirt,Clothing,2025-08-21,1,19.71,19.71
6195,C0642,M,65,Calgary,Toaster,Home,2025-04-09,1,36.57,36.57
6196,C1275,M,45,Ottawa,Lotion,Beauty,2025-08-10,2,21.32,42.64
6197,C0838,M,22,Vancouver,Lipstick,Beauty,2025-05-04,2,16.2,32.4
6198,C0260,F,45,Vancouver,Jacket,Clothing,2025-10-31,1,82.23,82.23
6199,C0317,M,61,Halifax,Lipstick,Beauty,2025-04-12,1,14.41,14.41
6200,C0717,M,48,Vancouver,Perfume,Beauty,2025-09-21,1,43.38,43.38
6201,C1150,F,33,Toronto,Air Fryer,Home,2025-08-18,1,108.56,108.56
6202,C0704,M,40,Ottawa,Charger,Electronics,2025-05-03,3,18.68,56.04
6203,C0548,F,46,Vancouver,Dress,Clothing,2025-08-15,1,59.95,59.95
6204,C1383,F,64,Edmonton,Vacuum,Home,2025-08-16,1,154.9,154.9
6205,C0166,F,38,Ottawa,Shampoo,Beauty,2025-06-02,4,11.99,47.96
6206,C0338,F,19,Edmonton,Jacket,Clothing,2025-05-29,2,92.98,185.96
6207,C0816,F,40,Ottawa,Lipstick,Beauty,2025-01-09,1,13.7,13.7
6208,C1377,M,33,Halifax,Smartwatch,Electronics,2025-08-12,2,172.03,344.06
6209,C0414,M,28,Calgary,Mouse,Electronics,2025-01-23,2,27.2,54.4
6210,C0703,F,26,Edmonton,Mascara,Beauty,2025-07-11,1,18.42,18.42
6211,C1049,F,19,Calgary,Headphones,Electronics,2025-08-15,3,75.34,226.02
6212,C0772,F,35,Winnipeg,Shampoo,Beauty,2025-02-23,1,11.12,11.12
6213,C0632,M,30,Calgary,Charger,Electronics,2025-04-02,2,21.19,42.38
6214,C1377,F,62,Halifax,Headphones,Electronics,2025-01-15,4,64.67,258.68
6215,C0490,M,25,Edmonton,Vacuum,Home,2025-06-28,1,147.24,147.24
6216,C0725,F,27,Winnipeg,Dress,Clothing,2025-01-04,2,57.89,115.78
6217,C0449,M,44,Toronto,Lotion,Beauty,2025-04-11,2,20.34,40.68
6218,C0329,F,34,Winnipeg,Camera,Electronics,2025-05-10,2,307.3,614.6
6219,C0577,F,41,Winnipeg,Headphones,Electronics,2025-01-07,2,71.92,143.84
6220,C0367,F,38,Toronto,Shampoo,Beauty,2025-07-03,1,11.68,11.68
6221,C1112,M,18,Calgary,Toaster,Home,2025-02-04,2,37.53,75.06
6222,C0956,F,33,Vancouver,Lamp,Home,2025-08-20,2,41.07,82.14
6223,C0955,M,60,Montreal,Serum,Beauty,2025-06-03,2,35.84,71.68
6224,C0409,M,50,Edmonton,Keyboard,Electronics,2025-03-05,2,38.69,77.38
6225,C1260,F,23,Halifax,Serum,Beauty,2025-09-04,1,40.64,40.64
6226,C0050,M,29,Winnipeg,Air Fryer,Home,2025-02-25,1,107.5,107.5
6227,C0183,M,49,Toronto,Serum,Beauty,2025-08-17,2,38.27,76.54
6228,C0394,F,65,Montreal,T-Shirt,Clothing,2025-09-10,3,20.6,61.8
6229,C0990,F,28,Toronto,Kettle,Home,2025-10-20,1,27.15,27.15
6230,C0877,M,35,Ottawa,Headphones,Electronics,2025-02-21,1,67.12,67.12
6231,C0186,F,19,Winnipeg,Mouse,Electronics,2025-01-15,2,24.88,49.76
6232,C0089,M,49,Vancouver,Jeans,Clothing,2025-06-29,2,51.86,103.72
6233,C1015,M,37,Toronto,Smartwatch,Electronics,2025-03-18,2,153.09,306.18
6234,C0086,F,38,Ottawa,Lotion,Beauty,2025-08-03,1,18.25,18.25
6235,C0120,F,53,Vancouver,Camera,Electronics,2025-08-11,2,307.45,614.9
6236,C0088,M,55,Edmonton,Jacket,Clothing,2025-06-03,2,86.77,173.54
6237,C1080,M,44,Toronto,Kettle,Home,2025-02-14,2,30.59,61.18
6238,C1179,F,64,Vancouver,Kettle,Home,2025-01-21,2,28.5,57
6239,C1114,M,28,Toronto,Dress,Clothing,2025-03-22,1,63.45,63.45
6240,C0912,F,35,Calgary,T-Shirt,Clothing,2025-02-22,5,18.18,90.9
6241,C1318,F,34,Toronto,Dress,Clothing,2025-06-06,2,55.28,110.56
6242,C0361,F,51,Toronto,Shampoo,Beauty,2025-05-27,1,12.75,12.75
6243,C0708,M,62,Ottawa,Headphones,Electronics,2025-07-01,3,71.73,215.19
6244,C0535,F,43,Calgary,Lamp,Home,2025-03-19,3,37.53,112.59
6245,C0595,F,23,Montreal,Air Fryer,Home,2025-04-29,2,107.91,215.82
6246,C0696,F,60,Vancouver,Air Fryer,Home,2025-04-15,1,110.85,110.85
6247,C0735,M,47,Halifax,Lipstick,Beauty,2025-01-02,1,16.03,16.03
6248,C1112,F,56,Winnipeg,Vacuum,Home,2025-04-25,1,136.81,136.81
6249,C0971,M,49,Montreal,Lamp,Home,2025-02-01,1,40.77,40.77
6250,C0053,F,34,Halifax,Shampoo,Beauty,2025-03-03,1,12.52,12.52
6251,C0403,F,30,Montreal,Mouse,Electronics,2025-04-07,1,27.39,27.39
6252,C0873,M,63,Winnipeg,Shampoo,Beauty,2025-05-15,1,12.74,12.74
6253,C0822,M,58,Calgary,Smartwatch,Electronics,2025-04-08,3,152.84,458.52
6254,C1268,F,30,Calgary,Perfume,Beauty,2025-08-03,1,46.89,46.89
6255,C0638,F,23,Calgary,Smartwatch,Electronics,2025-03-25,1,168.42,168.42
6256,C0877,M,39,Ottawa,Keyboard,Electronics,2025-06-06,1,41.84,41.84
6257,C0713,M,50,Halifax,Lamp,Home,2025-04-17,1,42.56,42.56
6258,C0052,F,50,Ottawa,Kettle,Home,2025-05-11,3,30.26,90.78
6259,C1267,M,21,Vancouver,Sneakers,Clothing,2025-01-22,1,78.17,78.17
6260,C0402,F,31,Calgary,Mascara,Beauty,2025-03-25,2,16.58,33.16
6261,C0619,F,65,Montreal,Lipstick,Beauty,2025-03-30,2,15.89,31.78
6262,C0664,M,52,Vancouver,Hoodie,Clothing,2025-08-14,1,42.77,42.77
6263,C1137,F,44,Ottawa,Perfume,Beauty,2025-04-16,1,41.03,41.03
6264,C0902,F,23,Winnipeg,Jacket,Clothing,2025-04-11,1,88.22,88.22
6265,C0223,F,18,Winnipeg,Dress,Clothing,2025-10-23,1,63.84,63.84
6266,C0667,M,60,Toronto,Camera,Electronics,2025-05-28,1,296.1,296.1
6267,C1455,M,45,Toronto,T-Shirt,Clothing,2025-08-18,2,20.69,41.38
6268,C0174,F,46,Vancouver,Serum,Beauty,2025-03-28,1,34.23,34.23
6269,C1371,F,49,Halifax,Keyboard,Electronics,2025-01-11,1,36.88,36.88
6270,C0347,F,45,Ottawa,Lamp,Home,2025-05-16,1,38.81,38.81
6271,C0185,F,44,Vancouver,Keyboard,Electronics,2025-04-03,2,36.67,73.34
6272,C0396,M,27,Ottawa,Hoodie,Clothing,2025-10-19,1,48.11,48.11
6273,C1309,M,35,Winnipeg,Shampoo,Beauty,2025-06-02,1,12.87,12.87
6274,C0313,F,21,Winnipeg,Keyboard,Electronics,2025-04-06,2,42.04,84.08
6275,C1222,F,55,Calgary,Keyboard,Electronics,2025-03-03,1,37.94,37.94
6276,C1095,M,58,Toronto,Vacuum,Home,2025-03-28,1,150.7,150.7
6277,C0710,M,59,Halifax,Lipstick,Beauty,2025-07-30,1,14.05,14.05
6278,C0565,F,49,Montreal,Keyboard,Electronics,2025-03-24,3,38.25,114.75
6279,C1491,F,22,Calgary,Sneakers,Clothing,2025-08-15,1,85.27,85.27
6280,C0462,F,39,Montreal,Lipstick,Beauty,2025-01-12,1,15.71,15.71
6281,C0872,M,65,Vancouver,Sneakers,Clothing,2025-06-02,4,78.11,312.44
6282,C0821,F,39,Toronto,Smartwatch,Electronics,2025-01-05,1,153.49,153.49
6283,C0115,M,19,Winnipeg,Kettle,Home,2025-03-17,2,30.39,60.78
6284,C0864,M,58,Montreal,Blender,Home,2025-01-04,1,83.8,83.8
6285,C0383,F,60,Edmonton,Lotion,Beauty,2025-03-24,1,21.76,21.76
6286,C1219,F,51,Vancouver,Camera,Electronics,2025-02-04,2,351.45,702.9
6287,C1231,M,19,Ottawa,Jacket,Clothing,2025-08-30,3,90.48,271.44
6288,C1456,F,63,Calgary,Headphones,Electronics,2025-05-24,1,67.03,67.03
6289,C1486,M,53,Ottawa,Jacket,Clothing,2025-03-21,2,95.23,190.46
6290,C0111,M,57,Winnipeg,Keyboard,Electronics,2025-03-16,2,37.27,74.54
6291,C1464,F,25,Winnipeg,Perfume,Beauty,2025-10-26,1,42.77,42.77
6292,C0679,F,50,Calgary,Mouse,Electronics,2025-10-11,2,26.42,52.84
6293,C0613,M,50,Toronto,T-Shirt,Clothing,2025-08-03,1,19.73,19.73
6294,C1193,F,21,Montreal,Headphones,Electronics,2025-09-03,1,65.82,65.82
6295,C0432,M,35,Ottawa,Hoodie,Clothing,2025-08-26,1,46.36,46.36
6296,C1282,M,36,Ottawa,Hoodie,Clothing,2025-01-19,3,47.09,141.27
6297,C0790,M,27,Montreal,Keyboard,Electronics,2025-03-15,1,37,37
6298,C1479,F,59,Montreal,Mascara,Beauty,2025-02-24,2,17.2,34.4
6299,C0352,M,58,Vancouver,Blender,Home,2025-03-24,1,80.26,80.26
6300,C0123,M,47,Calgary,Keyboard,Electronics,2025-06-13,1,39.04,39.04
6301,C0701,F,39,Winnipeg,Air Fryer,Home,2025-06-16,2,115.8,231.6
6302,C0848,M,56,Winnipeg,Mouse,Electronics,2025-04-26,2,26.07,52.14
6303,C1316,M,55,Edmonton,Camera,Electronics,2025-10-24,1,330.4,330.4
6304,C0962,F,18,Halifax,Blender,Home,2025-07-07,1,76.61,76.61
6305,C0337,M,47,Edmonton,Keyboard,Electronics,2025-09-12,3,37.14,111.42
6306,C0771,F,22,Winnipeg,Mouse,Electronics,2025-01-19,1,23.62,23.62
6307,C0279,M,64,Vancouver,Smartwatch,Electronics,2025-10-29,2,152.7,305.4
6308,C0869,F,43,Ottawa,Mouse,Electronics,2025-01-04,2,23.23,46.46
6309,C1255,F,63,Montreal,Keyboard,Electronics,2025-07-09,2,39.28,78.56
6310,C0109,F,48,Winnipeg,Hoodie,Clothing,2025-10-08,3,41.18,123.54
6311,C0840,M,56,Toronto,Charger,Electronics,2025-03-04,2,21,42
6312,C1150,M,58,Ottawa,Smartwatch,Electronics,2025-09-26,1,169.21,169.21
6313,C0580,M,29,Ottawa,Vacuum,Home,2025-09-11,1,152.23,152.23
6314,C0327,F,34,Edmonton,Shampoo,Beauty,2025-04-25,1,11.02,11.02
6315,C1291,M,35,Calgary,Serum,Beauty,2025-09-17,1,40.96,40.96
6316,C0648,M,19,Vancouver,T-Shirt,Clothing,2025-01-02,3,21.86,65.58
6317,C1300,F,41,Edmonton,Kettle,Home,2025-03-08,1,26.33,26.33
6318,C0062,F,45,Calgary,Smartwatch,Electronics,2025-10-13,2,166.55,333.1
6319,C0171,M,56,Ottawa,Toaster,Home,2025-05-12,2,37.39,74.78
6320,C1116,F,27,Montreal,Mascara,Beauty,2025-02-17,2,18.14,36.28
6321,C1099,M,64,Toronto,Kettle,Home,2025-02-12,1,27.01,27.01
6322,C0121,F,50,Calgary,Camera,Electronics,2025-04-03,2,318.63,637.26
6323,C0484,F,41,Edmonton,Mouse,Electronics,2025-05-21,1,25.06,25.06
6324,C0263,F,28,Halifax,Headphones,Electronics,2025-02-16,2,68.61,137.22
6325,C0138,F,25,Halifax,Serum,Beauty,2025-08-19,1,41.27,41.27
6326,C1192,F,44,Ottawa,Perfume,Beauty,2025-08-12,3,47.19,141.57
6327,C0516,F,43,Halifax,Jacket,Clothing,2025-10-11,1,85.34,85.34
6328,C0201,F,29,Edmonton,Mouse,Electronics,2025-02-06,1,25.43,25.43
6329,C0102,F,52,Edmonton,Headphones,Electronics,2025-01-28,1,72.64,72.64
6330,C1009,F,32,Vancouver,Mascara,Beauty,2025-06-07,2,16.7,33.4
6331,C0019,F,38,Winnipeg,Serum,Beauty,2025-08-10,2,36.92,73.84
6332,C0366,F,54,Halifax,Kettle,Home,2025-01-09,1,30.27,30.27
6333,C1446,F,47,Calgary,Smartwatch,Electronics,2025-03-11,1,162.15,162.15
6334,C1383,F,22,Ottawa,Smartwatch,Electronics,2025-03-07,1,150.94,150.94
6335,C0641,F,34,Vancouver,Shampoo,Beauty,2025-04-05,1,11.09,11.09
6336,C0881,F,43,Vancouver,Vacuum,Home,2025-06-30,1,150.55,150.55
6337,C0949,F,51,Halifax,Perfume,Beauty,2025-03-11,1,45.43,45.43
6338,C0149,M,50,Toronto,Perfume,Beauty,2025-08-22,2,43.51,87.02
6339,C0497,F,35,Montreal,Charger,Electronics,2025-09-18,1,20.52,20.52
6340,C1415,M,42,Toronto,Headphones,Electronics,2025-01-20,3,63.96,191.88
6341,C0750,F,58,Vancouver,Lotion,Beauty,2025-07-05,1,18.58,18.58
6342,C0007,M,47,Calgary,Toaster,Home,2025-03-05,2,35.32,70.64
6343,C0333,F,54,Edmonton,Vacuum,Home,2025-06-27,2,136.85,273.7
6344,C1047,F,37,Montreal,T-Shirt,Clothing,2025-08-23,1,21.52,21.52
6345,C0982,M,62,Vancouver,Keyboard,Electronics,2025-09-07,1,37.14,37.14
6346,C0090,F,19,Montreal,Lotion,Beauty,2025-10-22,1,20.7,20.7
6347,C0583,F,30,Calgary,Lotion,Beauty,2025-02-09,1,19.56,19.56
6348,C1090,M,57,Ottawa,Jacket,Clothing,2025-10-14,1,88.2,88.2
6349,C0053,M,59,Ottawa,Charger,Electronics,2025-09-16,1,21.06,21.06
6350,C0403,F,37,Vancouver,Kettle,Home,2025-08-28,1,28,28
6351,C0704,M,23,Winnipeg,Lipstick,Beauty,2025-03-13,1,15.68,15.68
6352,C0142,M,28,Halifax,Mouse,Electronics,2025-01-30,1,25.03,25.03
6353,C1049,M,63,Vancouver,Lipstick,Beauty,2025-01-29,1,15.28,15.28
6354,C0762,M,42,Toronto,Smartwatch,Electronics,2025-03-28,1,168.34,168.34
6355,C0033,F,59,Vancouver,Hoodie,Clothing,2025-04-18,2,45.97,91.94
6356,C0688,M,27,Ottawa,Sneakers,Clothing,2025-01-30,2,86.97,173.94
6357,C1402,F,48,Ottawa,Charger,Electronics,2025-02-15,3,21.16,63.48
6358,C1392,F,60,Toronto,Smartwatch,Electronics,2025-05-17,1,174.37,174.37
6359,C1236,F,21,Edmonton,T-Shirt,Clothing,2025-09-20,1,19.51,19.51
6360,C0876,M,42,Calgary,Blender,Home,2025-03-04,1,86.31,86.31
6361,C1157,F,45,Montreal,Serum,Beauty,2025-02-13,1,34.86,34.86
6362,C0149,M,41,Ottawa,Camera,Electronics,2025-09-08,2,310.96,621.92
6363,C0827,M,52,Winnipeg,Lotion,Beauty,2025-07-26,1,19.65,19.65
6364,C1400,F,58,Montreal,Keyboard,Electronics,2025-02-28,2,42.68,85.36
6365,C1101,M,22,Vancouver,Mouse,Electronics,2025-07-25,2,25.07,50.14
6366,C0526,F,50,Vancouver,Headphones,Electronics,2025-03-25,4,73.23,292.92
6367,C0959,M,28,Edmonton,Headphones,Electronics,2025-01-13,1,63.27,63.27
6368,C0566,M,25,Calgary,Serum,Beauty,2025-08-25,1,37.73,37.73
6369,C0685,M,38,Edmonton,Smartwatch,Electronics,2025-06-07,1,172.84,172.84
6370,C0946,M,49,Montreal,Jacket,Clothing,2025-04-14,1,85.04,85.04
6371,C1116,M,22,Ottawa,Blender,Home,2025-02-12,3,77.04,231.12
6372,C1407,F,51,Winnipeg,Headphones,Electronics,2025-06-28,1,69.07,69.07
6373,C0641,F,26,Toronto,Sneakers,Clothing,2025-09-21,1,88.48,88.48
6374,C0508,M,55,Winnipeg,Jeans,Clothing,2025-08-31,1,54.5,54.5
6375,C0130,F,60,Ottawa,Perfume,Beauty,2025-02-06,1,44.64,44.64
6376,C1096,M,49,Halifax,Lotion,Beauty,2025-09-07,1,20.68,20.68
6377,C0767,F,27,Montreal,Lamp,Home,2025-04-30,1,38.04,38.04
6378,C0653,F,29,Halifax,T-Shirt,Clothing,2025-07-11,2,21.01,42.02
6379,C0998,F,52,Montreal,Sneakers,Clothing,2025-10-22,4,79.1,316.4
6380,C0403,M,56,Ottawa,T-Shirt,Clothing,2025-03-03,1,19.58,19.58
6381,C1150,F,35,Ottawa,Vacuum,Home,2025-07-29,1,154.68,154.68
6382,C0514,M,40,Calgary,Keyboard,Electronics,2025-10-22,1,42.63,42.63
6383,C0479,M,29,Vancouver,Shampoo,Beauty,2025-02-21,2,12.7,25.4
6384,C1034,F,48,Halifax,Perfume,Beauty,2025-07-29,1,47,47
6385,C1477,M,28,Edmonton,Headphones,Electronics,2025-10-06,3,68.03,204.09
6386,C0471,F,51,Calgary,Lamp,Home,2025-07-21,1,36.98,36.98
6387,C1398,M,44,Winnipeg,Keyboard,Electronics,2025-05-19,1,37.73,37.73
6388,C0798,M,38,Halifax,Toaster,Home,2025-01-19,1,37.55,37.55
6389,C0736,F,27,Halifax,Lipstick,Beauty,2025-04-05,5,16.07,80.35
6390,C1089,M,30,Winnipeg,Charger,Electronics,2025-05-10,1,21.81,21.81
6391,C0109,M,62,Ottawa,Lotion,Beauty,2025-04-15,1,18.3,18.3
6392,C0300,M,64,Ottawa,Headphones,Electronics,2025-07-16,1,70.52,70.52
6393,C1066,F,42,Toronto,Toaster,Home,2025-09-17,1,36.04,36.04
6394,C1283,M,30,Vancouver,Toaster,Home,2025-02-08,1,36.47,36.47
6395,C0623,M,58,Edmonton,Sneakers,Clothing,2025-05-11,2,87.45,174.9
6396,C0414,M,23,Edmonton,Lotion,Beauty,2025-06-03,3,21.08,63.24
6397,C0933,M,52,Toronto,Keyboard,Electronics,2025-02-10,3,38.88,116.64
6398,C0028,F,45,Vancouver,Camera,Electronics,2025-05-02,1,299.48,299.48
6399,C0563,F,37,Winnipeg,Headphones,Electronics,2025-09-01,1,65.86,65.86
6400,C1395,M,37,Vancouver,Hoodie,Clothing,2025-09-02,1,40.61,40.61
6401,C0213,M,58,Montreal,Toaster,Home,2025-05-24,1,33.95,33.95
6402,C0781,F,21,Vancouver,Jeans,Clothing,2025-07-05,2,50.51,101.02
6403,C0154,M,37,Edmonton,Mascara,Beauty,2025-02-04,1,17.36,17.36
6404,C0872,M,22,Winnipeg,Sneakers,Clothing,2025-07-30,3,87.18,261.54
6405,C0158,F,39,Ottawa,Lotion,Beauty,2025-02-02,2,21.58,43.16
6406,C0920,F,41,Vancouver,Hoodie,Clothing,2025-06-08,1,48.06,48.06
6407,C0294,M,61,Calgary,Mouse,Electronics,2025-07-11,2,23.76,47.52
6408,C1385,M,34,Montreal,Headphones,Electronics,2025-06-12,1,64.88,64.88
6409,C1390,F,22,Toronto,Smartwatch,Electronics,2025-09-09,1,150.18,150.18
6410,C0453,F,43,Edmonton,T-Shirt,Clothing,2025-02-08,1,21.88,21.88
6411,C0784,F,53,Winnipeg,Mascara,Beauty,2025-05-11,3,18.18,54.54
6412,C0622,M,25,Vancouver,Headphones,Electronics,2025-04-06,1,65.56,65.56
6413,C0234,F,26,Toronto,Jeans,Clothing,2025-05-21,2,58.75,117.5
6414,C0823,F,34,Ottawa,Camera,Electronics,2025-09-27,2,313.29,626.58
6415,C0177,M,25,Halifax,Lotion,Beauty,2025-06-18,2,21.6,43.2
6416,C0639,F,22,Toronto,Camera,Electronics,2025-10-02,2,304.68,609.36
6417,C0592,F,27,Vancouver,Smartwatch,Electronics,2025-04-09,1,156.58,156.58
6418,C0052,F,31,Toronto,Jacket,Clothing,2025-03-02,2,90.09,180.18
6419,C0817,F,44,Ottawa,Vacuum,Home,2025-08-05,1,161.78,161.78
6420,C1472,F,44,Halifax,Smartwatch,Electronics,2025-03-18,1,171.8,171.8
6421,C0330,M,22,Halifax,Jeans,Clothing,2025-07-27,1,55.82,55.82
6422,C0785,F,32,Halifax,Mouse,Electronics,2025-02-14,1,23.61,23.61
6423,C0822,M,45,Vancouver,Mascara,Beauty,2025-07-21,3,17.65,52.95
6424,C0296,F,22,Toronto,Mascara,Beauty,2025-07-29,1,19.71,19.71
6425,C0799,F,39,Toronto,Smartwatch,Electronics,2025-05-15,1,163.45,163.45
6426,C0346,M,29,Ottawa,Shampoo,Beauty,2025-01-22,1,12.67,12.67
6427,C0154,M,59,Calgary,Sneakers,Clothing,2025-03-01,1,84.15,84.15
6428,C0232,M,25,Calgary,Toaster,Home,2025-10-25,1,35.22,35.22
6429,C0332,M,18,Montreal,Mascara,Beauty,2025-02-28,1,17.74,17.74
6430,C1170,F,52,Ottawa,Smartwatch,Electronics,2025-08-19,3,166.49,499.47
6431,C0379,F,33,Calgary,Kettle,Home,2025-10-12,1,29.97,29.97
6432,C1400,M,47,Winnipeg,Hoodie,Clothing,2025-07-02,1,45.07,45.07
6433,C0568,F,60,Halifax,Hoodie,Clothing,2025-04-11,1,44.83,44.83
6434,C0030,F,58,Toronto,Headphones,Electronics,2025-04-24,1,67.76,67.76
6435,C1453,M,27,Winnipeg,Air Fryer,Home,2025-02-11,3,102.9,308.7
6436,C0498,F,51,Ottawa,Camera,Electronics,2025-01-29,1,348.11,348.11
6437,C0494,M,28,Toronto,Mouse,Electronics,2025-10-04,1,24.08,24.08
6438,C0564,F,37,Toronto,Lotion,Beauty,2025-04-07,1,21.2,21.2
6439,C1220,M,60,Montreal,Perfume,Beauty,2025-07-10,2,46.94,93.88
6440,C0740,F,24,Edmonton,Charger,Electronics,2025-02-07,1,21.16,21.16
6441,C1162,F,38,Montreal,Serum,Beauty,2025-07-26,1,41.32,41.32
6442,C0694,F,28,Vancouver,Lipstick,Beauty,2025-07-13,1,15.37,15.37
6443,C1215,M,54,Halifax,Blender,Home,2025-05-20,3,91.77,275.31
6444,C0671,F,40,Edmonton,Lotion,Beauty,2025-10-16,2,18.67,37.34
6445,C0704,M,61,Ottawa,Camera,Electronics,2025-09-14,1,328.11,328.11
6446,C0178,F,48,Calgary,Camera,Electronics,2025-08-13,2,337.43,674.86
6447,C0412,F,35,Winnipeg,Hoodie,Clothing,2025-01-28,1,42.94,42.94
6448,C1387,F,41,Montreal,Headphones,Electronics,2025-07-09,1,73.37,73.37
6449,C0736,F,39,Ottawa,Serum,Beauty,2025-09-02,1,40.12,40.12
6450,C0672,F,54,Halifax,Camera,Electronics,2025-02-18,2,341.2,682.4
6451,C0994,F,64,Montreal,Jeans,Clothing,2025-10-28,1,52.94,52.94
6452,C0803,F,61,Calgary,Hoodie,Clothing,2025-07-23,2,46.63,93.26
6453,C1273,F,18,Montreal,Smartwatch,Electronics,2025-04-25,1,153.74,153.74
6454,C0999,F,23,Halifax,Keyboard,Electronics,2025-01-20,2,41.91,83.82
6455,C0445,F,55,Vancouver,Jacket,Clothing,2025-03-26,1,89.33,89.33
6456,C0341,M,46,Ottawa,Lipstick,Beauty,2025-09-10,1,15.29,15.29
6457,C0800,F,60,Edmonton,Vacuum,Home,2025-02-21,1,147.48,147.48
6458,C1250,M,28,Edmonton,Mouse,Electronics,2025-05-28,1,23.31,23.31
6459,C1032,F,33,Ottawa,Serum,Beauty,2025-07-05,1,35.55,35.55
6460,C0535,F,23,Toronto,Mouse,Electronics,2025-06-22,1,22.89,22.89
6461,C0982,F,18,Winnipeg,Perfume,Beauty,2025-04-24,5,46.06,230.3
6462,C0735,M,65,Edmonton,Vacuum,Home,2025-01-02,1,160.46,160.46
6463,C1373,M,52,Edmonton,Sneakers,Clothing,2025-02-03,1,76.85,76.85
6464,C1190,F,41,Halifax,Serum,Beauty,2025-10-09,1,34.7,34.7
6465,C1299,F,55,Winnipeg,Jeans,Clothing,2025-06-10,1,54.53,54.53
6466,C0950,M,20,Vancouver,Shampoo,Beauty,2025-06-19,1,12.57,12.57
6467,C0548,M,57,Montreal,Keyboard,Electronics,2025-04-04,2,37.26,74.52
6468,C0312,M,19,Halifax,Lotion,Beauty,2025-09-05,1,19.09,19.09
6469,C0969,M,32,Toronto,T-Shirt,Clothing,2025-01-08,2,18.93,37.86
6470,C0227,M,39,Montreal,Kettle,Home,2025-04-20,1,27.43,27.43
6471,C1083,M,63,Halifax,Air Fryer,Home,2025-02-01,4,103.95,415.8
6472,C0769,F,63,Vancouver,Jeans,Clothing,2025-02-20,1,53.38,53.38
6473,C1121,F,21,Toronto,Vacuum,Home,2025-06-17,1,156.86,156.86
6474,C0721,F,41,Halifax,Dress,Clothing,2025-03-07,1,61.33,61.33
6475,C0249,F,36,Halifax,Air Fryer,Home,2025-01-31,4,100.79,403.16
6476,C0261,F,47,Calgary,Jacket,Clothing,2025-01-12,2,92.48,184.96
6477,C1427,F,39,Ottawa,Mouse,Electronics,2025-10-14,1,24.89,24.89
6478,C0058,F,56,Vancouver,Lotion,Beauty,2025-01-23,1,21.74,21.74
6479,C1081,M,65,Halifax,Headphones,Electronics,2025-06-10,3,67.05,201.15
6480,C0073,F,57,Winnipeg,Lotion,Beauty,2025-09-21,1,20.9,20.9
6481,C1414,M,44,Vancouver,Headphones,Electronics,2025-07-09,1,73.23,73.23
6482,C0853,F,32,Winnipeg,Smartwatch,Electronics,2025-08-29,2,151.09,302.18
6483,C0534,M,54,Montreal,Toaster,Home,2025-03-21,3,37.82,113.46
6484,C0053,M,18,Calgary,Shampoo,Beauty,2025-09-28,2,11.98,23.96
6485,C0569,F,29,Calgary,Lipstick,Beauty,2025-04-14,5,15.54,77.7
6486,C0894,M,26,Edmonton,Keyboard,Electronics,2025-03-19,1,37.17,37.17
6487,C0103,F,36,Vancouver,Jacket,Clothing,2025-01-12,1,85.64,85.64
6488,C1136,F,35,Vancouver,Smartwatch,Electronics,2025-10-10,2,162.76,325.52
6489,C0819,F,56,Ottawa,Charger,Electronics,2025-04-21,2,19.28,38.56
6490,C0918,M,28,Calgary,Lamp,Home,2025-09-17,2,40,80
6491,C0370,M,28,Vancouver,Air Fryer,Home,2025-07-15,3,107.23,321.69
6492,C0647,M,47,Halifax,Keyboard,Electronics,2025-07-03,1,41.12,41.12
6493,C0832,M,37,Ottawa,Charger,Electronics,2025-05-26,1,19.95,19.95
6494,C1209,M,32,Montreal,Shampoo,Beauty,2025-06-24,1,10.81,10.81
6495,C1050,F,42,Calgary,Hoodie,Clothing,2025-07-19,2,46.35,92.7
6496,C0025,F,20,Toronto,Perfume,Beauty,2025-07-07,1,44.3,44.3
6497,C0837,F,60,Toronto,Charger,Electronics,2025-04-16,2,19.37,38.74
6498,C0928,M,43,Vancouver,Perfume,Beauty,2025-03-14,1,41.35,41.35
6499,C1288,M,62,Winnipeg,Lotion,Beauty,2025-09-29,1,18.88,18.88
6500,C1244,M,45,Winnipeg,Kettle,Home,2025-08-02,1,26.45,26.45
6501,C0452,M,23,Vancouver,Lotion,Beauty,2025-07-05,2,21.74,43.48
6502,C0707,F,63,Edmonton,Serum,Beauty,2025-05-20,1,37.49,37.49
6503,C1196,F,49,Ottawa,Charger,Electronics,2025-06-16,2,18.17,36.34
6504,C1194,M,28,Winnipeg,Lipstick,Beauty,2025-05-23,1,13.92,13.92
6505,C1419,M,30,Vancouver,Shampoo,Beauty,2025-03-13,1,10.99,10.99
6506,C1136,F,34,Vancouver,T-Shirt,Clothing,2025-05-27,1,20.36,20.36
6507,C0895,M,63,Ottawa,Kettle,Home,2025-04-11,2,26.25,52.5
6508,C0683,F,63,Winnipeg,Sneakers,Clothing,2025-03-26,1,84.98,84.98
6509,C0686,M,53,Toronto,Jeans,Clothing,2025-10-22,3,53.57,160.71
6510,C0290,M,47,Halifax,Blender,Home,2025-05-23,1,90.17,90.17
6511,C0580,M,21,Ottawa,Lotion,Beauty,2025-07-14,1,19.28,19.28
6512,C0139,M,31,Halifax,Blender,Home,2025-07-03,1,84.29,84.29
6513,C1243,F,63,Halifax,T-Shirt,Clothing,2025-10-28,1,20.89,20.89
6514,C1427,F,45,Edmonton,Lamp,Home,2025-03-08,1,39.47,39.47
6515,C0498,F,24,Edmonton,Headphones,Electronics,2025-08-10,1,74.11,74.11
6516,C0841,M,33,Winnipeg,Lotion,Beauty,2025-09-19,2,20.65,41.3
6517,C1049,F,31,Calgary,Hoodie,Clothing,2025-01-22,1,44.19,44.19
6518,C0406,F,54,Calgary,Kettle,Home,2025-06-15,1,28.02,28.02
6519,C1276,F,56,Vancouver,Dress,Clothing,2025-04-12,1,65.61,65.61
6520,C0446,F,44,Vancouver,Serum,Beauty,2025-04-20,1,39.23,39.23
6521,C0677,M,47,Edmonton,Serum,Beauty,2025-06-28,1,41.08,41.08
6522,C0906,F,32,Toronto,Lipstick,Beauty,2025-06-16,4,14.04,56.16
6523,C0820,M,56,Toronto,Air Fryer,Home,2025-05-14,2,109.63,219.26
6524,C1101,F,59,Montreal,Lotion,Beauty,2025-01-30,2,21.63,43.26
6525,C1348,M,35,Calgary,Serum,Beauty,2025-03-27,1,36.65,36.65
6526,C0480,M,28,Winnipeg,Sneakers,Clothing,2025-01-09,1,92.95,92.95
6527,C0284,M,39,Calgary,Serum,Beauty,2025-05-16,1,34.94,34.94
6528,C1182,F,63,Edmonton,Dress,Clothing,2025-10-17,1,64.83,64.83
6529,C1192,M,21,Montreal,Charger,Electronics,2025-05-16,1,19.78,19.78
6530,C1173,F,20,Montreal,Dress,Clothing,2025-05-20,1,54.88,54.88
6531,C1167,F,41,Calgary,Headphones,Electronics,2025-02-12,3,75.31,225.93
6532,C0643,F,31,Halifax,T-Shirt,Clothing,2025-04-15,4,19.01,76.04
6533,C1361,F,20,Winnipeg,Hoodie,Clothing,2025-01-31,1,40.7,40.7
6534,C1487,M,48,Vancouver,Lipstick,Beauty,2025-06-19,2,13.91,27.82
6535,C0097,M,52,Halifax,Perfume,Beauty,2025-06-10,2,46.43,92.86
6536,C0453,F,48,Calgary,Shampoo,Beauty,2025-10-02,1,13.15,13.15
6537,C1288,F,29,Montreal,Vacuum,Home,2025-09-10,3,138.34,415.02
6538,C0393,M,27,Toronto,Jeans,Clothing,2025-08-07,1,54.58,54.58
6539,C1370,F,37,Ottawa,Keyboard,Electronics,2025-04-23,2,37.45,74.9
6540,C0386,M,35,Toronto,Air Fryer,Home,2025-08-08,1,115.39,115.39
6541,C0165,M,61,Winnipeg,Lotion,Beauty,2025-07-02,1,18.47,18.47
6542,C1420,M,53,Edmonton,Jeans,Clothing,2025-09-17,1,52.14,52.14
6543,C0531,F,36,Toronto,T-Shirt,Clothing,2025-01-12,3,18.79,56.37
6544,C0795,M,34,Montreal,Serum,Beauty,2025-09-03,1,38.4,38.4
6545,C0450,F,57,Calgary,Camera,Electronics,2025-09-07,1,343.88,343.88
6546,C0514,F,28,Edmonton,Serum,Beauty,2025-02-27,1,38.08,38.08
6547,C0405,F,22,Montreal,Headphones,Electronics,2025-10-31,1,63.82,63.82
6548,C0522,M,54,Montreal,Smartwatch,Electronics,2025-01-01,2,162.03,324.06
6549,C0954,M,62,Winnipeg,Mascara,Beauty,2025-07-22,2,19.07,38.14
6550,C0618,F,53,Edmonton,Charger,Electronics,2025-02-13,3,18.53,55.59
6551,C0017,F,62,Halifax,Charger,Electronics,2025-04-05,2,18.29,36.58
6552,C0204,F,65,Edmonton,Keyboard,Electronics,2025-10-21,3,37.5,112.5
6553,C1031,F,61,Edmonton,Headphones,Electronics,2025-01-09,2,73.45,146.9
6554,C1034,M,31,Vancouver,Mascara,Beauty,2025-09-19,3,18.33,54.99
6555,C0784,M,45,Edmonton,Toaster,Home,2025-09-10,1,35.28,35.28
6556,C0013,M,26,Winnipeg,Air Fryer,Home,2025-04-06,1,104.49,104.49
6557,C0189,M,55,Winnipeg,Camera,Electronics,2025-05-10,5,309.26,1546.3
6558,C1456,F,46,Vancouver,Lotion,Beauty,2025-02-05,2,21.86,43.72
6559,C0144,F,42,Ottawa,Toaster,Home,2025-04-15,3,33.18,99.54
6560,C1449,M,25,Vancouver,T-Shirt,Clothing,2025-07-18,1,21.61,21.61
6561,C0286,F,65,Ottawa,Lipstick,Beauty,2025-10-18,3,15.24,45.72
6562,C0328,M,36,Toronto,Camera,Electronics,2025-01-30,2,295.89,591.78
6563,C0695,M,19,Toronto,Mascara,Beauty,2025-04-03,1,17.88,17.88
6564,C0881,M,23,Montreal,Mouse,Electronics,2025-08-24,1,27.24,27.24
6565,C0436,F,47,Toronto,Shampoo,Beauty,2025-07-14,1,11.8,11.8
6566,C0991,F,19,Vancouver,Mouse,Electronics,2025-09-13,3,26.82,80.46
6567,C0331,F,36,Halifax,Air Fryer,Home,2025-01-31,2,104.64,209.28
6568,C1072,M,30,Vancouver,Charger,Electronics,2025-01-25,3,20.28,60.84
6569,C0775,M,25,Vancouver,Smartwatch,Electronics,2025-10-30,1,171,171
6570,C0950,M,26,Halifax,Smartwatch,Electronics,2025-01-01,3,173.46,520.38
6571,C1281,F,40,Calgary,Charger,Electronics,2025-04-28,1,19.94,19.94
6572,C1111,F,54,Vancouver,Lotion,Beauty,2025-06-14,1,20.56,20.56
6573,C1056,M,25,Edmonton,Shampoo,Beauty,2025-04-23,1,10.81,10.81
6574,C0318,F,26,Montreal,Dress,Clothing,2025-07-14,5,57.04,285.2
6575,C1167,F,33,Halifax,Mascara,Beauty,2025-05-20,1,17.2,17.2
6576,C0978,M,33,Montreal,Toaster,Home,2025-01-20,1,32.15,32.15
6577,C1116,M,29,Toronto,Hoodie,Clothing,2025-10-13,1,43.02,43.02
6578,C0189,F,42,Ottawa,Serum,Beauty,2025-08-19,1,36.64,36.64
6579,C1102,M,28,Edmonton,Keyboard,Electronics,2025-03-20,3,43.75,131.25
6580,C0845,M,35,Edmonton,Camera,Electronics,2025-05-08,1,330.79,330.79
6581,C0440,M,30,Winnipeg,Hoodie,Clothing,2025-03-26,2,44.33,88.66
6582,C0034,M,52,Edmonton,T-Shirt,Clothing,2025-03-05,3,21.95,65.85
6583,C0118,F,35,Calgary,Toaster,Home,2025-10-01,1,32.57,32.57
6584,C0024,M,60,Ottawa,Lotion,Beauty,2025-10-15,2,19.9,39.8
6585,C0779,M,47,Calgary,Kettle,Home,2025-09-10,1,28.82,28.82
6586,C0988,M,60,Edmonton,Keyboard,Electronics,2025-04-04,4,36.44,145.76
6587,C1438,M,54,Montreal,Mouse,Electronics,2025-10-16,1,26.08,26.08
6588,C1238,M,47,Winnipeg,Lotion,Beauty,2025-05-30,2,18.4,36.8
6589,C0129,F,20,Halifax,Lipstick,Beauty,2025-06-06,2,13.92,27.84
6590,C0212,F,46,Halifax,Vacuum,Home,2025-08-04,1,139.79,139.79
6591,C0453,M,42,Montreal,Mouse,Electronics,2025-09-17,1,27.14,27.14
6592,C0161,F,19,Calgary,Keyboard,Electronics,2025-04-10,1,41.47,41.47
6593,C1133,M,64,Toronto,Charger,Electronics,2025-05-02,1,20.62,20.62
6594,C1452,M,22,Vancouver,Dress,Clothing,2025-05-12,1,60.67,60.67
6595,C1088,F,48,Vancouver,Lamp,Home,2025-01-05,5,38.34,191.7
6596,C1033,M,22,Ottawa,Perfume,Beauty,2025-08-21,1,46.09,46.09
6597,C0032,F,38,Winnipeg,Mascara,Beauty,2025-06-16,1,17.68,17.68
6598,C1149,F,65,Winnipeg,Shampoo,Beauty,2025-02-26,1,11.15,11.15
6599,C1306,M,43,Montreal,Sneakers,Clothing,2025-01-31,1,88.22,88.22
6600,C0621,F,24,Vancouver,Keyboard,Electronics,2025-01-07,1,37.04,37.04
6601,C1194,F,47,Halifax,Mouse,Electronics,2025-01-12,4,23.45,93.8
6602,C1200,F,51,Montreal,Keyboard,Electronics,2025-01-10,3,42.54,127.62
6603,C0902,F,45,Winnipeg,Camera,Electronics,2025-06-06,1,330.25,330.25
6604,C0245,F,31,Edmonton,T-Shirt,Clothing,2025-08-01,1,20.52,20.52
6605,C0256,F,35,Montreal,Charger,Electronics,2025-05-21,1,19.67,19.67
6606,C0744,F,61,Montreal,Lipstick,Beauty,2025-05-07,2,14.69,29.38
6607,C1175,F,34,Vancouver,Shampoo,Beauty,2025-07-17,2,12.46,24.92
6608,C0103,F,42,Vancouver,Keyboard,Electronics,2025-05-17,2,41.92,83.84
6609,C0985,F,23,Edmonton,Dress,Clothing,2025-06-28,1,60.12,60.12
6610,C0537,M,22,Vancouver,Charger,Electronics,2025-03-29,3,21.88,65.64
6611,C1165,F,38,Calgary,Dress,Clothing,2025-09-24,1,65.47,65.47
6612,C1297,M,56,Halifax,Toaster,Home,2025-06-13,1,34.39,34.39
6613,C0620,F,37,Vancouver,Mascara,Beauty,2025-09-06,3,19.15,57.45
6614,C0027,M,28,Montreal,Lipstick,Beauty,2025-01-01,1,15.13,15.13
6615,C0651,M,22,Edmonton,Serum,Beauty,2025-10-04,1,38.09,38.09
6616,C0134,M,55,Montreal,Lamp,Home,2025-06-21,1,36.44,36.44
6617,C0293,F,56,Winnipeg,Perfume,Beauty,2025-09-19,1,45.67,45.67
6618,C1248,F,52,Edmonton,Charger,Electronics,2025-05-22,1,21.6,21.6
6619,C1392,F,52,Ottawa,Camera,Electronics,2025-04-03,1,337.93,337.93
6620,C0728,M,42,Toronto,Toaster,Home,2025-05-09,1,37,37
6621,C0715,M,47,Calgary,Lipstick,Beauty,2025-05-16,2,13.98,27.96
6622,C0106,F,19,Winnipeg,Camera,Electronics,2025-04-21,1,310.94,310.94
6623,C0477,F,37,Halifax,Charger,Electronics,2025-02-13,2,18.93,37.86
6624,C0968,F,53,Edmonton,Mouse,Electronics,2025-07-30,1,24.08,24.08
6625,C0888,F,54,Ottawa,Jacket,Clothing,2025-09-04,1,91.43,91.43
6626,C1226,M,19,Edmonton,Mascara,Beauty,2025-08-20,1,17.51,17.51
6627,C1339,F,65,Calgary,Sneakers,Clothing,2025-10-19,2,86.03,172.06
6628,C1034,F,61,Calgary,Air Fryer,Home,2025-06-19,2,108.65,217.3
6629,C1281,F,64,Montreal,Charger,Electronics,2025-08-22,1,19.15,19.15
6630,C0727,M,44,Montreal,Kettle,Home,2025-01-08,2,25.73,51.46
6631,C0146,F,49,Montreal,Camera,Electronics,2025-10-29,3,345.08,1035.24
6632,C1382,F,21,Montreal,Shampoo,Beauty,2025-04-10,1,10.83,10.83
6633,C0886,F,44,Ottawa,Lamp,Home,2025-09-10,2,36.01,72.02
6634,C0735,M,47,Toronto,Headphones,Electronics,2025-10-09,1,74.58,74.58
6635,C1397,F,20,Toronto,Kettle,Home,2025-10-18,1,30.78,30.78
6636,C0490,M,63,Edmonton,Keyboard,Electronics,2025-07-07,1,41.82,41.82
6637,C1127,F,62,Ottawa,Jeans,Clothing,2025-05-03,4,49.67,198.68
6638,C0724,F,44,Toronto,Smartwatch,Electronics,2025-05-12,1,151.25,151.25
6639,C0048,F,55,Edmonton,Shampoo,Beauty,2025-08-24,3,13.13,39.39
6640,C1209,M,53,Vancouver,Smartwatch,Electronics,2025-08-09,2,169.88,339.76
6641,C0103,M,18,Winnipeg,Toaster,Home,2025-03-03,1,35.47,35.47
6642,C1248,F,52,Winnipeg,Kettle,Home,2025-06-27,1,26.53,26.53
6643,C1401,M,29,Vancouver,Mouse,Electronics,2025-08-08,2,22.57,45.14
6644,C0983,M,52,Vancouver,Sneakers,Clothing,2025-06-20,1,76.85,76.85
6645,C0111,F,35,Montreal,Perfume,Beauty,2025-03-23,1,46.01,46.01
6646,C0322,M,63,Vancouver,Mouse,Electronics,2025-01-14,2,22.61,45.22
6647,C0763,F,54,Edmonton,Sneakers,Clothing,2025-09-27,2,93.39,186.78
6648,C1010,M,40,Calgary,Dress,Clothing,2025-02-23,2,56.2,112.4
6649,C1177,M,50,Calgary,Air Fryer,Home,2025-05-11,1,114.64,114.64
6650,C0941,F,31,Edmonton,T-Shirt,Clothing,2025-04-08,1,18.62,18.62
6651,C1380,M,61,Ottawa,Perfume,Beauty,2025-07-20,4,45.36,181.44
6652,C0937,F,18,Winnipeg,Jeans,Clothing,2025-09-18,3,50.39,151.17
6653,C0343,F,44,Halifax,Smartwatch,Electronics,2025-08-09,1,168.54,168.54
6654,C0632,F,41,Calgary,Lotion,Beauty,2025-01-05,2,20.34,40.68
6655,C1441,M,19,Edmonton,Mascara,Beauty,2025-04-27,1,16.51,16.51
6656,C0284,F,29,Winnipeg,Keyboard,Electronics,2025-10-28,1,42.79,42.79
6657,C0776,F,30,Halifax,Lipstick,Beauty,2025-07-11,1,15.14,15.14
6658,C0737,M,44,Edmonton,Charger,Electronics,2025-04-26,1,21.69,21.69
6659,C0766,M,37,Winnipeg,Lipstick,Beauty,2025-08-24,3,16.25,48.75
6660,C1181,F,64,Ottawa,Headphones,Electronics,2025-02-20,1,75.89,75.89
6661,C0880,M,65,Toronto,Headphones,Electronics,2025-01-13,1,64.09,64.09
6662,C0696,F,54,Calgary,Camera,Electronics,2025-08-06,2,295.74,591.48
6663,C1423,M,51,Edmonton,Charger,Electronics,2025-03-09,2,21.95,43.9
6664,C0805,M,23,Edmonton,Air Fryer,Home,2025-08-19,1,109.73,109.73
6665,C0915,M,25,Calgary,Hoodie,Clothing,2025-04-02,2,42.64,85.28
6666,C1387,M,38,Ottawa,Vacuum,Home,2025-04-14,2,158.09,316.18
6667,C0443,M,56,Calgary,Camera,Electronics,2025-03-19,2,304.91,609.82
6668,C1459,F,38,Halifax,Toaster,Home,2025-04-12,2,36.59,73.18
6669,C1365,M,62,Ottawa,Lotion,Beauty,2025-09-18,1,21.35,21.35
6670,C0248,M,23,Calgary,Lotion,Beauty,2025-10-31,1,21.14,21.14
6671,C0931,F,58,Winnipeg,Headphones,Electronics,2025-08-14,2,66.84,133.68
6672,C1498,M,61,Winnipeg,Sneakers,Clothing,2025-06-24,3,83.33,249.99
6673,C0118,F,47,Halifax,Mascara,Beauty,2025-03-29,1,17.69,17.69
6674,C0092,F,27,Winnipeg,Lipstick,Beauty,2025-04-28,1,14.97,14.97
6675,C1461,M,28,Edmonton,Perfume,Beauty,2025-10-07,3,42.01,126.03
6676,C0848,F,18,Montreal,Jacket,Clothing,2025-05-21,1,89.14,89.14
6677,C0984,F,27,Winnipeg,Lamp,Home,2025-04-23,1,40.09,40.09
6678,C1099,F,42,Toronto,Serum,Beauty,2025-09-06,1,38.24,38.24
6679,C0079,M,33,Winnipeg,Mouse,Electronics,2025-03-30,1,26.6,26.6
6680,C0695,M,36,Calgary,Charger,Electronics,2025-08-08,1,20.07,20.07
6681,C1103,M,27,Edmonton,Blender,Home,2025-02-20,1,80.42,80.42
6682,C0713,M,64,Toronto,Lotion,Beauty,2025-06-24,1,20.65,20.65
6683,C0205,F,31,Calgary,T-Shirt,Clothing,2025-07-28,4,21.19,84.76
6684,C0818,F,20,Halifax,Charger,Electronics,2025-04-27,3,19.28,57.84
6685,C0541,F,21,Calgary,Blender,Home,2025-10-18,3,87.47,262.41
6686,C0826,F,57,Winnipeg,Shampoo,Beauty,2025-03-27,3,11.15,33.45
6687,C1306,F,50,Winnipeg,Keyboard,Electronics,2025-05-15,2,38.74,77.48
6688,C0023,M,37,Montreal,Headphones,Electronics,2025-09-23,1,75.73,75.73
6689,C0133,M,32,Halifax,Keyboard,Electronics,2025-08-08,1,43.29,43.29
6690,C0059,M,24,Vancouver,Lipstick,Beauty,2025-10-22,1,15.23,15.23
6691,C0773,M,61,Winnipeg,Blender,Home,2025-07-05,1,88.44,88.44
6692,C0442,F,20,Vancouver,Lotion,Beauty,2025-06-12,1,21.42,21.42
6693,C0282,F,44,Toronto,Lamp,Home,2025-05-07,5,43.67,218.35
6694,C1195,M,54,Halifax,T-Shirt,Clothing,2025-04-27,1,19.96,19.96
6695,C1150,F,46,Halifax,Camera,Electronics,2025-05-17,1,323.94,323.94
6696,C0955,M,43,Toronto,Toaster,Home,2025-09-13,2,34.41,68.82
6697,C1110,M,44,Montreal,Vacuum,Home,2025-09-21,1,137.16,137.16
6698,C0621,M,42,Winnipeg,Mouse,Electronics,2025-08-10,3,24.61,73.83
6699,C0556,M,57,Winnipeg,Dress,Clothing,2025-05-30,1,63.49,63.49
6700,C0716,F,60,Ottawa,Mouse,Electronics,2025-08-24,1,26.52,26.52
6701,C0106,M,47,Toronto,Smartwatch,Electronics,2025-06-17,3,172.56,517.68
6702,C0219,F,61,Vancouver,Blender,Home,2025-03-10,2,77.37,154.74
6703,C0922,M,37,Montreal,Keyboard,Electronics,2025-07-28,1,40.22,40.22
6704,C0556,F,24,Ottawa,Keyboard,Electronics,2025-02-21,1,36.86,36.86
6705,C0729,M,46,Edmonton,Charger,Electronics,2025-09-24,2,18.8,37.6
6706,C0305,F,63,Montreal,Dress,Clothing,2025-05-30,1,64.8,64.8
6707,C0091,F,51,Vancouver,Sneakers,Clothing,2025-10-30,3,84.95,254.85
6708,C0496,F,43,Edmonton,Camera,Electronics,2025-01-13,4,336.55,1346.2
6709,C1105,M,44,Montreal,Lamp,Home,2025-04-10,1,36.52,36.52
6710,C0697,F,61,Winnipeg,Sneakers,Clothing,2025-06-22,2,83.59,167.18
6711,C0134,F,26,Halifax,Serum,Beauty,2025-08-25,3,39.32,117.96
6712,C0407,M,39,Winnipeg,Lotion,Beauty,2025-03-16,1,18.53,18.53
6713,C0338,M,29,Calgary,Vacuum,Home,2025-09-07,5,144.77,723.85
6714,C1022,F,23,Winnipeg,Hoodie,Clothing,2025-03-19,2,41.08,82.16
6715,C1090,F,23,Vancouver,T-Shirt,Clothing,2025-10-05,1,20.61,20.61
6716,C0301,F,44,Ottawa,Charger,Electronics,2025-08-30,2,21.88,43.76
6717,C1267,F,36,Winnipeg,Mascara,Beauty,2025-08-04,1,19.18,19.18
6718,C1272,M,23,Montreal,Camera,Electronics,2025-08-08,1,350.38,350.38
6719,C0516,F,34,Halifax,Serum,Beauty,2025-01-21,2,40.63,81.26
6720,C0097,F,46,Vancouver,Charger,Electronics,2025-04-02,1,21.42,21.42
6721,C1378,F,40,Vancouver,Kettle,Home,2025-10-22,2,28.43,56.86
6722,C1120,F,34,Winnipeg,Mascara,Beauty,2025-04-10,1,18.07,18.07
6723,C0953,F,38,Halifax,Dress,Clothing,2025-09-23,1,58.88,58.88
6724,C0236,F,27,Winnipeg,Camera,Electronics,2025-06-17,2,340.36,680.72
6725,C0137,M,60,Ottawa,Keyboard,Electronics,2025-02-27,4,37.46,149.84
6726,C1381,F,25,Vancouver,Lotion,Beauty,2025-03-30,3,18.22,54.66
6727,C1072,M,31,Ottawa,Charger,Electronics,2025-06-22,3,21.79,65.37
6728,C1188,F,48,Vancouver,Serum,Beauty,2025-05-25,1,34.23,34.23
6729,C0500,F,35,Montreal,Sneakers,Clothing,2025-05-01,2,93.11,186.22
6730,C0195,F,64,Ottawa,T-Shirt,Clothing,2025-09-02,1,20.92,20.92
6731,C0274,M,47,Winnipeg,Camera,Electronics,2025-09-23,1,309.02,309.02
6732,C0502,M,35,Ottawa,Lipstick,Beauty,2025-03-03,1,15.59,15.59
6733,C1497,F,42,Vancouver,Jacket,Clothing,2025-03-30,3,95.72,287.16
6734,C1004,F,54,Edmonton,Charger,Electronics,2025-03-13,1,18.98,18.98
6735,C0321,F,42,Calgary,Lipstick,Beauty,2025-06-19,1,15.81,15.81
6736,C0920,F,47,Edmonton,Mouse,Electronics,2025-06-22,1,26.52,26.52
6737,C0181,M,47,Edmonton,T-Shirt,Clothing,2025-03-17,1,19,19
6738,C0426,F,53,Ottawa,Mascara,Beauty,2025-06-07,3,16.35,49.05
6739,C0821,F,28,Calgary,Mascara,Beauty,2025-08-01,1,16.93,16.93
6740,C1000,M,65,Edmonton,Hoodie,Clothing,2025-01-09,1,42.31,42.31
6741,C0574,F,56,Toronto,Lipstick,Beauty,2025-01-03,1,13.7,13.7
6742,C1150,M,44,Montreal,Mascara,Beauty,2025-06-19,1,18.81,18.81
6743,C0995,M,33,Calgary,Charger,Electronics,2025-05-27,1,19.52,19.52
6744,C1209,F,55,Edmonton,Hoodie,Clothing,2025-01-06,1,48.46,48.46
6745,C0140,M,49,Edmonton,Camera,Electronics,2025-06-20,1,304.14,304.14
6746,C0049,F,46,Montreal,Hoodie,Clothing,2025-03-21,1,44.58,44.58
6747,C1495,M,27,Ottawa,Lamp,Home,2025-10-19,2,41.11,82.22
6748,C0497,M,47,Edmonton,Perfume,Beauty,2025-08-12,4,48.4,193.6
6749,C1174,M,28,Halifax,Jacket,Clothing,2025-10-22,1,90.44,90.44
6750,C0324,F,32,Winnipeg,Charger,Electronics,2025-02-12,1,19.49,19.49
6751,C1351,M,61,Halifax,Smartwatch,Electronics,2025-09-02,2,171.74,343.48
6752,C0919,F,40,Halifax,Camera,Electronics,2025-02-19,1,307.86,307.86
6753,C0351,M,65,Halifax,Keyboard,Electronics,2025-10-22,1,36.64,36.64
6754,C0278,M,40,Montreal,Shampoo,Beauty,2025-05-10,1,11.87,11.87
6755,C1171,F,24,Calgary,Lotion,Beauty,2025-09-09,3,21.14,63.42
6756,C0565,M,31,Edmonton,Smartwatch,Electronics,2025-06-14,2,144.98,289.96
6757,C1310,M,26,Winnipeg,T-Shirt,Clothing,2025-04-11,1,20.34,20.34
6758,C0154,F,45,Edmonton,Mouse,Electronics,2025-10-02,1,25.47,25.47
6759,C0425,F,23,Ottawa,Sneakers,Clothing,2025-03-10,1,92.29,92.29
6760,C1174,F,60,Edmonton,Headphones,Electronics,2025-02-13,1,67.01,67.01
6761,C1097,M,62,Calgary,Smartwatch,Electronics,2025-05-30,1,152.92,152.92
6762,C0302,F,39,Ottawa,Perfume,Beauty,2025-05-15,2,44.46,88.92
6763,C1082,F,35,Calgary,Perfume,Beauty,2025-08-06,1,43.71,43.71
6764,C0541,M,61,Winnipeg,Mouse,Electronics,2025-05-28,1,26.18,26.18
6765,C0914,F,55,Winnipeg,Vacuum,Home,2025-05-06,1,154.25,154.25
6766,C0671,M,39,Ottawa,Hoodie,Clothing,2025-09-06,1,47.33,47.33
6767,C1312,M,26,Edmonton,Hoodie,Clothing,2025-02-23,4,47.88,191.52
6768,C0009,M,35,Calgary,Shampoo,Beauty,2025-08-11,1,13.02,13.02
6769,C0480,F,38,Toronto,T-Shirt,Clothing,2025-07-28,1,19.72,19.72
6770,C0776,F,32,Calgary,Charger,Electronics,2025-05-24,1,21.94,21.94
6771,C1432,F,26,Calgary,Perfume,Beauty,2025-05-18,1,42.44,42.44
6772,C0068,F,59,Toronto,Jeans,Clothing,2025-08-13,3,57.36,172.08
6773,C1332,F,19,Winnipeg,Blender,Home,2025-04-12,1,85.58,85.58
6774,C0302,M,31,Montreal,Shampoo,Beauty,2025-04-09,1,12.76,12.76
6775,C0273,F,38,Ottawa,Mouse,Electronics,2025-10-10,1,24.88,24.88
6776,C0533,M,60,Edmonton,Mouse,Electronics,2025-04-01,2,26.42,52.84
6777,C0560,M,62,Winnipeg,Vacuum,Home,2025-10-24,2,162.91,325.82
6778,C0764,F,51,Winnipeg,Keyboard,Electronics,2025-07-23,2,41.86,83.72
6779,C1477,F,24,Halifax,T-Shirt,Clothing,2025-08-26,1,21.1,21.1
6780,C0517,F,32,Calgary,Lipstick,Beauty,2025-04-07,3,13.7,41.1
6781,C0478,M,56,Montreal,Camera,Electronics,2025-05-01,1,301.12,301.12
6782,C0518,M,29,Vancouver,Headphones,Electronics,2025-04-27,1,76.64,76.64
6783,C0742,F,24,Montreal,Camera,Electronics,2025-03-07,2,332.36,664.72
6784,C0968,M,22,Vancouver,Smartwatch,Electronics,2025-05-11,1,161.97,161.97
6785,C0944,F,64,Ottawa,Vacuum,Home,2025-09-24,1,146.01,146.01
6786,C0046,M,56,Halifax,Sneakers,Clothing,2025-04-02,1,77.25,77.25
6787,C1024,M,40,Vancouver,Hoodie,Clothing,2025-03-18,1,43.82,43.82
6788,C0624,F,45,Toronto,Dress,Clothing,2025-08-26,1,59.99,59.99
6789,C1481,M,51,Toronto,Hoodie,Clothing,2025-09-09,2,42.4,84.8
6790,C0447,F,42,Halifax,Headphones,Electronics,2025-08-15,1,65.42,65.42
6791,C0643,M,19,Montreal,Sneakers,Clothing,2025-05-21,2,85.14,170.28
6792,C0671,F,26,Toronto,Keyboard,Electronics,2025-02-23,3,40.69,122.07
6793,C0379,M,51,Toronto,Mouse,Electronics,2025-05-20,1,23.7,23.7
6794,C0615,M,63,Montreal,Mouse,Electronics,2025-05-26,1,25.44,25.44
6795,C0647,M,64,Calgary,Charger,Electronics,2025-10-01,3,21.6,64.8
6796,C0016,F,49,Ottawa,Camera,Electronics,2025-05-25,2,318.28,636.56
6797,C0604,F,29,Vancouver,Hoodie,Clothing,2025-06-16,1,48.22,48.22
6798,C1402,F,36,Montreal,Camera,Electronics,2025-03-27,1,347.35,347.35
6799,C0655,F,64,Winnipeg,Lotion,Beauty,2025-05-21,2,18.37,36.74
6800,C0775,M,55,Toronto,Mouse,Electronics,2025-02-14,1,22.98,22.98
6801,C0355,M,27,Vancouver,Mascara,Beauty,2025-05-08,2,17.91,35.82
6802,C0479,F,27,Calgary,Shampoo,Beauty,2025-04-27,1,12.21,12.21
6803,C1416,M,52,Edmonton,Serum,Beauty,2025-05-27,2,37.44,74.88
6804,C1208,F,58,Ottawa,Headphones,Electronics,2025-05-27,1,67.57,67.57
6805,C1488,F,54,Halifax,Keyboard,Electronics,2025-01-21,2,41.13,82.26
6806,C0610,F,49,Ottawa,Lamp,Home,2025-01-24,5,36.02,180.1
6807,C0385,F,24,Toronto,Toaster,Home,2025-06-07,1,38.28,38.28
6808,C0718,F,27,Calgary,Headphones,Electronics,2025-02-17,2,66.25,132.5
6809,C0531,M,60,Ottawa,Charger,Electronics,2025-04-20,1,21.67,21.67
6810,C1111,F,55,Vancouver,Camera,Electronics,2025-02-28,1,294.98,294.98
6811,C0192,F,44,Vancouver,Toaster,Home,2025-01-17,3,33.17,99.51
6812,C0642,M,49,Edmonton,Lipstick,Beauty,2025-10-31,1,14.2,14.2
6813,C1228,M,24,Toronto,Serum,Beauty,2025-02-24,1,41.77,41.77
6814,C0023,M,65,Calgary,Kettle,Home,2025-05-17,1,25.23,25.23
6815,C0696,M,43,Winnipeg,Charger,Electronics,2025-03-18,1,20.56,20.56
6816,C0849,F,39,Vancouver,Perfume,Beauty,2025-09-27,2,48.33,96.66
6817,C0159,F,29,Ottawa,Serum,Beauty,2025-06-29,1,39.31,39.31
6818,C1338,M,41,Vancouver,Jacket,Clothing,2025-03-26,1,87.53,87.53
6819,C1015,M,63,Edmonton,Jacket,Clothing,2025-10-27,1,98.25,98.25
6820,C0268,M,46,Ottawa,Vacuum,Home,2025-05-19,1,161.81,161.81
6821,C0633,M,49,Calgary,Mouse,Electronics,2025-06-19,1,24.67,24.67
6822,C0675,M,33,Toronto,Keyboard,Electronics,2025-08-30,2,40.59,81.18
6823,C1028,F,43,Edmonton,Sneakers,Clothing,2025-03-05,1,92.95,92.95
6824,C0796,F,23,Edmonton,T-Shirt,Clothing,2025-08-28,1,21.93,21.93
6825,C1254,F,18,Toronto,Mascara,Beauty,2025-04-05,2,17.82,35.64
6826,C1354,F,30,Winnipeg,Hoodie,Clothing,2025-05-26,1,48.13,48.13
6827,C1230,F,55,Toronto,Lotion,Beauty,2025-02-18,1,19.21,19.21
6828,C1029,F,23,Montreal,Lipstick,Beauty,2025-05-25,2,14.62,29.24
6829,C1177,F,55,Toronto,Vacuum,Home,2025-09-16,1,139.94,139.94
6830,C1449,M,29,Toronto,Headphones,Electronics,2025-06-08,1,65.93,65.93
6831,C1005,F,26,Ottawa,T-Shirt,Clothing,2025-08-05,1,20.63,20.63
6832,C1041,F,37,Edmonton,Lipstick,Beauty,2025-10-30,1,15.03,15.03
6833,C0212,F,56,Halifax,Keyboard,Electronics,2025-01-17,1,37.85,37.85
6834,C1313,F,44,Calgary,Hoodie,Clothing,2025-03-22,5,44.13,220.65
6835,C0178,F,20,Calgary,Hoodie,Clothing,2025-07-03,1,43.86,43.86
6836,C0174,M,41,Vancouver,Perfume,Beauty,2025-10-10,2,49.39,98.78
6837,C0755,M,32,Toronto,Camera,Electronics,2025-03-12,3,342.63,1027.89
6838,C0623,F,51,Halifax,Kettle,Home,2025-03-31,2,27.37,54.74
6839,C0644,F,49,Calgary,Perfume,Beauty,2025-07-16,1,48.73,48.73
6840,C0031,M,38,Halifax,Dress,Clothing,2025-05-10,1,58.11,58.11
6841,C0004,F,18,Winnipeg,Dress,Clothing,2025-03-21,1,62.01,62.01
6842,C0891,M,50,Winnipeg,Serum,Beauty,2025-07-22,2,41.55,83.1
6843,C0018,F,28,Winnipeg,Serum,Beauty,2025-08-19,1,37.17,37.17
6844,C1019,F,20,Halifax,Serum,Beauty,2025-03-28,3,39.37,118.11
6845,C1362,M,39,Calgary,Sneakers,Clothing,2025-08-15,1,81.53,81.53
6846,C0232,F,27,Edmonton,Lotion,Beauty,2025-01-06,2,19.07,38.14
6847,C0048,F,61,Calgary,Mouse,Electronics,2025-08-13,1,25.37,25.37
6848,C0063,F,55,Halifax,Smartwatch,Electronics,2025-05-26,3,175.34,526.02
6849,C0270,F,41,Halifax,Charger,Electronics,2025-02-24,1,19.81,19.81
6850,C1114,M,24,Calgary,Shampoo,Beauty,2025-03-08,2,13.05,26.1
6851,C0289,M,53,Ottawa,Mascara,Beauty,2025-07-04,1,19.49,19.49
6852,C1105,F,18,Toronto,Sneakers,Clothing,2025-05-27,2,80.81,161.62
6853,C0170,F,18,Calgary,Jacket,Clothing,2025-03-15,2,88.23,176.46
6854,C0896,F,43,Ottawa,Vacuum,Home,2025-05-19,1,154.3,154.3
6855,C0624,F,34,Montreal,Mascara,Beauty,2025-08-12,1,18.06,18.06
6856,C0099,M,28,Vancouver,Charger,Electronics,2025-08-20,1,18.38,18.38
6857,C0883,M,20,Winnipeg,Vacuum,Home,2025-07-02,1,164.81,164.81
6858,C0683,F,27,Ottawa,Lotion,Beauty,2025-04-06,2,21.01,42.02
6859,C0697,M,19,Vancouver,Sneakers,Clothing,2025-09-05,1,83.94,83.94
6860,C0143,F,49,Vancouver,Toaster,Home,2025-05-12,1,35.83,35.83
6861,C0306,M,33,Montreal,Lipstick,Beauty,2025-01-13,2,13.76,27.52
6862,C0372,F,65,Montreal,Hoodie,Clothing,2025-03-11,1,44.96,44.96
6863,C0575,M,43,Montreal,T-Shirt,Clothing,2025-09-13,4,21.72,86.88
6864,C0582,M,57,Halifax,Lipstick,Beauty,2025-07-07,1,16.19,16.19
6865,C0393,F,56,Winnipeg,Keyboard,Electronics,2025-03-30,1,38.7,38.7
6866,C1128,F,27,Ottawa,Charger,Electronics,2025-06-03,1,20.13,20.13
6867,C1170,M,53,Montreal,Headphones,Electronics,2025-05-30,1,72.76,72.76
6868,C0001,M,47,Edmonton,Lipstick,Beauty,2025-05-12,1,14.52,14.52
6869,C0728,M,26,Calgary,Camera,Electronics,2025-05-24,1,292.15,292.15
6870,C1149,F,22,Ottawa,Dress,Clothing,2025-09-04,1,60.07,60.07
6871,C0370,F,24,Toronto,Charger,Electronics,2025-03-04,1,20.41,20.41
6872,C1060,F,53,Montreal,Mascara,Beauty,2025-06-19,1,16.22,16.22
6873,C0242,F,18,Ottawa,Lamp,Home,2025-10-29,1,36.76,36.76
6874,C0978,M,44,Montreal,Smartwatch,Electronics,2025-08-24,2,150.63,301.26
6875,C0963,F,29,Vancouver,Sneakers,Clothing,2025-10-16,4,82.42,329.68
6876,C0490,M,33,Calgary,Mouse,Electronics,2025-05-03,4,25.21,100.84
6877,C0765,M,65,Vancouver,Shampoo,Beauty,2025-09-27,3,11.51,34.53
6878,C1189,F,25,Winnipeg,Lotion,Beauty,2025-01-08,2,19.1,38.2
6879,C0968,F,42,Montreal,Vacuum,Home,2025-08-06,1,161.08,161.08
6880,C0122,F,30,Ottawa,Shampoo,Beauty,2025-06-23,1,11.15,11.15
6881,C0594,F,58,Edmonton,Blender,Home,2025-05-06,1,84.92,84.92
6882,C0997,F,27,Calgary,Mascara,Beauty,2025-02-18,2,19.63,39.26
6883,C1100,M,57,Vancouver,Mouse,Electronics,2025-08-24,3,25.63,76.89
6884,C0333,M,50,Halifax,Mouse,Electronics,2025-09-13,1,26.09,26.09
6885,C0910,F,52,Winnipeg,Jacket,Clothing,2025-04-26,1,88.76,88.76
6886,C0714,F,54,Calgary,Hoodie,Clothing,2025-10-06,2,40.68,81.36
6887,C0086,F,56,Calgary,Perfume,Beauty,2025-03-26,1,46.32,46.32
6888,C0777,M,45,Montreal,Camera,Electronics,2025-04-30,1,328.44,328.44
6889,C1496,F,33,Calgary,Mascara,Beauty,2025-02-19,1,16.6,16.6
6890,C0370,M,25,Toronto,Charger,Electronics,2025-06-13,4,19.85,79.4
6891,C0337,F,50,Toronto,Mouse,Electronics,2025-05-28,1,27.08,27.08
6892,C0581,M,52,Vancouver,Sneakers,Clothing,2025-02-12,1,79.99,79.99
6893,C0930,M,55,Vancouver,Hoodie,Clothing,2025-05-16,1,44.65,44.65
6894,C1089,M,29,Edmonton,Charger,Electronics,2025-09-03,1,19.84,19.84
6895,C0936,F,32,Ottawa,Headphones,Electronics,2025-08-06,1,74.35,74.35
6896,C0392,M,34,Halifax,Hoodie,Clothing,2025-10-08,1,47.92,47.92
6897,C0006,F,44,Montreal,Dress,Clothing,2025-08-22,1,63.11,63.11
6898,C1413,M,38,Vancouver,Mascara,Beauty,2025-09-20,1,17.52,17.52
6899,C0438,M,38,Ottawa,Charger,Electronics,2025-04-25,1,18.29,18.29
6900,C1141,M,34,Edmonton,Camera,Electronics,2025-07-08,1,310.37,310.37
6901,C0146,M,44,Winnipeg,Lotion,Beauty,2025-07-16,3,20.72,62.16
6902,C1015,M,29,Vancouver,Serum,Beauty,2025-02-07,1,39.54,39.54
6903,C1121,F,65,Ottawa,Serum,Beauty,2025-01-12,1,41.53,41.53
6904,C1334,F,61,Winnipeg,Vacuum,Home,2025-05-04,3,148.61,445.83
6905,C0162,M,53,Montreal,Perfume,Beauty,2025-02-13,1,46.19,46.19
6906,C1312,M,45,Montreal,Lipstick,Beauty,2025-01-14,1,15.12,15.12
6907,C0563,M,42,Vancouver,Lipstick,Beauty,2025-02-21,1,13.95,13.95
6908,C1018,M,26,Toronto,Jacket,Clothing,2025-09-02,2,89.3,178.6
6909,C1365,M,64,Calgary,Dress,Clothing,2025-06-29,2,60.54,121.08
6910,C0520,F,54,Vancouver,Smartwatch,Electronics,2025-10-29,1,174.42,174.42
6911,C1452,F,40,Ottawa,Charger,Electronics,2025-05-10,2,19.47,38.94
6912,C0414,F,28,Winnipeg,Hoodie,Clothing,2025-04-10,1,49.32,49.32
6913,C1288,M,18,Montreal,Perfume,Beauty,2025-10-11,3,45.38,136.14
6914,C0826,M,33,Halifax,Perfume,Beauty,2025-04-21,1,42.68,42.68
6915,C0892,F,30,Vancouver,Keyboard,Electronics,2025-10-15,2,37.53,75.06
6916,C1371,F,37,Montreal,Lipstick,Beauty,2025-04-02,1,13.93,13.93
6917,C1383,M,33,Vancouver,Smartwatch,Electronics,2025-03-17,1,158.49,158.49
6918,C1160,M,33,Montreal,Hoodie,Clothing,2025-07-24,1,40.7,40.7
6919,C0317,F,52,Halifax,Kettle,Home,2025-01-22,2,27.69,55.38
6920,C0463,F,49,Toronto,Mouse,Electronics,2025-06-19,2,27.44,54.88
6921,C1022,M,40,Halifax,Jeans,Clothing,2025-06-06,1,56.87,56.87
6922,C0199,F,42,Ottawa,Perfume,Beauty,2025-08-10,2,47.34,94.68
6923,C1100,F,60,Vancouver,Serum,Beauty,2025-03-09,2,35.1,70.2
6924,C0420,M,45,Montreal,Smartwatch,Electronics,2025-06-10,2,159.14,318.28
6925,C0870,F,62,Vancouver,Vacuum,Home,2025-06-23,1,143.59,143.59
6926,C1387,M,19,Ottawa,Mascara,Beauty,2025-02-07,1,19.42,19.42
6927,C1470,M,20,Vancouver,Headphones,Electronics,2025-01-26,1,65.54,65.54
6928,C0403,M,48,Winnipeg,Toaster,Home,2025-09-11,1,34.71,34.71
6929,C0018,F,50,Calgary,Toaster,Home,2025-10-26,2,35.62,71.24
6930,C0369,F,50,Montreal,Air Fryer,Home,2025-10-10,2,110.31,220.62
6931,C0660,F,64,Ottawa,Mouse,Electronics,2025-09-04,2,26.65,53.3
6932,C0514,M,52,Edmonton,Perfume,Beauty,2025-01-11,1,42.58,42.58
6933,C0030,F,53,Toronto,Smartwatch,Electronics,2025-08-26,2,156.08,312.16
6934,C0435,F,43,Halifax,Serum,Beauty,2025-04-17,1,40.22,40.22
6935,C1196,M,29,Calgary,T-Shirt,Clothing,2025-01-01,3,20.11,60.33
6936,C1274,F,61,Halifax,Mouse,Electronics,2025-01-11,1,24.51,24.51
6937,C0047,F,63,Halifax,Keyboard,Electronics,2025-06-07,2,36.24,72.48
6938,C0299,M,28,Halifax,Toaster,Home,2025-03-29,2,36.77,73.54
6939,C1494,F,23,Vancouver,Mouse,Electronics,2025-08-30,3,27.36,82.08
6940,C1450,M,42,Edmonton,Headphones,Electronics,2025-05-12,1,71.68,71.68
6941,C1299,M,63,Vancouver,Jacket,Clothing,2025-03-27,1,96.42,96.42
6942,C0387,F,51,Calgary,Jeans,Clothing,2025-04-20,1,55.19,55.19
6943,C0879,F,52,Winnipeg,Lamp,Home,2025-04-21,1,37.85,37.85
6944,C0713,F,38,Toronto,Shampoo,Beauty,2025-07-27,2,10.83,21.66
6945,C0456,M,35,Toronto,Keyboard,Electronics,2025-10-16,3,41.23,123.69
6946,C0162,F,25,Vancouver,Lamp,Home,2025-03-15,1,39.94,39.94
6947,C1331,F,51,Vancouver,Serum,Beauty,2025-09-06,1,40.14,40.14
6948,C0751,F,65,Winnipeg,Serum,Beauty,2025-04-18,3,39.48,118.44
6949,C1439,F,31,Toronto,Jacket,Clothing,2025-01-04,1,98.78,98.78
6950,C0616,M,36,Toronto,Perfume,Beauty,2025-08-03,1,45.09,45.09
6951,C0339,F,37,Toronto,Kettle,Home,2025-06-28,3,27.59,82.77
6952,C1061,M,21,Halifax,Camera,Electronics,2025-06-04,3,306.35,919.05
6953,C1248,M,55,Edmonton,Keyboard,Electronics,2025-10-16,1,39.81,39.81
6954,C0059,F,49,Vancouver,Shampoo,Beauty,2025-08-13,1,12.89,12.89
6955,C0876,M,43,Montreal,Dress,Clothing,2025-04-15,1,54.51,54.51
6956,C1244,F,45,Calgary,Keyboard,Electronics,2025-03-25,1,43.82,43.82
6957,C0361,F,29,Halifax,Charger,Electronics,2025-03-18,1,21.97,21.97
6958,C0786,F,27,Toronto,Lamp,Home,2025-07-22,1,40.78,40.78
6959,C0025,F,58,Winnipeg,Air Fryer,Home,2025-08-29,2,106.29,212.58
6960,C0453,M,52,Vancouver,Dress,Clothing,2025-10-15,2,56.68,113.36
6961,C1231,M,50,Ottawa,Mouse,Electronics,2025-07-14,2,23.88,47.76
6962,C0025,M,31,Vancouver,Camera,Electronics,2025-07-24,1,291.21,291.21
6963,C1108,F,57,Montreal,Jeans,Clothing,2025-08-02,1,54.73,54.73
6964,C0248,M,40,Montreal,Vacuum,Home,2025-01-19,2,136.72,273.44
6965,C1272,M,35,Edmonton,Mouse,Electronics,2025-06-08,2,26.09,52.18
6966,C1075,F,61,Winnipeg,Shampoo,Beauty,2025-07-31,2,11.69,23.38
6967,C0949,M,29,Winnipeg,T-Shirt,Clothing,2025-02-22,4,18.8,75.2
6968,C0177,F,59,Toronto,Camera,Electronics,2025-03-29,3,322.87,968.61
6969,C0125,M,53,Calgary,Lamp,Home,2025-06-09,1,43.79,43.79
6970,C0166,F,42,Vancouver,Charger,Electronics,2025-01-09,1,20.78,20.78
6971,C1372,F,54,Calgary,Lipstick,Beauty,2025-06-28,1,14.98,14.98
6972,C0126,F,57,Ottawa,Blender,Home,2025-03-24,2,89.71,179.42
6973,C1393,M,39,Calgary,Lipstick,Beauty,2025-05-31,1,15.71,15.71
6974,C0882,M,23,Winnipeg,Camera,Electronics,2025-01-25,2,345.07,690.14
6975,C1271,F,33,Halifax,Smartwatch,Electronics,2025-08-13,1,150.55,150.55
6976,C0070,F,40,Calgary,Headphones,Electronics,2025-07-13,2,75.02,150.04
6977,C0523,M,26,Toronto,Kettle,Home,2025-04-28,1,26.89,26.89
6978,C1107,F,60,Winnipeg,Jeans,Clothing,2025-09-05,1,59.85,59.85
6979,C1424,F,52,Winnipeg,Vacuum,Home,2025-03-19,3,143.43,430.29
6980,C0672,F,46,Ottawa,Lotion,Beauty,2025-06-01,1,21.71,21.71
6981,C1410,F,31,Edmonton,Shampoo,Beauty,2025-02-25,1,13.11,13.11
6982,C1082,M,22,Montreal,Camera,Electronics,2025-09-16,1,297.31,297.31
6983,C1498,M,38,Halifax,Jacket,Clothing,2025-01-23,3,98.54,295.62
6984,C0853,M,23,Halifax,Sneakers,Clothing,2025-06-11,2,77.96,155.92
6985,C0934,F,18,Calgary,Sneakers,Clothing,2025-09-22,3,80.22,240.66
6986,C1103,F,48,Winnipeg,Keyboard,Electronics,2025-03-23,3,39.55,118.65
6987,C0185,M,62,Winnipeg,Charger,Electronics,2025-02-28,2,21.97,43.94
6988,C1101,M,58,Ottawa,Mouse,Electronics,2025-03-07,1,24.94,24.94
6989,C1095,M,45,Ottawa,Perfume,Beauty,2025-04-25,1,45.45,45.45
6990,C1140,F,20,Montreal,Shampoo,Beauty,2025-10-18,1,12.47,12.47
6991,C1209,M,55,Halifax,Sneakers,Clothing,2025-08-30,1,92.96,92.96
6992,C0323,F,40,Toronto,Lipstick,Beauty,2025-04-19,2,15.85,31.7
6993,C0015,F,57,Ottawa,Lotion,Beauty,2025-10-31,1,18.9,18.9
6994,C0852,F,21,Montreal,Perfume,Beauty,2025-02-01,1,43.23,43.23
6995,C0442,F,23,Halifax,Sneakers,Clothing,2025-08-01,1,78.16,78.16
6996,C1082,F,29,Vancouver,Charger,Electronics,2025-03-29,1,20.58,20.58
6997,C1307,F,29,Ottawa,Toaster,Home,2025-03-03,2,32.77,65.54
6998,C0399,F,24,Winnipeg,Jeans,Clothing,2025-01-03,1,52.33,52.33
6999,C0700,M,45,Halifax,Headphones,Electronics,2025-09-19,2,75.43,150.86
7000,C0771,F,43,Vancouver,Air Fryer,Home,2025-04-22,1,106.19,106.19
7001,C1436,F,65,Vancouver,Mascara,Beauty,2025-01-12,4,18.24,72.96
7002,C0577,F,24,Winnipeg,Serum,Beauty,2025-02-22,1,37.22,37.22
7003,C1461,F,20,Ottawa,Hoodie,Clothing,2025-05-28,1,41.17,41.17
7004,C0916,M,30,Montreal,Blender,Home,2025-05-14,2,82.67,165.34
7005,C1035,F,58,Winnipeg,Mouse,Electronics,2025-03-25,1,24.54,24.54
7006,C0191,F,28,Winnipeg,Mouse,Electronics,2025-07-03,1,26.98,26.98
7007,C0851,F,56,Vancouver,Keyboard,Electronics,2025-06-18,1,38.6,38.6
7008,C0060,F,40,Toronto,Shampoo,Beauty,2025-02-18,1,11.71,11.71
7009,C0156,M,64,Calgary,Perfume,Beauty,2025-04-18,3,47.55,142.65
7010,C1162,M,18,Halifax,Mascara,Beauty,2025-07-12,1,18.93,18.93
7011,C1019,F,51,Halifax,Perfume,Beauty,2025-08-02,2,47.68,95.36
7012,C0469,F,48,Edmonton,Sneakers,Clothing,2025-04-05,1,92.71,92.71
7013,C0929,F,50,Vancouver,Mascara,Beauty,2025-01-31,1,19.06,19.06
7014,C0315,M,64,Vancouver,Lipstick,Beauty,2025-06-05,1,14.72,14.72
7015,C1203,M,53,Calgary,Mouse,Electronics,2025-01-12,3,26.61,79.83
7016,C1070,F,53,Montreal,T-Shirt,Clothing,2025-09-29,1,20.03,20.03
7017,C1421,M,31,Halifax,Shampoo,Beauty,2025-08-13,5,11.47,57.35
7018,C0768,F,54,Toronto,Mascara,Beauty,2025-06-12,1,17.29,17.29
7019,C1373,F,49,Toronto,Camera,Electronics,2025-02-13,2,302.33,604.66
7020,C0132,M,45,Vancouver,Toaster,Home,2025-08-14,3,32.51,97.53
7021,C0411,M,18,Winnipeg,Camera,Electronics,2025-09-10,1,299.81,299.81
7022,C0136,F,64,Ottawa,Hoodie,Clothing,2025-08-21,2,41.07,82.14
7023,C0617,F,24,Ottawa,Jeans,Clothing,2025-09-16,1,59.27,59.27
7024,C0814,M,33,Edmonton,Blender,Home,2025-10-14,1,92.33,92.33
7025,C0904,F,49,Vancouver,Blender,Home,2025-06-29,1,86.48,86.48
7026,C0026,F,41,Edmonton,Charger,Electronics,2025-08-11,2,21.36,42.72
7027,C0513,F,31,Ottawa,Mascara,Beauty,2025-04-26,1,16.86,16.86
7028,C0491,F,64,Toronto,Jeans,Clothing,2025-01-05,1,59.42,59.42
7029,C0993,M,32,Toronto,Mouse,Electronics,2025-09-18,5,25.03,125.15
7030,C0766,F,18,Calgary,Serum,Beauty,2025-03-07,1,34.71,34.71
7031,C0468,F,45,Toronto,Vacuum,Home,2025-01-15,1,139.24,139.24
7032,C0722,F,36,Edmonton,Keyboard,Electronics,2025-05-29,5,38.47,192.35
7033,C1063,M,24,Montreal,Charger,Electronics,2025-04-11,1,18.17,18.17
7034,C0905,F,35,Toronto,Camera,Electronics,2025-09-24,1,307.79,307.79
7035,C0027,M,64,Winnipeg,Keyboard,Electronics,2025-08-06,2,36.48,72.96
7036,C0198,M,30,Winnipeg,Jacket,Clothing,2025-02-11,1,85.25,85.25
7037,C0916,F,35,Vancouver,Lipstick,Beauty,2025-03-07,1,14.3,14.3
7038,C0998,F,21,Edmonton,Camera,Electronics,2025-04-30,1,351.64,351.64
7039,C0742,M,21,Ottawa,Headphones,Electronics,2025-09-02,2,66.3,132.6
7040,C1347,F,44,Ottawa,Vacuum,Home,2025-10-14,1,142.18,142.18
7041,C0022,F,33,Toronto,Kettle,Home,2025-02-17,1,29.05,29.05
7042,C1097,F,31,Toronto,Smartwatch,Electronics,2025-10-15,1,171.5,171.5
7043,C0441,F,31,Halifax,Lamp,Home,2025-09-12,1,39.1,39.1
7044,C0392,M,24,Ottawa,Shampoo,Beauty,2025-06-04,2,12.9,25.8
7045,C1356,M,62,Ottawa,Sneakers,Clothing,2025-09-18,1,82.28,82.28
7046,C0001,M,31,Halifax,Mouse,Electronics,2025-01-17,2,23.49,46.98
7047,C0438,M,59,Toronto,Blender,Home,2025-07-22,1,82.1,82.1
7048,C0908,M,62,Halifax,Mascara,Beauty,2025-06-15,1,18.39,18.39
7049,C0208,M,23,Montreal,Mascara,Beauty,2025-02-17,1,17.52,17.52
7050,C0014,M,60,Montreal,Headphones,Electronics,2025-08-17,1,72.42,72.42
7051,C1246,F,55,Ottawa,T-Shirt,Clothing,2025-08-01,1,18.95,18.95
7052,C0244,F,44,Calgary,Camera,Electronics,2025-08-04,2,332.86,665.72
7053,C1299,F,28,Montreal,Hoodie,Clothing,2025-06-18,2,43.63,87.26
7054,C0108,M,48,Vancouver,Keyboard,Electronics,2025-01-22,1,39.65,39.65
7055,C1354,M,20,Edmonton,Smartwatch,Electronics,2025-10-02,2,161.85,323.7
7056,C0125,M,18,Ottawa,Shampoo,Beauty,2025-04-23,4,12.45,49.8
7057,C1117,F,33,Winnipeg,Sneakers,Clothing,2025-07-22,1,80.56,80.56
7058,C0412,F,61,Montreal,Lotion,Beauty,2025-02-02,1,21.34,21.34
7059,C0973,F,44,Winnipeg,Jacket,Clothing,2025-03-30,2,93.99,187.98
7060,C0237,M,63,Toronto,Sneakers,Clothing,2025-05-14,1,80.48,80.48
7061,C0760,M,20,Calgary,Hoodie,Clothing,2025-01-11,2,49.27,98.54
7062,C0655,M,25,Edmonton,Charger,Electronics,2025-01-27,4,20.66,82.64
7063,C0209,F,33,Edmonton,Toaster,Home,2025-01-31,1,34.67,34.67
7064,C1343,F,64,Winnipeg,Lamp,Home,2025-04-01,2,37.26,74.52
7065,C1047,F,19,Toronto,Serum,Beauty,2025-06-18,1,38.25,38.25
7066,C1451,F,46,Edmonton,Air Fryer,Home,2025-02-16,1,102.63,102.63
7067,C0010,F,33,Toronto,Shampoo,Beauty,2025-03-20,1,11.83,11.83
7068,C0768,F,46,Calgary,Headphones,Electronics,2025-01-02,1,68.72,68.72
7069,C0959,F,48,Ottawa,Perfume,Beauty,2025-01-20,1,46.98,46.98
7070,C1201,F,59,Winnipeg,Serum,Beauty,2025-04-16,1,35.66,35.66
7071,C0766,F,28,Winnipeg,Camera,Electronics,2025-10-22,2,340.6,681.2
7072,C0290,M,49,Winnipeg,Headphones,Electronics,2025-03-31,1,67.57,67.57
7073,C0080,F,41,Edmonton,Lamp,Home,2025-05-18,1,39.55,39.55
7074,C0406,M,36,Halifax,Lipstick,Beauty,2025-06-17,1,15.82,15.82
7075,C1124,M,49,Toronto,Smartwatch,Electronics,2025-05-21,1,164.01,164.01
7076,C0419,M,27,Edmonton,Perfume,Beauty,2025-08-01,1,43.27,43.27
7077,C0023,M,49,Ottawa,Headphones,Electronics,2025-10-27,2,68.41,136.82
7078,C0709,M,40,Ottawa,Kettle,Home,2025-02-01,1,26.91,26.91
7079,C1414,F,50,Halifax,Smartwatch,Electronics,2025-01-30,2,163.03,326.06
7080,C0247,F,47,Ottawa,Vacuum,Home,2025-02-13,1,144.98,144.98
7081,C0765,M,47,Halifax,Charger,Electronics,2025-02-04,2,20.9,41.8
7082,C0486,F,24,Edmonton,Toaster,Home,2025-02-14,1,35.56,35.56
7083,C1043,F,33,Toronto,Keyboard,Electronics,2025-05-18,1,37.17,37.17
7084,C0787,M,60,Winnipeg,Keyboard,Electronics,2025-02-16,2,38.48,76.96
7085,C1134,F,18,Ottawa,Air Fryer,Home,2025-07-04,1,103.87,103.87
7086,C0879,F,47,Toronto,Lipstick,Beauty,2025-01-18,2,14.67,29.34
7087,C0997,M,51,Ottawa,Blender,Home,2025-07-04,2,85.27,170.54
7088,C0599,F,51,Halifax,Kettle,Home,2025-03-13,1,28.04,28.04
7089,C0396,F,55,Vancouver,Mouse,Electronics,2025-05-03,3,26.27,78.81
7090,C1037,F,48,Toronto,Lipstick,Beauty,2025-06-20,2,14.07,28.14
7091,C0342,F,25,Halifax,Serum,Beauty,2025-03-18,1,41.39,41.39
7092,C0707,M,37,Vancouver,Hoodie,Clothing,2025-01-09,1,43.59,43.59
7093,C0588,F,63,Ottawa,Air Fryer,Home,2025-07-20,1,105.61,105.61
7094,C1183,M,46,Toronto,Perfume,Beauty,2025-08-31,1,46.67,46.67
7095,C1357,M,48,Edmonton,Headphones,Electronics,2025-03-10,1,74.28,74.28
7096,C1047,F,38,Calgary,Camera,Electronics,2025-08-27,2,312.22,624.44
7097,C1021,M,43,Vancouver,Jacket,Clothing,2025-01-11,2,94.44,188.88
7098,C1264,M,48,Winnipeg,Mascara,Beauty,2025-02-07,2,19.38,38.76
7099,C0826,F,37,Halifax,Lipstick,Beauty,2025-01-10,2,15.8,31.6
7100,C0195,F,39,Montreal,Jacket,Clothing,2025-01-16,1,81.62,81.62
7101,C0711,F,57,Montreal,Lipstick,Beauty,2025-08-31,1,15.98,15.98
7102,C1013,F,43,Halifax,Mascara,Beauty,2025-09-04,2,18.99,37.98
7103,C1162,M,34,Halifax,Dress,Clothing,2025-02-11,1,62.03,62.03
7104,C0510,F,42,Calgary,Vacuum,Home,2025-08-22,2,157.8,315.6
7105,C1247,M,54,Calgary,Shampoo,Beauty,2025-02-13,1,13.15,13.15
7106,C0836,F,44,Edmonton,Lotion,Beauty,2025-06-13,1,19.72,19.72
7107,C1452,F,20,Montreal,Serum,Beauty,2025-05-30,1,34.71,34.71
7108,C1479,M,41,Toronto,Mascara,Beauty,2025-10-07,1,17.86,17.86
7109,C0994,M,42,Ottawa,Jacket,Clothing,2025-07-23,1,81.84,81.84
7110,C0727,F,27,Toronto,Headphones,Electronics,2025-08-19,1,67.12,67.12
7111,C1032,F,53,Halifax,Toaster,Home,2025-10-18,1,35.61,35.61
7112,C0216,F,59,Winnipeg,T-Shirt,Clothing,2025-10-23,1,19.24,19.24
7113,C0284,F,35,Winnipeg,Charger,Electronics,2025-01-22,1,20.74,20.74
7114,C0439,M,62,Montreal,Shampoo,Beauty,2025-06-24,1,12.77,12.77
7115,C0323,F,34,Winnipeg,Keyboard,Electronics,2025-08-30,3,39.36,118.08
7116,C0757,M,31,Halifax,T-Shirt,Clothing,2025-03-07,1,21.6,21.6
7117,C0715,M,36,Winnipeg,Jacket,Clothing,2025-04-04,1,82.44,82.44
7118,C0413,M,35,Vancouver,Serum,Beauty,2025-08-01,2,40.58,81.16
7119,C0217,F,40,Vancouver,Toaster,Home,2025-08-29,3,37.3,111.9
7120,C1169,M,25,Ottawa,Charger,Electronics,2025-04-20,1,19.29,19.29
7121,C0933,F,33,Ottawa,T-Shirt,Clothing,2025-02-16,1,19.19,19.19
7122,C1198,F,42,Edmonton,Perfume,Beauty,2025-06-05,1,43.25,43.25
7123,C1294,M,60,Montreal,Charger,Electronics,2025-03-21,1,21.25,21.25
7124,C0677,F,49,Montreal,Sneakers,Clothing,2025-02-14,2,90.64,181.28
7125,C0882,M,36,Ottawa,Camera,Electronics,2025-07-14,4,309.1,1236.4
7126,C0853,F,35,Vancouver,Smartwatch,Electronics,2025-08-25,2,162.96,325.92
7127,C1053,M,49,Calgary,Shampoo,Beauty,2025-07-30,4,11.13,44.52
7128,C1244,F,63,Calgary,Shampoo,Beauty,2025-09-25,1,11.93,11.93
7129,C0501,F,57,Calgary,Keyboard,Electronics,2025-03-24,3,43.99,131.97
7130,C1073,F,32,Vancouver,Jacket,Clothing,2025-04-23,1,83.86,83.86
7131,C1026,M,38,Halifax,Mouse,Electronics,2025-09-24,1,27.24,27.24
7132,C0710,M,28,Toronto,Smartwatch,Electronics,2025-05-11,2,170.38,340.76
7133,C0601,F,46,Toronto,Air Fryer,Home,2025-02-25,1,120.39,120.39
7134,C0070,M,49,Vancouver,Serum,Beauty,2025-08-26,1,35.56,35.56
7135,C0705,F,23,Winnipeg,Smartwatch,Electronics,2025-01-26,2,150.83,301.66
7136,C0046,F,36,Toronto,Toaster,Home,2025-09-02,1,31.62,31.62
7137,C1087,F,33,Calgary,Jacket,Clothing,2025-07-28,1,94.04,94.04
7138,C0738,M,29,Vancouver,Vacuum,Home,2025-10-17,1,154.32,154.32
7139,C0917,M,32,Ottawa,Vacuum,Home,2025-07-02,2,140.34,280.68
7140,C0492,F,28,Vancouver,Serum,Beauty,2025-07-26,1,40.21,40.21
7141,C0497,F,56,Montreal,T-Shirt,Clothing,2025-07-23,1,19.2,19.2
7142,C1051,M,27,Calgary,Serum,Beauty,2025-07-27,1,35.23,35.23
7143,C1215,M,54,Halifax,Vacuum,Home,2025-03-13,2,147.68,295.36
7144,C1252,F,41,Halifax,Mascara,Beauty,2025-05-27,2,16.53,33.06
7145,C0868,F,53,Edmonton,Hoodie,Clothing,2025-07-23,1,42.87,42.87
7146,C0224,F,18,Calgary,Blender,Home,2025-05-13,1,82.81,82.81
7147,C1319,F,63,Halifax,Vacuum,Home,2025-10-09,1,160.56,160.56
7148,C1082,M,34,Montreal,Shampoo,Beauty,2025-03-19,1,12.7,12.7
7149,C0813,F,31,Calgary,Smartwatch,Electronics,2025-04-07,1,158.17,158.17
7150,C0721,M,55,Edmonton,Toaster,Home,2025-06-12,1,36.57,36.57
7151,C0654,M,42,Montreal,Toaster,Home,2025-07-15,2,35.48,70.96
7152,C0529,M,54,Edmonton,Shampoo,Beauty,2025-04-26,3,11.62,34.86
7153,C0925,M,52,Montreal,T-Shirt,Clothing,2025-06-10,1,20.9,20.9
7154,C0496,M,39,Halifax,Sneakers,Clothing,2025-09-12,1,88.12,88.12
7155,C0752,F,64,Calgary,Lipstick,Beauty,2025-03-11,1,15.36,15.36
7156,C1062,F,24,Vancouver,T-Shirt,Clothing,2025-07-21,1,20.47,20.47
7157,C1122,F,28,Montreal,Mouse,Electronics,2025-02-05,1,25.91,25.91
7158,C0058,F,27,Ottawa,Mouse,Electronics,2025-08-06,1,24.42,24.42
7159,C1371,F,31,Halifax,Charger,Electronics,2025-07-16,1,21.48,21.48
7160,C0529,M,52,Halifax,Smartwatch,Electronics,2025-07-11,1,149.19,149.19
7161,C0632,M,63,Montreal,Air Fryer,Home,2025-10-04,2,118.45,236.9
7162,C0535,F,53,Ottawa,Smartwatch,Electronics,2025-10-18,1,154.95,154.95
7163,C0482,F,23,Halifax,Lamp,Home,2025-03-27,1,37,37
7164,C0722,M,22,Vancouver,Lamp,Home,2025-01-22,1,40.8,40.8
7165,C0213,M,59,Montreal,Kettle,Home,2025-05-14,2,27.31,54.62
7166,C0148,F,24,Winnipeg,Perfume,Beauty,2025-06-10,1,47.84,47.84
7167,C1120,F,32,Montreal,Jacket,Clothing,2025-10-22,1,88.75,88.75
7168,C0460,F,38,Montreal,Keyboard,Electronics,2025-02-12,2,41.35,82.7
7169,C0260,F,35,Halifax,Perfume,Beauty,2025-02-10,2,43.27,86.54
7170,C0073,M,18,Halifax,Lotion,Beauty,2025-10-18,2,18.84,37.68
7171,C0331,F,21,Winnipeg,Headphones,Electronics,2025-10-07,1,68.43,68.43
7172,C0049,F,28,Ottawa,Dress,Clothing,2025-07-02,2,61.28,122.56
7173,C1246,F,27,Vancouver,Charger,Electronics,2025-09-09,2,20.63,41.26
7174,C1389,M,62,Calgary,Toaster,Home,2025-02-09,2,35.55,71.1
7175,C0794,F,36,Edmonton,Lipstick,Beauty,2025-03-28,1,16.46,16.46
7176,C0505,F,59,Edmonton,Camera,Electronics,2025-08-13,1,332.23,332.23
7177,C0032,F,47,Toronto,Sneakers,Clothing,2025-10-12,2,92.34,184.68
7178,C0540,F,58,Halifax,Air Fryer,Home,2025-05-18,3,101.59,304.77
7179,C0819,M,58,Winnipeg,Mascara,Beauty,2025-05-18,2,16.42,32.84
7180,C0680,F,37,Halifax,Keyboard,Electronics,2025-03-05,2,38.49,76.98
7181,C0037,F,44,Montreal,Lotion,Beauty,2025-04-27,1,18.55,18.55
7182,C0746,M,29,Montreal,Keyboard,Electronics,2025-04-08,1,40.21,40.21
7183,C1007,M,31,Montreal,Kettle,Home,2025-05-26,2,28.11,56.22
7184,C1203,F,51,Calgary,Blender,Home,2025-03-26,2,86.28,172.56
7185,C0057,F,59,Vancouver,Lotion,Beauty,2025-02-20,2,20.98,41.96
7186,C0336,M,55,Ottawa,Jeans,Clothing,2025-04-05,3,60.18,180.54
7187,C0496,F,19,Calgary,Charger,Electronics,2025-10-05,1,21.51,21.51
7188,C0584,M,49,Vancouver,Headphones,Electronics,2025-01-09,1,64.66,64.66
7189,C0195,F,35,Toronto,Camera,Electronics,2025-03-30,3,309.66,928.98
7190,C0003,F,38,Edmonton,Kettle,Home,2025-03-30,1,26.63,26.63
7191,C0202,M,63,Vancouver,Camera,Electronics,2025-08-07,2,299.32,598.64
7192,C1215,F,28,Vancouver,Charger,Electronics,2025-10-13,3,20.18,60.54
7193,C0207,F,47,Ottawa,Headphones,Electronics,2025-06-10,1,70.75,70.75
7194,C1135,M,36,Vancouver,Mascara,Beauty,2025-02-12,2,17.02,34.04
7195,C1371,F,65,Vancouver,Hoodie,Clothing,2025-09-03,1,46.91,46.91
7196,C0563,M,57,Halifax,Headphones,Electronics,2025-09-15,2,73.26,146.52
7197,C0750,F,47,Edmonton,Serum,Beauty,2025-06-08,1,34.36,34.36
7198,C0907,F,52,Winnipeg,Blender,Home,2025-05-12,2,83.23,166.46
7199,C1158,F,21,Halifax,Jacket,Clothing,2025-02-16,2,97.02,194.04
7200,C1305,F,38,Montreal,Hoodie,Clothing,2025-03-30,1,45.18,45.18
7201,C1250,M,22,Ottawa,Charger,Electronics,2025-02-14,2,19.39,38.78
7202,C0216,M,53,Winnipeg,Mascara,Beauty,2025-07-13,3,17.11,51.33
7203,C0592,F,44,Halifax,Charger,Electronics,2025-01-06,2,18.97,37.94
7204,C1316,F,24,Vancouver,Perfume,Beauty,2025-09-20,4,41.4,165.6
7205,C0932,M,48,Vancouver,Jeans,Clothing,2025-07-15,1,58.49,58.49
7206,C1045,F,37,Halifax,Lotion,Beauty,2025-01-18,1,18.35,18.35
7207,C0222,M,42,Winnipeg,Serum,Beauty,2025-10-24,1,36.42,36.42
7208,C1364,M,55,Halifax,Mouse,Electronics,2025-04-17,4,22.73,90.92
7209,C1398,F,42,Montreal,Headphones,Electronics,2025-03-10,1,73.94,73.94
7210,C0874,F,34,Winnipeg,Lamp,Home,2025-01-25,1,36.31,36.31
7211,C0754,M,63,Halifax,Keyboard,Electronics,2025-02-25,1,38.47,38.47
7212,C0446,M,54,Ottawa,Serum,Beauty,2025-01-01,1,38.56,38.56
7213,C0379,F,32,Toronto,Lipstick,Beauty,2025-07-02,3,14.73,44.19
7214,C0395,F,27,Ottawa,Charger,Electronics,2025-02-23,1,19.13,19.13
7215,C1380,M,51,Halifax,Perfume,Beauty,2025-03-22,3,42.98,128.94
7216,C0643,F,61,Calgary,Blender,Home,2025-06-09,1,90.06,90.06
7217,C0441,F,60,Halifax,Smartwatch,Electronics,2025-08-14,3,175.17,525.51
7218,C0214,F,24,Winnipeg,Kettle,Home,2025-09-21,1,27.15,27.15
7219,C0128,F,56,Vancouver,T-Shirt,Clothing,2025-04-19,1,18.16,18.16
7220,C0512,F,42,Edmonton,Jacket,Clothing,2025-02-13,1,81.66,81.66
7221,C1477,F,56,Calgary,Sneakers,Clothing,2025-07-20,1,89.41,89.41
7222,C0706,M,63,Calgary,Serum,Beauty,2025-10-11,1,38.4,38.4
7223,C0908,F,61,Toronto,Serum,Beauty,2025-05-27,1,40.16,40.16
7224,C1342,M,45,Vancouver,Mouse,Electronics,2025-07-18,1,25.99,25.99
7225,C1069,M,59,Ottawa,Hoodie,Clothing,2025-08-22,1,48.67,48.67
7226,C0057,F,44,Halifax,Dress,Clothing,2025-07-03,2,64.63,129.26
7227,C0386,F,54,Halifax,T-Shirt,Clothing,2025-02-04,1,21.15,21.15
7228,C1207,F,56,Edmonton,Lipstick,Beauty,2025-07-28,2,14.93,29.86
7229,C1341,F,55,Montreal,T-Shirt,Clothing,2025-03-04,4,19.23,76.92
7230,C1432,M,45,Winnipeg,Charger,Electronics,2025-03-23,1,20.03,20.03
7231,C0517,F,51,Vancouver,Serum,Beauty,2025-09-20,1,38.02,38.02
7232,C1500,F,46,Calgary,Smartwatch,Electronics,2025-09-12,1,163.53,163.53
7233,C1043,F,62,Calgary,Lipstick,Beauty,2025-02-08,1,14.06,14.06
7234,C1055,F,65,Winnipeg,Mouse,Electronics,2025-10-13,2,25.78,51.56
7235,C0940,F,25,Halifax,Mouse,Electronics,2025-01-23,1,24.78,24.78
7236,C0468,F,30,Winnipeg,Smartwatch,Electronics,2025-03-25,1,163.85,163.85
7237,C0874,F,63,Vancouver,Vacuum,Home,2025-10-30,1,142.19,142.19
7238,C0396,F,54,Winnipeg,Jacket,Clothing,2025-07-25,2,88.82,177.64
7239,C0419,F,20,Toronto,Vacuum,Home,2025-04-05,2,141.31,282.62
7240,C0954,M,31,Ottawa,Headphones,Electronics,2025-03-04,4,75.25,301
7241,C1397,F,49,Edmonton,Hoodie,Clothing,2025-05-17,3,44.89,134.67
7242,C0637,M,40,Halifax,Sneakers,Clothing,2025-05-31,1,80.32,80.32
7243,C1352,F,40,Montreal,Serum,Beauty,2025-04-27,1,34.51,34.51
7244,C0872,M,30,Edmonton,Smartwatch,Electronics,2025-07-10,1,165.62,165.62
7245,C0537,F,58,Halifax,Headphones,Electronics,2025-07-21,1,66.01,66.01
7246,C1177,M,56,Edmonton,Lotion,Beauty,2025-09-07,1,21.96,21.96
7247,C0749,M,38,Toronto,Lamp,Home,2025-03-28,1,40.27,40.27
7248,C0726,M,60,Edmonton,Dress,Clothing,2025-03-15,1,57.47,57.47
7249,C1322,M,65,Edmonton,Perfume,Beauty,2025-02-06,1,46.42,46.42
7250,C1167,M,48,Ottawa,Jeans,Clothing,2025-05-05,3,52.53,157.59
7251,C1136,M,24,Vancouver,Jeans,Clothing,2025-06-15,3,58.52,175.56
7252,C0269,M,53,Toronto,Sneakers,Clothing,2025-01-01,1,81.74,81.74
7253,C1120,M,36,Halifax,Mascara,Beauty,2025-10-18,1,19.76,19.76
7254,C0331,F,39,Edmonton,Hoodie,Clothing,2025-03-12,1,45.95,45.95
7255,C1196,F,41,Montreal,Smartwatch,Electronics,2025-04-18,3,171.02,513.06
7256,C1486,M,41,Ottawa,Smartwatch,Electronics,2025-03-27,4,146.33,585.32
7257,C0948,F,38,Vancouver,Serum,Beauty,2025-06-30,1,36.85,36.85
7258,C0291,F,60,Winnipeg,Mascara,Beauty,2025-01-25,1,18.85,18.85
7259,C0815,F,30,Winnipeg,Lamp,Home,2025-10-25,1,41.24,41.24
7260,C0235,M,23,Ottawa,Smartwatch,Electronics,2025-05-31,1,150.22,150.22
7261,C1443,F,45,Montreal,Lipstick,Beauty,2025-09-22,2,14.57,29.14
7262,C0306,M,49,Vancouver,Lotion,Beauty,2025-07-22,1,19.05,19.05
7263,C0087,F,30,Calgary,Toaster,Home,2025-02-20,4,35.79,143.16
7264,C0808,F,51,Calgary,Perfume,Beauty,2025-08-08,1,43.6,43.6
7265,C1357,M,49,Toronto,T-Shirt,Clothing,2025-02-26,2,19.24,38.48
7266,C0710,F,31,Vancouver,Serum,Beauty,2025-03-23,1,35.78,35.78
7267,C0733,F,49,Winnipeg,Shampoo,Beauty,2025-06-13,1,11.78,11.78
7268,C1322,F,62,Vancouver,Camera,Electronics,2025-09-26,2,300.51,601.02
7269,C1167,M,22,Toronto,Charger,Electronics,2025-07-02,3,21.85,65.55
7270,C1084,F,52,Edmonton,Smartwatch,Electronics,2025-06-29,2,148.94,297.88
7271,C0826,F,21,Ottawa,Camera,Electronics,2025-10-11,2,346.45,692.9
7272,C1026,M,31,Toronto,Dress,Clothing,2025-03-27,2,59.14,118.28
7273,C0417,F,35,Edmonton,Toaster,Home,2025-04-21,1,34.15,34.15
7274,C1177,F,28,Vancouver,Perfume,Beauty,2025-06-07,2,42.58,85.16
7275,C1278,F,36,Edmonton,Charger,Electronics,2025-02-14,2,20.54,41.08
7276,C0923,F,19,Calgary,Jeans,Clothing,2025-02-07,1,57.04,57.04
7277,C0952,F,51,Ottawa,Smartwatch,Electronics,2025-01-20,1,158.96,158.96
7278,C0368,F,20,Edmonton,Lipstick,Beauty,2025-04-07,2,13.67,27.34
7279,C1049,M,46,Winnipeg,Air Fryer,Home,2025-02-28,2,119.21,238.42
7280,C0133,F,40,Vancouver,Blender,Home,2025-08-12,1,93.17,93.17
7281,C1267,F,65,Halifax,Smartwatch,Electronics,2025-10-25,2,157.79,315.58
7282,C0062,M,18,Winnipeg,Mascara,Beauty,2025-07-08,2,18.41,36.82
7283,C1451,M,59,Montreal,Lipstick,Beauty,2025-02-28,1,14.85,14.85
7284,C0452,F,23,Halifax,Air Fryer,Home,2025-01-08,2,106.08,212.16
7285,C1102,F,34,Winnipeg,Serum,Beauty,2025-04-12,1,34.79,34.79
7286,C0721,F,36,Calgary,Camera,Electronics,2025-01-21,1,317.19,317.19
7287,C0105,F,61,Calgary,Charger,Electronics,2025-08-04,1,21.27,21.27
7288,C0603,F,65,Toronto,Camera,Electronics,2025-08-19,3,289.09,867.27
7289,C0676,F,19,Vancouver,Dress,Clothing,2025-08-24,1,60.99,60.99
7290,C1404,M,32,Vancouver,Sneakers,Clothing,2025-05-31,2,91.47,182.94
7291,C0394,M,40,Winnipeg,Air Fryer,Home,2025-03-09,1,103.79,103.79
7292,C1139,M,36,Winnipeg,Shampoo,Beauty,2025-02-15,3,11.24,33.72
7293,C0745,M,50,Toronto,Perfume,Beauty,2025-08-10,2,47.45,94.9
7294,C0598,M,23,Vancouver,Camera,Electronics,2025-08-28,3,304.33,912.99
7295,C0048,M,36,Vancouver,Shampoo,Beauty,2025-06-05,2,11.26,22.52
7296,C0188,F,47,Edmonton,Hoodie,Clothing,2025-04-05,2,43.9,87.8
7297,C1009,F,39,Halifax,Serum,Beauty,2025-04-07,1,37.18,37.18
7298,C0514,M,20,Calgary,Keyboard,Electronics,2025-03-24,1,42.99,42.99
7299,C0791,M,22,Ottawa,Camera,Electronics,2025-09-02,1,327.58,327.58
7300,C1075,M,47,Montreal,Air Fryer,Home,2025-03-04,2,107.93,215.86
7301,C0226,F,20,Montreal,Lipstick,Beauty,2025-01-10,1,15.1,15.1
7302,C1392,F,56,Ottawa,Mouse,Electronics,2025-03-30,1,27.27,27.27
7303,C1104,F,56,Montreal,Shampoo,Beauty,2025-06-14,3,11.07,33.21
7304,C0924,M,45,Ottawa,Hoodie,Clothing,2025-10-13,2,42.37,84.74
7305,C1230,M,18,Vancouver,Perfume,Beauty,2025-08-03,3,49.16,147.48
7306,C0628,F,39,Toronto,Hoodie,Clothing,2025-03-13,1,49.12,49.12
7307,C0769,M,62,Edmonton,Sneakers,Clothing,2025-07-27,1,79.51,79.51
7308,C1023,F,62,Vancouver,Keyboard,Electronics,2025-05-19,1,37.16,37.16
7309,C1001,M,64,Winnipeg,Lamp,Home,2025-09-03,1,39.37,39.37
7310,C1423,F,56,Toronto,Perfume,Beauty,2025-05-09,1,40.95,40.95
7311,C1241,F,34,Winnipeg,Hoodie,Clothing,2025-04-10,1,46.39,46.39
7312,C1067,M,59,Ottawa,Smartwatch,Electronics,2025-01-11,1,146.48,146.48
7313,C0456,M,45,Winnipeg,Charger,Electronics,2025-06-25,1,18.23,18.23
7314,C0982,M,47,Vancouver,Charger,Electronics,2025-05-30,1,19.94,19.94
7315,C0893,F,57,Winnipeg,Lotion,Beauty,2025-03-16,1,21.83,21.83
7316,C1318,F,25,Ottawa,Dress,Clothing,2025-04-09,2,59.12,118.24
7317,C0238,F,44,Edmonton,Serum,Beauty,2025-09-22,2,36.91,73.82
7318,C1331,F,58,Edmonton,Kettle,Home,2025-08-31,2,30.79,61.58
7319,C0762,F,62,Winnipeg,Headphones,Electronics,2025-03-24,1,70.45,70.45
7320,C0154,M,42,Calgary,Hoodie,Clothing,2025-10-20,4,43.88,175.52
7321,C0742,M,30,Winnipeg,Serum,Beauty,2025-03-11,3,37.13,111.39
7322,C1121,M,51,Halifax,Headphones,Electronics,2025-08-16,1,65.73,65.73
7323,C1198,F,56,Edmonton,Headphones,Electronics,2025-06-21,1,70.17,70.17
7324,C0652,M,24,Halifax,Air Fryer,Home,2025-05-11,1,108.65,108.65
7325,C1117,M,39,Edmonton,Shampoo,Beauty,2025-01-10,2,11.45,22.9
7326,C0652,F,50,Ottawa,Mascara,Beauty,2025-02-25,1,16.78,16.78
7327,C1053,F,63,Edmonton,Perfume,Beauty,2025-02-02,3,43.3,129.9
7328,C0873,F,55,Vancouver,Air Fryer,Home,2025-09-01,1,110.19,110.19
7329,C1085,M,48,Toronto,Serum,Beauty,2025-08-14,5,34.64,173.2
7330,C0041,M,62,Calgary,Smartwatch,Electronics,2025-08-16,3,148.92,446.76
7331,C0660,F,50,Vancouver,Shampoo,Beauty,2025-09-02,4,13.07,52.28
7332,C0759,F,39,Halifax,T-Shirt,Clothing,2025-04-13,1,20.17,20.17
7333,C0295,F,44,Vancouver,Dress,Clothing,2025-07-16,1,54.76,54.76
7334,C1320,M,44,Vancouver,Charger,Electronics,2025-10-28,2,20.77,41.54
7335,C1203,F,38,Winnipeg,Charger,Electronics,2025-07-28,2,18.25,36.5
7336,C0258,M,52,Calgary,Shampoo,Beauty,2025-07-11,1,12.57,12.57
7337,C0730,M,64,Vancouver,Mascara,Beauty,2025-05-07,2,18.9,37.8
7338,C1473,M,27,Edmonton,Lotion,Beauty,2025-01-10,1,20.6,20.6
7339,C1331,F,64,Toronto,Lamp,Home,2025-03-07,1,41.86,41.86
7340,C1144,F,45,Edmonton,Camera,Electronics,2025-06-07,1,293.63,293.63
7341,C1020,F,57,Vancouver,Dress,Clothing,2025-09-13,3,62.72,188.16
7342,C1288,F,54,Montreal,Camera,Electronics,2025-02-04,1,296.75,296.75
7343,C0287,M,58,Ottawa,Toaster,Home,2025-06-16,2,33.88,67.76
7344,C1212,M,50,Winnipeg,Smartwatch,Electronics,2025-01-22,1,174.17,174.17
7345,C0242,F,25,Montreal,Smartwatch,Electronics,2025-03-08,2,160.09,320.18
7346,C0205,M,54,Edmonton,Lotion,Beauty,2025-07-17,3,21.87,65.61
7347,C0656,M,58,Toronto,Smartwatch,Electronics,2025-04-10,1,146.85,146.85
7348,C0279,F,50,Toronto,Headphones,Electronics,2025-07-14,1,69.69,69.69
7349,C0395,F,36,Ottawa,Air Fryer,Home,2025-04-10,2,100.37,200.74
7350,C0472,F,47,Toronto,Sneakers,Clothing,2025-03-16,3,87.21,261.63
7351,C1401,F,31,Toronto,Camera,Electronics,2025-01-17,1,293.04,293.04
7352,C0970,F,31,Halifax,Lotion,Beauty,2025-05-27,1,18.7,18.7
7353,C1017,F,53,Vancouver,Charger,Electronics,2025-09-07,1,19.04,19.04
7354,C1349,F,24,Ottawa,Headphones,Electronics,2025-09-12,1,73.48,73.48
7355,C1036,M,60,Winnipeg,Lotion,Beauty,2025-07-07,1,18.66,18.66
7356,C1316,F,51,Montreal,Toaster,Home,2025-08-28,3,37.43,112.29
7357,C0057,M,49,Vancouver,Sneakers,Clothing,2025-06-25,1,78.74,78.74
7358,C1178,M,59,Vancouver,Dress,Clothing,2025-02-01,1,54.42,54.42
7359,C0464,M,50,Montreal,Lipstick,Beauty,2025-05-02,3,14.69,44.07
7360,C0962,F,31,Toronto,T-Shirt,Clothing,2025-01-28,1,21.92,21.92
7361,C0602,F,42,Calgary,Air Fryer,Home,2025-07-08,2,101.43,202.86
7362,C0516,M,45,Winnipeg,Camera,Electronics,2025-05-20,2,294.51,589.02
7363,C0733,F,59,Edmonton,Mouse,Electronics,2025-09-28,1,26.26,26.26
7364,C0656,M,56,Winnipeg,Dress,Clothing,2025-10-12,1,57.75,57.75
7365,C0022,M,47,Calgary,Mouse,Electronics,2025-09-26,1,26.09,26.09
7366,C0704,F,48,Edmonton,Mouse,Electronics,2025-10-21,1,23.5,23.5
7367,C1131,F,41,Winnipeg,Charger,Electronics,2025-07-05,1,19.84,19.84
7368,C0326,M,21,Toronto,Smartwatch,Electronics,2025-04-20,4,152.49,609.96
7369,C0907,F,31,Winnipeg,Mascara,Beauty,2025-09-12,1,17.83,17.83
7370,C0426,F,26,Vancouver,Sneakers,Clothing,2025-02-04,3,89.57,268.71
7371,C1263,F,53,Halifax,Lamp,Home,2025-08-10,1,42.1,42.1
7372,C1365,F,23,Montreal,Blender,Home,2025-04-20,3,85.27,255.81
7373,C0730,F,41,Calgary,Shampoo,Beauty,2025-09-18,2,13.03,26.06
7374,C0039,F,43,Vancouver,Lamp,Home,2025-01-02,2,38.11,76.22
7375,C0943,M,51,Halifax,Mascara,Beauty,2025-08-22,1,17.07,17.07
7376,C0030,F,18,Calgary,Shampoo,Beauty,2025-10-13,1,12.27,12.27
7377,C1438,M,40,Halifax,Camera,Electronics,2025-04-09,1,327.76,327.76
7378,C0161,M,34,Montreal,Keyboard,Electronics,2025-04-29,2,36.37,72.74
7379,C0616,M,53,Vancouver,Smartwatch,Electronics,2025-01-10,2,163.45,326.9
7380,C0309,M,54,Winnipeg,Lipstick,Beauty,2025-03-14,1,14.62,14.62
7381,C1438,F,62,Winnipeg,Smartwatch,Electronics,2025-07-28,3,167.92,503.76
7382,C0134,F,37,Ottawa,Lipstick,Beauty,2025-05-04,3,15.92,47.76
7383,C0566,M,43,Vancouver,Jacket,Clothing,2025-02-07,1,90.94,90.94
7384,C1359,M,28,Ottawa,Charger,Electronics,2025-04-04,1,18.01,18.01
7385,C0036,F,37,Toronto,Blender,Home,2025-08-21,2,87.32,174.64
7386,C0831,M,18,Montreal,Headphones,Electronics,2025-06-12,1,73.48,73.48
7387,C0080,M,61,Calgary,Lipstick,Beauty,2025-05-20,2,14.25,28.5
7388,C0784,F,30,Toronto,Jacket,Clothing,2025-08-30,2,89.36,178.72
7389,C0437,F,53,Toronto,Smartwatch,Electronics,2025-06-19,1,174.9,174.9
7390,C0987,F,61,Edmonton,Keyboard,Electronics,2025-04-08,2,38.38,76.76
7391,C1144,F,55,Edmonton,Blender,Home,2025-03-08,1,80.29,80.29
7392,C1158,F,30,Vancouver,Shampoo,Beauty,2025-10-16,3,11.31,33.93
7393,C0405,F,31,Vancouver,T-Shirt,Clothing,2025-04-14,1,20.24,20.24
7394,C0265,F,29,Halifax,Camera,Electronics,2025-05-21,1,348.79,348.79
7395,C0233,F,51,Edmonton,Mascara,Beauty,2025-07-22,3,18.39,55.17
7396,C0447,F,44,Edmonton,Lotion,Beauty,2025-10-17,1,19.21,19.21
7397,C0427,M,29,Ottawa,Shampoo,Beauty,2025-05-17,2,12.33,24.66
7398,C0968,F,55,Ottawa,Jacket,Clothing,2025-09-20,1,92.25,92.25
7399,C1052,F,53,Toronto,Toaster,Home,2025-04-16,1,35.68,35.68
7400,C1325,F,18,Toronto,Serum,Beauty,2025-05-10,2,35.41,70.82
7401,C0979,F,43,Vancouver,Perfume,Beauty,2025-09-18,1,46.21,46.21
7402,C0029,F,57,Vancouver,Lamp,Home,2025-04-23,4,39.44,157.76
7403,C0377,F,57,Winnipeg,Mouse,Electronics,2025-04-26,1,22.59,22.59
7404,C1337,F,38,Winnipeg,Smartwatch,Electronics,2025-05-18,1,161.27,161.27
7405,C0033,M,49,Calgary,Camera,Electronics,2025-06-10,1,351.31,351.31
7406,C1009,M,42,Montreal,Mascara,Beauty,2025-04-18,2,17.46,34.92
7407,C1478,F,29,Calgary,Air Fryer,Home,2025-09-05,1,120.24,120.24
7408,C0960,M,42,Halifax,Dress,Clothing,2025-05-14,1,55.15,55.15
7409,C0620,M,43,Montreal,Serum,Beauty,2025-01-14,3,39.77,119.31
7410,C0900,F,53,Toronto,Camera,Electronics,2025-03-19,1,295.32,295.32
7411,C1296,F,33,Vancouver,Keyboard,Electronics,2025-09-28,1,38.19,38.19
7412,C0501,F,31,Calgary,Camera,Electronics,2025-08-13,1,324.53,324.53
7413,C0899,M,63,Edmonton,Lotion,Beauty,2025-05-01,1,20.37,20.37
7414,C0857,F,51,Montreal,Jacket,Clothing,2025-08-11,1,94.95,94.95
7415,C0703,F,41,Winnipeg,Keyboard,Electronics,2025-07-28,1,40.92,40.92
7416,C1106,M,25,Edmonton,Camera,Electronics,2025-08-28,1,325.99,325.99
7417,C0608,F,44,Halifax,Headphones,Electronics,2025-01-21,1,75.77,75.77
7418,C1170,M,56,Halifax,Lipstick,Beauty,2025-10-12,1,14.86,14.86
7419,C0569,F,30,Edmonton,Mascara,Beauty,2025-04-03,2,17.01,34.02
7420,C0730,F,46,Halifax,Blender,Home,2025-09-12,2,79.25,158.5
7421,C0284,F,48,Ottawa,Lipstick,Beauty,2025-06-11,1,14.7,14.7
7422,C0680,F,60,Montreal,Kettle,Home,2025-10-30,3,29.19,87.57
7423,C0919,M,36,Montreal,Keyboard,Electronics,2025-09-09,2,36.34,72.68
7424,C0136,M,27,Halifax,Smartwatch,Electronics,2025-09-22,4,148.13,592.52
7425,C0653,F,60,Edmonton,Keyboard,Electronics,2025-07-07,1,36.85,36.85
7426,C1196,F,65,Vancouver,Camera,Electronics,2025-04-22,2,325.46,650.92
7427,C0889,M,57,Calgary,Serum,Beauty,2025-01-30,1,36.05,36.05
7428,C1034,F,51,Toronto,Smartwatch,Electronics,2025-09-30,2,149.32,298.64
7429,C0297,F,63,Calgary,Blender,Home,2025-06-17,1,86.58,86.58
7430,C0707,M,60,Toronto,Kettle,Home,2025-04-06,1,29.46,29.46
7431,C0330,M,18,Edmonton,Headphones,Electronics,2025-05-15,1,67.65,67.65
7432,C1457,F,36,Winnipeg,Keyboard,Electronics,2025-02-07,1,40.63,40.63
7433,C0448,M,18,Ottawa,Lipstick,Beauty,2025-10-15,1,13.79,13.79
7434,C0015,M,41,Edmonton,Lipstick,Beauty,2025-03-10,1,16.31,16.31
7435,C0216,F,42,Halifax,Lipstick,Beauty,2025-08-22,1,14.51,14.51
7436,C1277,M,21,Halifax,Hoodie,Clothing,2025-03-08,3,49.48,148.44
7437,C0330,F,41,Edmonton,Mascara,Beauty,2025-02-25,3,19.72,59.16
7438,C0564,M,56,Vancouver,Lipstick,Beauty,2025-10-03,1,15.84,15.84
7439,C1454,M,37,Montreal,Perfume,Beauty,2025-07-11,1,40.68,40.68
7440,C1083,F,50,Edmonton,Perfume,Beauty,2025-04-30,1,45.39,45.39
7441,C0176,F,45,Calgary,Toaster,Home,2025-01-11,1,32.11,32.11
7442,C1398,M,60,Calgary,Shampoo,Beauty,2025-05-26,1,12.95,12.95
7443,C0295,M,62,Toronto,Serum,Beauty,2025-01-14,1,40.2,40.2
7444,C0307,F,52,Winnipeg,Blender,Home,2025-02-03,2,93.03,186.06
7445,C1372,M,41,Calgary,Mouse,Electronics,2025-07-23,1,25.54,25.54
7446,C0361,F,57,Winnipeg,Lamp,Home,2025-03-27,1,40.18,40.18
7447,C1090,F,61,Halifax,Smartwatch,Electronics,2025-06-03,1,160.61,160.61
7448,C0570,M,19,Montreal,Perfume,Beauty,2025-06-19,1,43.98,43.98
7449,C0639,F,40,Toronto,Kettle,Home,2025-06-16,2,27.82,55.64
7450,C0516,F,50,Montreal,Mascara,Beauty,2025-07-04,1,18.49,18.49
7451,C0235,M,31,Edmonton,Headphones,Electronics,2025-04-23,1,76.06,76.06
7452,C0433,M,32,Winnipeg,Charger,Electronics,2025-05-24,2,20.38,40.76
7453,C0387,M,49,Toronto,Mascara,Beauty,2025-07-30,1,19.29,19.29
7454,C1056,M,40,Halifax,Kettle,Home,2025-07-10,1,30.03,30.03
7455,C1018,F,21,Montreal,Jacket,Clothing,2025-10-13,1,90.34,90.34
7456,C0226,F,37,Toronto,Jacket,Clothing,2025-07-01,1,87.25,87.25
7457,C0144,F,48,Vancouver,Vacuum,Home,2025-06-04,1,154.19,154.19
7458,C1476,F,24,Calgary,Mouse,Electronics,2025-07-11,2,24.73,49.46
7459,C0018,F,18,Montreal,Lipstick,Beauty,2025-03-22,1,13.74,13.74
7460,C0732,F,22,Winnipeg,Lotion,Beauty,2025-02-18,1,19.51,19.51
7461,C0746,F,31,Ottawa,Camera,Electronics,2025-10-31,3,351.62,1054.86
7462,C1414,F,47,Edmonton,Headphones,Electronics,2025-02-24,1,63.68,63.68
7463,C0747,M,55,Vancouver,T-Shirt,Clothing,2025-03-08,5,20.79,103.95
7464,C0362,M,40,Vancouver,Headphones,Electronics,2025-04-25,1,74.78,74.78
7465,C0321,F,24,Edmonton,Keyboard,Electronics,2025-04-22,2,41.19,82.38
7466,C0592,M,61,Montreal,Keyboard,Electronics,2025-06-08,2,40.56,81.12
7467,C1317,F,56,Montreal,Jeans,Clothing,2025-04-17,3,57.28,171.84
7468,C0073,F,33,Winnipeg,Kettle,Home,2025-01-26,1,27.6,27.6
7469,C0849,M,26,Ottawa,Kettle,Home,2025-04-20,1,25.71,25.71
7470,C0100,F,56,Edmonton,Headphones,Electronics,2025-03-07,1,76.47,76.47
7471,C0256,F,63,Montreal,Jeans,Clothing,2025-07-24,3,54.26,162.78
7472,C1339,M,51,Edmonton,Mascara,Beauty,2025-04-11,1,18.6,18.6
7473,C0863,F,48,Ottawa,Jacket,Clothing,2025-07-25,3,90.56,271.68
7474,C0162,M,62,Montreal,Camera,Electronics,2025-01-01,1,291.5,291.5
7475,C0293,M,24,Halifax,Keyboard,Electronics,2025-08-12,1,43.62,43.62
7476,C0162,M,19,Ottawa,Charger,Electronics,2025-03-11,1,21.17,21.17
7477,C0869,M,23,Toronto,Blender,Home,2025-05-30,1,79.03,79.03
7478,C1333,F,61,Calgary,Perfume,Beauty,2025-08-03,2,49.33,98.66
7479,C1167,M,51,Halifax,T-Shirt,Clothing,2025-05-22,1,20.95,20.95
7480,C0223,M,34,Calgary,Smartwatch,Electronics,2025-01-14,3,159.11,477.33
7481,C0307,M,43,Montreal,Keyboard,Electronics,2025-07-18,1,40.89,40.89
7482,C0014,M,29,Montreal,Shampoo,Beauty,2025-01-19,2,11.06,22.12
7483,C0571,F,37,Winnipeg,Smartwatch,Electronics,2025-05-30,2,161.93,323.86
7484,C1204,F,58,Calgary,Keyboard,Electronics,2025-09-19,1,36.59,36.59
7485,C0227,M,63,Winnipeg,Smartwatch,Electronics,2025-03-15,1,161.44,161.44
7486,C1483,M,52,Calgary,Air Fryer,Home,2025-09-23,1,111.16,111.16
7487,C0145,M,52,Ottawa,Keyboard,Electronics,2025-10-20,1,43,43
7488,C0657,M,46,Ottawa,Hoodie,Clothing,2025-05-25,3,47.03,141.09
7489,C0786,F,65,Toronto,Keyboard,Electronics,2025-05-13,4,38,152
7490,C0823,M,55,Winnipeg,Dress,Clothing,2025-05-28,2,64.66,129.32
7491,C0483,F,48,Halifax,Perfume,Beauty,2025-03-20,2,45.66,91.32
7492,C0433,M,57,Halifax,Smartwatch,Electronics,2025-08-03,1,163.4,163.4
7493,C0242,F,30,Toronto,Keyboard,Electronics,2025-02-02,1,37.35,37.35
7494,C0919,M,43,Ottawa,Keyboard,Electronics,2025-07-13,2,42.86,85.72
7495,C0616,M,39,Toronto,Jeans,Clothing,2025-06-27,1,59.74,59.74
7496,C0277,F,25,Halifax,Lipstick,Beauty,2025-10-15,2,15.82,31.64
7497,C1212,F,57,Halifax,Perfume,Beauty,2025-07-20,2,48.97,97.94
7498,C0686,F,24,Vancouver,T-Shirt,Clothing,2025-01-03,1,19.21,19.21
7499,C0100,F,22,Winnipeg,Shampoo,Beauty,2025-02-22,1,12.87,12.87
7500,C0522,F,18,Edmonton,Kettle,Home,2025-09-15,2,27.94,55.88
7501,C1108,F,62,Winnipeg,Charger,Electronics,2025-05-01,1,18.66,18.66
7502,C1077,F,57,Ottawa,Sneakers,Clothing,2025-05-30,2,87.87,175.74
7503,C1151,F,28,Toronto,Serum,Beauty,2025-06-02,1,39.4,39.4
7504,C0647,F,49,Toronto,Perfume,Beauty,2025-08-05,1,43.08,43.08
7505,C1310,M,24,Montreal,Mouse,Electronics,2025-05-15,1,22.64,22.64
7506,C0055,F,46,Halifax,Sneakers,Clothing,2025-09-13,2,79.9,159.8
7507,C0756,F,47,Montreal,Headphones,Electronics,2025-03-03,1,68.6,68.6
7508,C0577,F,38,Montreal,Mouse,Electronics,2025-10-14,1,23.34,23.34
7509,C1045,F,56,Calgary,Blender,Home,2025-03-04,1,79.8,79.8
7510,C0775,M,65,Edmonton,T-Shirt,Clothing,2025-10-20,1,19.57,19.57
7511,C1324,F,61,Calgary,T-Shirt,Clothing,2025-03-09,1,21.85,21.85
7512,C0836,M,60,Calgary,T-Shirt,Clothing,2025-08-13,1,21.06,21.06
7513,C0359,M,58,Ottawa,Serum,Beauty,2025-05-17,1,36.63,36.63
7514,C0143,F,56,Montreal,Serum,Beauty,2025-02-15,1,41.43,41.43
7515,C0610,F,37,Montreal,Air Fryer,Home,2025-04-05,1,113.2,113.2
7516,C1026,M,39,Ottawa,Dress,Clothing,2025-10-17,1,59.47,59.47
7517,C0357,M,46,Calgary,Camera,Electronics,2025-09-04,1,317.97,317.97
7518,C0643,M,63,Edmonton,Perfume,Beauty,2025-10-19,1,44.2,44.2
7519,C0452,F,21,Toronto,Lamp,Home,2025-08-02,1,37.86,37.86
7520,C0047,M,20,Vancouver,Serum,Beauty,2025-09-13,5,37.14,185.7
7521,C0753,M,26,Halifax,Mouse,Electronics,2025-02-17,1,25.14,25.14
7522,C0427,F,22,Montreal,Mouse,Electronics,2025-04-03,2,25.14,50.28
7523,C0868,M,20,Calgary,Headphones,Electronics,2025-01-06,1,73.66,73.66
7524,C0900,M,42,Toronto,Air Fryer,Home,2025-07-12,2,106.89,213.78
7525,C0851,F,49,Montreal,Headphones,Electronics,2025-04-13,3,73.04,219.12
7526,C0866,M,50,Halifax,Blender,Home,2025-03-15,1,86.33,86.33
7527,C0848,F,35,Montreal,Camera,Electronics,2025-03-15,2,349.56,699.12
7528,C0692,M,62,Vancouver,Smartwatch,Electronics,2025-04-23,1,156.33,156.33
7529,C0941,M,53,Halifax,Lamp,Home,2025-06-01,1,43.21,43.21
7530,C0488,F,58,Calgary,Serum,Beauty,2025-09-20,1,40.44,40.44
7531,C1366,M,46,Edmonton,Shampoo,Beauty,2025-03-27,1,12.33,12.33
7532,C0672,F,56,Ottawa,Perfume,Beauty,2025-02-27,1,46.39,46.39
7533,C0770,F,64,Toronto,Serum,Beauty,2025-05-29,1,34.84,34.84
7534,C0529,F,62,Winnipeg,Smartwatch,Electronics,2025-08-02,1,174.41,174.41
7535,C1303,M,19,Halifax,Hoodie,Clothing,2025-10-27,2,41.46,82.92
7536,C0172,M,28,Winnipeg,Kettle,Home,2025-10-08,1,28.35,28.35
7537,C1326,M,48,Toronto,Toaster,Home,2025-04-05,1,33.81,33.81
7538,C1420,F,21,Calgary,Mouse,Electronics,2025-07-27,1,24.65,24.65
7539,C0566,F,46,Toronto,Keyboard,Electronics,2025-05-23,1,40.88,40.88
7540,C0525,F,20,Winnipeg,Camera,Electronics,2025-03-24,1,346.17,346.17
7541,C0964,F,19,Winnipeg,Shampoo,Beauty,2025-02-21,1,11.9,11.9
7542,C1351,M,61,Ottawa,Perfume,Beauty,2025-01-17,1,49.39,49.39
7543,C0758,F,53,Winnipeg,Camera,Electronics,2025-08-06,1,325.94,325.94
7544,C0450,F,31,Halifax,Sneakers,Clothing,2025-08-16,3,79.23,237.69
7545,C0783,F,65,Winnipeg,Mascara,Beauty,2025-10-19,1,16.88,16.88
7546,C0062,M,21,Toronto,Lotion,Beauty,2025-07-20,1,20.86,20.86
7547,C1225,M,61,Halifax,Vacuum,Home,2025-03-23,1,136.51,136.51
7548,C0664,M,47,Calgary,Mascara,Beauty,2025-05-08,4,17.93,71.72
7549,C1094,M,36,Ottawa,Hoodie,Clothing,2025-03-21,2,41.83,83.66
7550,C0497,F,36,Vancouver,Kettle,Home,2025-07-08,1,27.63,27.63
7551,C0839,M,61,Edmonton,Sneakers,Clothing,2025-06-05,1,89.25,89.25
7552,C0208,F,48,Calgary,Headphones,Electronics,2025-06-09,1,69.42,69.42
7553,C1489,F,32,Edmonton,Kettle,Home,2025-08-30,1,26.12,26.12
7554,C0456,M,46,Vancouver,Mouse,Electronics,2025-03-23,2,23.76,47.52
7555,C1155,F,20,Toronto,Air Fryer,Home,2025-02-13,1,107.09,107.09
7556,C0473,M,36,Edmonton,Mouse,Electronics,2025-06-11,1,22.85,22.85
7557,C0669,M,39,Ottawa,Lotion,Beauty,2025-08-09,1,20.34,20.34
7558,C1301,M,64,Halifax,Charger,Electronics,2025-05-29,2,20.43,40.86
7559,C0054,F,37,Edmonton,Mouse,Electronics,2025-05-04,1,22.81,22.81
7560,C1414,F,24,Toronto,Dress,Clothing,2025-01-01,2,58.83,117.66
7561,C0889,M,21,Calgary,Vacuum,Home,2025-07-02,1,147.42,147.42
7562,C0215,M,18,Vancouver,Blender,Home,2025-07-27,2,82.17,164.34
7563,C0011,F,58,Halifax,Shampoo,Beauty,2025-04-07,1,12.14,12.14
7564,C0454,M,24,Vancouver,Kettle,Home,2025-01-21,1,27.14,27.14
7565,C0411,M,39,Toronto,Camera,Electronics,2025-08-11,2,314.65,629.3
7566,C0731,F,54,Calgary,Hoodie,Clothing,2025-02-17,2,47.68,95.36
7567,C0584,F,47,Winnipeg,Jeans,Clothing,2025-02-01,1,51.28,51.28
7568,C0109,M,26,Winnipeg,Lipstick,Beauty,2025-10-15,2,15.36,30.72
7569,C0027,F,44,Toronto,Jacket,Clothing,2025-05-10,2,90.1,180.2
7570,C1440,F,55,Edmonton,Serum,Beauty,2025-10-05,1,36.52,36.52
7571,C0349,M,40,Montreal,Camera,Electronics,2025-09-02,3,334.56,1003.68
7572,C1006,F,29,Calgary,Mouse,Electronics,2025-02-21,1,25.26,25.26
7573,C1313,M,30,Halifax,Shampoo,Beauty,2025-07-28,2,11.95,23.9
7574,C0517,M,50,Calgary,Air Fryer,Home,2025-08-18,1,113.69,113.69
7575,C1289,M,32,Ottawa,Serum,Beauty,2025-07-05,1,40.3,40.3
7576,C1012,M,33,Montreal,Shampoo,Beauty,2025-06-11,2,13.13,26.26
7577,C0225,M,51,Winnipeg,Charger,Electronics,2025-07-18,1,20.52,20.52
7578,C0350,F,26,Vancouver,Air Fryer,Home,2025-10-06,1,118.24,118.24
7579,C1113,M,59,Toronto,Jeans,Clothing,2025-02-02,3,49.51,148.53
7580,C0646,M,44,Vancouver,Toaster,Home,2025-01-19,2,35.21,70.42
7581,C1127,F,65,Calgary,Air Fryer,Home,2025-05-01,1,103.72,103.72
7582,C0330,M,32,Edmonton,Headphones,Electronics,2025-03-10,1,64.32,64.32
7583,C1149,F,52,Toronto,Shampoo,Beauty,2025-10-20,2,12.08,24.16
7584,C0957,M,51,Winnipeg,Mascara,Beauty,2025-08-03,1,18.89,18.89
7585,C1328,M,57,Vancouver,Charger,Electronics,2025-05-03,1,19.65,19.65
7586,C0083,F,47,Toronto,Toaster,Home,2025-10-07,1,36.19,36.19
7587,C0267,F,65,Vancouver,Camera,Electronics,2025-02-23,1,319.34,319.34
7588,C1425,F,40,Toronto,Kettle,Home,2025-01-21,1,27.65,27.65
7589,C1410,F,26,Halifax,Smartwatch,Electronics,2025-04-07,2,153.29,306.58
7590,C1385,M,49,Vancouver,Perfume,Beauty,2025-05-18,2,43.94,87.88
7591,C1081,M,52,Halifax,Shampoo,Beauty,2025-02-11,1,11.64,11.64
7592,C0799,M,49,Vancouver,Hoodie,Clothing,2025-09-03,1,46.32,46.32
7593,C1401,F,62,Toronto,Blender,Home,2025-01-28,1,78.47,78.47
7594,C0187,M,33,Ottawa,Dress,Clothing,2025-02-27,1,55.11,55.11
7595,C0479,M,49,Toronto,Perfume,Beauty,2025-05-07,1,46.44,46.44
7596,C0686,F,42,Edmonton,Jeans,Clothing,2025-09-20,2,55.51,111.02
7597,C1361,M,47,Vancouver,Lotion,Beauty,2025-05-24,1,19.72,19.72
7598,C1118,M,54,Montreal,Lipstick,Beauty,2025-04-03,2,13.96,27.92
7599,C0398,M,54,Calgary,T-Shirt,Clothing,2025-02-04,2,19.64,39.28
7600,C0863,F,52,Ottawa,Camera,Electronics,2025-04-02,1,338.54,338.54
7601,C0521,F,62,Edmonton,Lamp,Home,2025-09-20,1,43.12,43.12
7602,C0113,F,25,Toronto,Perfume,Beauty,2025-01-14,2,46.82,93.64
7603,C0122,M,57,Calgary,Keyboard,Electronics,2025-07-21,2,36.48,72.96
7604,C0386,M,64,Edmonton,Jeans,Clothing,2025-10-05,4,56.87,227.48
7605,C1366,F,53,Ottawa,Charger,Electronics,2025-05-24,1,18.96,18.96
7606,C0784,M,42,Montreal,Lamp,Home,2025-10-26,3,38.52,115.56
7607,C1487,M,35,Winnipeg,Mascara,Beauty,2025-09-02,1,16.91,16.91
7608,C0919,F,56,Calgary,Kettle,Home,2025-01-12,1,29.54,29.54
7609,C0382,M,27,Edmonton,Mouse,Electronics,2025-03-12,1,25.74,25.74
7610,C0156,F,18,Halifax,Shampoo,Beauty,2025-07-03,1,12.27,12.27
7611,C1152,M,21,Halifax,Keyboard,Electronics,2025-04-14,2,41.34,82.68
7612,C1067,F,43,Toronto,Perfume,Beauty,2025-01-11,1,42.63,42.63
7613,C0381,M,28,Montreal,Jeans,Clothing,2025-07-27,3,54.39,163.17
7614,C1299,F,32,Toronto,Charger,Electronics,2025-08-13,1,20.53,20.53
7615,C0389,M,49,Halifax,Serum,Beauty,2025-09-30,3,39.04,117.12
7616,C1047,M,32,Edmonton,Headphones,Electronics,2025-02-23,1,74.09,74.09
7617,C0787,M,45,Calgary,Camera,Electronics,2025-06-22,2,306.37,612.74
7618,C1408,F,40,Toronto,Blender,Home,2025-09-04,1,89.6,89.6
7619,C1153,F,20,Edmonton,Jacket,Clothing,2025-06-02,1,88.92,88.92
7620,C1435,F,49,Halifax,Headphones,Electronics,2025-04-16,2,72.38,144.76
7621,C1305,F,37,Montreal,Sneakers,Clothing,2025-06-08,1,84.25,84.25
7622,C1206,F,31,Winnipeg,Smartwatch,Electronics,2025-04-16,1,174.36,174.36
7623,C0228,F,52,Montreal,Shampoo,Beauty,2025-07-12,2,11.23,22.46
7624,C1105,F,57,Calgary,Toaster,Home,2025-10-22,1,36.23,36.23
7625,C0588,M,59,Calgary,Mouse,Electronics,2025-10-03,1,25.38,25.38
7626,C1305,F,26,Vancouver,Air Fryer,Home,2025-03-14,1,102.8,102.8
7627,C0714,M,64,Montreal,Hoodie,Clothing,2025-02-12,1,41.09,41.09
7628,C0631,M,41,Edmonton,Headphones,Electronics,2025-07-13,2,74.19,148.38
7629,C0764,F,58,Vancouver,Jeans,Clothing,2025-05-09,1,51.23,51.23
7630,C0634,F,21,Halifax,Blender,Home,2025-04-18,1,79.67,79.67
7631,C0174,F,29,Toronto,Charger,Electronics,2025-04-13,2,21.91,43.82
7632,C1383,F,41,Calgary,Toaster,Home,2025-05-13,2,36.52,73.04
7633,C1399,M,18,Edmonton,Keyboard,Electronics,2025-09-07,3,38,114
7634,C1079,F,31,Ottawa,Dress,Clothing,2025-09-27,1,61.09,61.09
7635,C1355,F,48,Edmonton,Blender,Home,2025-04-13,1,85.58,85.58
7636,C0387,M,27,Toronto,Shampoo,Beauty,2025-10-23,1,12.83,12.83
7637,C0680,M,50,Vancouver,Headphones,Electronics,2025-08-26,1,73.21,73.21
7638,C1172,F,53,Halifax,Blender,Home,2025-04-18,1,90.64,90.64
7639,C0343,M,59,Montreal,Lipstick,Beauty,2025-05-17,2,14.13,28.26
7640,C1221,F,52,Halifax,Mascara,Beauty,2025-10-25,2,18.5,37
7641,C1148,M,65,Calgary,Charger,Electronics,2025-10-16,1,18.16,18.16
7642,C0740,F,35,Calgary,Camera,Electronics,2025-01-25,1,292.41,292.41
7643,C0333,M,42,Edmonton,Charger,Electronics,2025-04-28,1,20.85,20.85
7644,C1478,M,29,Winnipeg,Shampoo,Beauty,2025-08-18,3,10.86,32.58
7645,C0706,F,45,Toronto,Shampoo,Beauty,2025-09-13,3,12.19,36.57
7646,C1373,M,26,Edmonton,Air Fryer,Home,2025-01-09,1,117.49,117.49
7647,C0453,F,41,Halifax,Mouse,Electronics,2025-04-29,2,24.4,48.8
7648,C0079,M,37,Toronto,Mascara,Beauty,2025-04-29,1,16.36,16.36
7649,C0008,F,43,Calgary,Mouse,Electronics,2025-04-01,1,26.07,26.07
7650,C1397,M,22,Vancouver,Keyboard,Electronics,2025-06-21,1,43.44,43.44
7651,C0567,F,44,Montreal,Mascara,Beauty,2025-07-30,1,18.78,18.78
7652,C0549,F,45,Calgary,Lotion,Beauty,2025-04-26,1,20.31,20.31
7653,C1481,M,54,Calgary,Mascara,Beauty,2025-10-15,1,17.03,17.03
7654,C0712,F,57,Toronto,Jacket,Clothing,2025-01-22,1,81.28,81.28
7655,C0270,M,24,Halifax,Vacuum,Home,2025-02-24,1,155.84,155.84
7656,C0432,M,36,Montreal,Kettle,Home,2025-04-18,2,26.49,52.98
7657,C0601,F,39,Calgary,Toaster,Home,2025-03-18,1,37.51,37.51
7658,C0226,F,35,Toronto,Blender,Home,2025-03-02,3,84.43,253.29
7659,C1347,M,32,Ottawa,Camera,Electronics,2025-05-02,1,321.96,321.96
7660,C1444,M,50,Winnipeg,Kettle,Home,2025-04-02,1,29.42,29.42
7661,C0335,F,56,Calgary,Lipstick,Beauty,2025-08-10,1,15.84,15.84
7662,C0122,M,22,Ottawa,Vacuum,Home,2025-05-10,1,154.28,154.28
7663,C0476,M,57,Montreal,Vacuum,Home,2025-09-05,1,163.15,163.15
7664,C0786,F,54,Montreal,Mouse,Electronics,2025-05-01,1,27.41,27.41
7665,C0237,M,22,Calgary,Mouse,Electronics,2025-07-20,3,27.23,81.69
7666,C0779,M,54,Winnipeg,Lotion,Beauty,2025-06-10,2,21.3,42.6
7667,C0382,M,60,Edmonton,Air Fryer,Home,2025-09-07,3,114.52,343.56
7668,C1428,F,24,Vancouver,Vacuum,Home,2025-08-06,1,154.9,154.9
7669,C0389,F,19,Halifax,T-Shirt,Clothing,2025-03-04,1,18.42,18.42
7670,C1471,F,47,Toronto,Charger,Electronics,2025-08-05,1,19.09,19.09
7671,C0694,F,28,Toronto,Vacuum,Home,2025-03-05,2,135.17,270.34
7672,C1217,F,54,Vancouver,Keyboard,Electronics,2025-07-31,4,37.1,148.4
7673,C0461,F,56,Winnipeg,Dress,Clothing,2025-04-30,2,59.27,118.54
7674,C0110,F,50,Ottawa,Mouse,Electronics,2025-03-10,1,23.23,23.23
7675,C0214,F,26,Edmonton,Headphones,Electronics,2025-05-04,1,75.62,75.62
7676,C0463,F,28,Halifax,Headphones,Electronics,2025-05-25,1,74.28,74.28
7677,C0585,M,29,Edmonton,Toaster,Home,2025-10-23,1,32,32
7678,C0515,M,27,Montreal,Sneakers,Clothing,2025-05-09,1,80.73,80.73
7679,C0002,F,28,Calgary,Perfume,Beauty,2025-01-13,1,47.87,47.87
7680,C1420,F,50,Toronto,Lipstick,Beauty,2025-10-01,1,15.91,15.91
7681,C1368,M,37,Toronto,Jacket,Clothing,2025-03-09,1,98.02,98.02
7682,C0210,M,22,Calgary,Charger,Electronics,2025-09-27,1,21.99,21.99
7683,C0824,M,64,Calgary,Lamp,Home,2025-05-13,2,43.81,87.62
7684,C0058,M,41,Toronto,Smartwatch,Electronics,2025-03-03,1,157.12,157.12
7685,C0484,F,49,Toronto,Shampoo,Beauty,2025-06-10,1,11.4,11.4
7686,C0948,M,48,Toronto,Kettle,Home,2025-01-26,2,29.45,58.9
7687,C1137,M,59,Calgary,Lamp,Home,2025-09-04,1,38.39,38.39
7688,C0485,F,61,Edmonton,Charger,Electronics,2025-07-08,1,21.23,21.23
7689,C0071,M,31,Ottawa,Headphones,Electronics,2025-10-13,3,70.48,211.44
7690,C1069,F,36,Toronto,T-Shirt,Clothing,2025-08-08,1,21.18,21.18
7691,C0656,M,59,Winnipeg,Lotion,Beauty,2025-09-06,1,19.1,19.1
7692,C0542,F,41,Halifax,Hoodie,Clothing,2025-04-01,1,45.07,45.07
7693,C0786,F,49,Winnipeg,Mascara,Beauty,2025-02-05,1,18.23,18.23
7694,C0996,M,29,Ottawa,Smartwatch,Electronics,2025-01-07,1,174.18,174.18
7695,C1228,M,38,Toronto,Hoodie,Clothing,2025-07-21,1,42.9,42.9
7696,C0476,F,53,Calgary,Lamp,Home,2025-02-10,1,43.49,43.49
7697,C1264,M,42,Vancouver,Smartwatch,Electronics,2025-02-01,3,169.76,509.28
7698,C0572,F,31,Ottawa,Toaster,Home,2025-05-22,1,36.62,36.62
7699,C1467,M,25,Winnipeg,Keyboard,Electronics,2025-09-13,2,42.29,84.58
7700,C0747,M,46,Winnipeg,Mascara,Beauty,2025-06-10,1,18.38,18.38
7701,C1271,F,42,Halifax,Jacket,Clothing,2025-01-30,1,85.39,85.39
7702,C1478,F,40,Vancouver,Vacuum,Home,2025-09-19,1,140.68,140.68
7703,C1178,F,53,Toronto,Air Fryer,Home,2025-01-10,2,118.06,236.12
7704,C0592,M,65,Winnipeg,Headphones,Electronics,2025-07-22,2,73.15,146.3
7705,C0649,M,29,Toronto,Lipstick,Beauty,2025-10-03,1,14.14,14.14
7706,C0466,M,29,Edmonton,Mascara,Beauty,2025-05-04,1,18.41,18.41
7707,C0225,M,35,Calgary,Keyboard,Electronics,2025-04-28,3,39.58,118.74
7708,C0242,F,53,Vancouver,Kettle,Home,2025-09-25,3,26.09,78.27
7709,C0969,F,65,Vancouver,Headphones,Electronics,2025-10-05,1,70.45,70.45
7710,C0558,F,36,Toronto,T-Shirt,Clothing,2025-03-17,1,19.13,19.13
7711,C0684,M,65,Halifax,Serum,Beauty,2025-01-14,2,34.93,69.86
7712,C1481,F,52,Winnipeg,Charger,Electronics,2025-04-16,1,19.87,19.87
7713,C0492,M,44,Montreal,Lotion,Beauty,2025-06-25,2,20.36,40.72
7714,C0453,F,20,Winnipeg,Smartwatch,Electronics,2025-07-01,1,145.5,145.5
7715,C0535,F,30,Winnipeg,Lotion,Beauty,2025-02-05,2,19.61,39.22
7716,C0499,F,55,Edmonton,T-Shirt,Clothing,2025-02-24,1,19.03,19.03
7717,C0802,M,58,Winnipeg,Mascara,Beauty,2025-09-27,1,16.31,16.31
7718,C0742,M,36,Montreal,Jeans,Clothing,2025-01-02,1,50.88,50.88
7719,C0709,M,60,Vancouver,Charger,Electronics,2025-09-13,2,18.56,37.12
7720,C0193,M,52,Winnipeg,Hoodie,Clothing,2025-01-02,2,42.15,84.3
7721,C0154,M,32,Vancouver,Mouse,Electronics,2025-03-02,3,26.52,79.56
7722,C0466,F,33,Winnipeg,Dress,Clothing,2025-04-17,3,59.27,177.81
7723,C0567,F,52,Ottawa,Perfume,Beauty,2025-05-14,1,41.82,41.82
7724,C0767,F,22,Toronto,Toaster,Home,2025-01-23,1,32.2,32.2
7725,C1039,F,24,Montreal,Dress,Clothing,2025-03-14,2,57.58,115.16
7726,C1474,M,38,Calgary,Mascara,Beauty,2025-01-28,3,19.07,57.21
7727,C0079,F,58,Halifax,Serum,Beauty,2025-01-25,1,36.97,36.97
7728,C0011,M,18,Ottawa,Camera,Electronics,2025-03-06,1,298.23,298.23
7729,C0570,M,42,Montreal,T-Shirt,Clothing,2025-07-13,1,19.62,19.62
7730,C1005,F,47,Toronto,Headphones,Electronics,2025-07-26,1,70.77,70.77
7731,C0239,M,36,Toronto,Mouse,Electronics,2025-10-26,2,22.65,45.3
7732,C0810,M,41,Edmonton,Serum,Beauty,2025-02-09,2,38.97,77.94
7733,C0849,F,63,Toronto,Serum,Beauty,2025-01-23,2,37.2,74.4
7734,C0197,M,32,Montreal,Dress,Clothing,2025-06-26,3,54.12,162.36
7735,C0161,M,52,Toronto,Shampoo,Beauty,2025-09-21,1,12.42,12.42
7736,C0499,M,41,Winnipeg,Lamp,Home,2025-05-08,1,41.7,41.7
7737,C0172,F,53,Edmonton,Sneakers,Clothing,2025-09-20,3,87.19,261.57
7738,C0857,M,31,Calgary,Lotion,Beauty,2025-10-04,1,19.37,19.37
7739,C1159,F,39,Winnipeg,Kettle,Home,2025-02-04,1,28.17,28.17
7740,C0226,M,56,Edmonton,Lotion,Beauty,2025-04-11,2,19.55,39.1
7741,C0975,F,25,Toronto,Air Fryer,Home,2025-08-13,3,114.41,343.23
7742,C1293,F,65,Ottawa,Serum,Beauty,2025-08-17,2,38.64,77.28
7743,C0032,F,33,Edmonton,Kettle,Home,2025-04-09,2,25.66,51.32
7744,C0295,M,63,Calgary,Smartwatch,Electronics,2025-03-23,1,164.58,164.58
7745,C1343,M,34,Winnipeg,Mouse,Electronics,2025-07-15,1,25.94,25.94
7746,C1182,M,22,Ottawa,Keyboard,Electronics,2025-03-09,3,38.97,116.91
7747,C1129,F,58,Edmonton,Perfume,Beauty,2025-09-30,2,48.38,96.76
7748,C0726,M,52,Edmonton,Air Fryer,Home,2025-10-26,1,117.55,117.55
7749,C1381,F,54,Ottawa,Headphones,Electronics,2025-05-21,1,65.45,65.45
7750,C0586,F,35,Winnipeg,Lamp,Home,2025-07-04,2,43.23,86.46
7751,C0584,F,38,Halifax,Mascara,Beauty,2025-06-03,1,17.79,17.79
7752,C0733,F,59,Vancouver,Air Fryer,Home,2025-07-08,2,114.92,229.84
7753,C0334,F,18,Vancouver,Mascara,Beauty,2025-03-03,1,19.13,19.13
7754,C0926,F,34,Toronto,Keyboard,Electronics,2025-01-19,1,40.04,40.04
7755,C0737,F,25,Calgary,Perfume,Beauty,2025-03-22,2,44.09,88.18
7756,C0362,M,46,Winnipeg,Lamp,Home,2025-01-30,1,43.32,43.32
7757,C0930,F,37,Montreal,Lotion,Beauty,2025-05-07,1,18.92,18.92
7758,C0935,M,54,Halifax,T-Shirt,Clothing,2025-08-06,3,19.03,57.09
7759,C1073,F,56,Vancouver,Hoodie,Clothing,2025-01-13,2,43.75,87.5
7760,C1400,M,22,Calgary,Mascara,Beauty,2025-06-26,1,19.29,19.29
7761,C0490,F,27,Vancouver,Vacuum,Home,2025-05-01,1,163.16,163.16
7762,C0133,M,23,Edmonton,Lipstick,Beauty,2025-06-28,1,14.16,14.16
7763,C0873,F,24,Calgary,Mouse,Electronics,2025-04-21,1,26.82,26.82
7764,C0299,M,52,Halifax,Blender,Home,2025-01-09,1,80.89,80.89
7765,C0559,F,44,Toronto,Kettle,Home,2025-08-10,1,30.64,30.64
7766,C1221,M,59,Ottawa,Vacuum,Home,2025-10-12,1,152.92,152.92
7767,C1043,F,38,Vancouver,Keyboard,Electronics,2025-04-20,1,36.06,36.06
7768,C1397,M,41,Halifax,Camera,Electronics,2025-05-16,1,290.18,290.18
7769,C1178,F,46,Halifax,Mascara,Beauty,2025-04-18,1,16.73,16.73
7770,C0194,M,44,Winnipeg,Air Fryer,Home,2025-07-23,4,103.13,412.52
7771,C0398,M,55,Ottawa,Headphones,Electronics,2025-01-15,4,73.75,295
7772,C0436,F,19,Edmonton,Air Fryer,Home,2025-06-11,1,103.9,103.9
7773,C0604,F,42,Ottawa,Mascara,Beauty,2025-07-14,2,19.69,39.38
7774,C0388,M,19,Winnipeg,Camera,Electronics,2025-09-18,2,328.71,657.42
7775,C0643,F,55,Winnipeg,Mouse,Electronics,2025-01-09,1,25.96,25.96
7776,C0335,F,35,Halifax,Perfume,Beauty,2025-08-04,1,42.46,42.46
7777,C1430,F,59,Winnipeg,Keyboard,Electronics,2025-09-18,1,43.14,43.14
7778,C0368,F,24,Montreal,Jacket,Clothing,2025-04-23,1,93.02,93.02
7779,C0562,M,21,Montreal,Jeans,Clothing,2025-04-27,1,59.01,59.01
7780,C1472,F,61,Toronto,Headphones,Electronics,2025-02-16,3,76.39,229.17
7781,C0979,M,57,Calgary,Mouse,Electronics,2025-10-28,2,23.13,46.26
7782,C0738,F,58,Winnipeg,Lotion,Beauty,2025-10-06,3,18.39,55.17
7783,C0509,F,27,Toronto,Dress,Clothing,2025-04-08,3,63.64,190.92
7784,C0696,F,58,Calgary,Mascara,Beauty,2025-04-03,2,19.32,38.64
7785,C0528,F,45,Halifax,Hoodie,Clothing,2025-10-26,1,45.75,45.75
7786,C0100,F,47,Edmonton,Smartwatch,Electronics,2025-09-09,1,155.71,155.71
7787,C1463,F,41,Winnipeg,Smartwatch,Electronics,2025-06-12,1,164.88,164.88
7788,C0278,F,53,Montreal,Sneakers,Clothing,2025-06-07,2,81.7,163.4
7789,C1402,F,33,Halifax,Perfume,Beauty,2025-03-08,1,42.65,42.65
7790,C1312,M,50,Toronto,Headphones,Electronics,2025-05-18,2,69.83,139.66
7791,C0428,F,27,Calgary,Smartwatch,Electronics,2025-10-17,4,150.92,603.68
7792,C0329,F,65,Edmonton,Lipstick,Beauty,2025-03-06,1,14.95,14.95
7793,C1024,F,38,Montreal,Camera,Electronics,2025-09-19,1,349.22,349.22
7794,C0764,F,44,Calgary,Lamp,Home,2025-07-17,2,42.72,85.44
7795,C0692,F,38,Toronto,Lamp,Home,2025-06-20,1,43.53,43.53
7796,C0033,F,44,Vancouver,Lotion,Beauty,2025-01-16,1,21.23,21.23
7797,C0120,F,49,Vancouver,Dress,Clothing,2025-07-10,2,58.26,116.52
7798,C1121,F,22,Edmonton,Shampoo,Beauty,2025-01-25,2,12.75,25.5
7799,C0386,M,52,Toronto,Lotion,Beauty,2025-09-07,1,21.69,21.69
7800,C0014,F,39,Edmonton,Shampoo,Beauty,2025-01-27,3,13.07,39.21
7801,C0613,F,53,Ottawa,Perfume,Beauty,2025-06-19,1,46.65,46.65
7802,C1341,F,27,Edmonton,Serum,Beauty,2025-04-27,2,35.81,71.62
7803,C0737,M,51,Winnipeg,Jacket,Clothing,2025-02-24,2,81.72,163.44
7804,C0321,F,23,Vancouver,Camera,Electronics,2025-01-26,1,297.42,297.42
7805,C0086,F,31,Edmonton,Lotion,Beauty,2025-09-29,1,21.86,21.86
7806,C0542,F,54,Vancouver,Shampoo,Beauty,2025-04-18,3,11.91,35.73
7807,C1307,M,36,Vancouver,Toaster,Home,2025-03-31,1,37.48,37.48
7808,C1088,M,49,Ottawa,T-Shirt,Clothing,2025-05-02,1,19.86,19.86
7809,C0080,M,37,Montreal,Shampoo,Beauty,2025-08-31,1,12.39,12.39
7810,C0394,F,38,Montreal,Lipstick,Beauty,2025-09-26,1,13.57,13.57
7811,C0667,F,32,Halifax,Serum,Beauty,2025-09-09,3,36.1,108.3
7812,C1374,F,34,Winnipeg,Perfume,Beauty,2025-03-16,1,44.43,44.43
7813,C0878,F,61,Ottawa,Serum,Beauty,2025-04-22,2,38.99,77.98
7814,C0211,M,62,Edmonton,Headphones,Electronics,2025-05-31,1,65.4,65.4
7815,C0403,M,41,Halifax,Perfume,Beauty,2025-09-27,2,47.38,94.76
7816,C1395,F,38,Ottawa,Charger,Electronics,2025-04-08,1,19.46,19.46
7817,C1123,M,65,Toronto,Perfume,Beauty,2025-09-12,1,47.86,47.86
7818,C0267,F,32,Halifax,Jeans,Clothing,2025-06-17,4,50.58,202.32
7819,C1076,M,28,Halifax,Sneakers,Clothing,2025-09-07,1,88.06,88.06
7820,C0638,F,54,Toronto,Keyboard,Electronics,2025-09-03,1,38.35,38.35
7821,C1146,F,47,Halifax,Keyboard,Electronics,2025-08-01,4,42.36,169.44
7822,C0032,M,35,Winnipeg,Keyboard,Electronics,2025-10-03,2,39.22,78.44
7823,C1021,M,45,Edmonton,Headphones,Electronics,2025-10-07,2,72.31,144.62
7824,C1360,F,30,Toronto,Toaster,Home,2025-02-15,1,38.04,38.04
7825,C0468,F,60,Montreal,Camera,Electronics,2025-01-18,1,289.32,289.32
7826,C0292,M,27,Edmonton,Sneakers,Clothing,2025-09-03,1,76.69,76.69
7827,C1455,F,64,Winnipeg,Hoodie,Clothing,2025-08-08,5,47.43,237.15
7828,C0600,F,56,Calgary,Headphones,Electronics,2025-06-25,4,72.05,288.2
7829,C0171,F,29,Vancouver,Charger,Electronics,2025-08-22,1,19.17,19.17
7830,C0368,M,55,Toronto,Shampoo,Beauty,2025-05-29,1,11.99,11.99
7831,C0308,M,58,Winnipeg,Lipstick,Beauty,2025-04-08,1,13.63,13.63
7832,C0068,F,65,Vancouver,Headphones,Electronics,2025-01-05,1,65.69,65.69
7833,C1157,M,57,Ottawa,Lipstick,Beauty,2025-06-08,1,14.77,14.77
7834,C1107,F,43,Montreal,Sneakers,Clothing,2025-03-28,2,90.68,181.36
7835,C0176,F,61,Toronto,Shampoo,Beauty,2025-08-19,3,11.95,35.85
7836,C0883,F,36,Edmonton,Camera,Electronics,2025-04-30,2,325.53,651.06
7837,C0920,M,40,Edmonton,Vacuum,Home,2025-06-21,2,161.21,322.42
7838,C0892,F,65,Calgary,Blender,Home,2025-03-05,2,81.75,163.5
7839,C0112,F,53,Edmonton,Keyboard,Electronics,2025-04-04,2,41.61,83.22
7840,C0355,M,44,Montreal,Jeans,Clothing,2025-06-19,1,58.98,58.98
7841,C0191,F,33,Ottawa,Smartwatch,Electronics,2025-08-23,1,150.48,150.48
7842,C0262,F,24,Edmonton,Smartwatch,Electronics,2025-05-01,1,155.41,155.41
7843,C0616,F,30,Halifax,Mascara,Beauty,2025-04-10,2,19.73,39.46
7844,C1363,F,29,Winnipeg,Smartwatch,Electronics,2025-05-15,4,175.46,701.84
7845,C0688,F,44,Winnipeg,Hoodie,Clothing,2025-03-10,1,42.51,42.51
7846,C1444,M,50,Halifax,Air Fryer,Home,2025-07-17,3,100.46,301.38
7847,C1072,M,48,Edmonton,Sneakers,Clothing,2025-07-25,1,81.11,81.11
7848,C0925,M,28,Edmonton,Keyboard,Electronics,2025-01-11,2,39.18,78.36
7849,C0120,F,34,Vancouver,Lipstick,Beauty,2025-05-10,3,14.82,44.46
7850,C0937,M,55,Montreal,Serum,Beauty,2025-08-11,2,38.9,77.8
7851,C0384,M,19,Winnipeg,Headphones,Electronics,2025-04-20,3,75.59,226.77
7852,C0329,M,20,Vancouver,Blender,Home,2025-01-27,1,82.12,82.12
7853,C0872,M,51,Edmonton,Blender,Home,2025-07-13,1,90.95,90.95
7854,C0765,F,49,Toronto,Charger,Electronics,2025-01-16,1,18.37,18.37
7855,C0773,M,41,Edmonton,Headphones,Electronics,2025-03-14,1,63.59,63.59
7856,C0085,M,41,Edmonton,Smartwatch,Electronics,2025-04-26,3,160.13,480.39
7857,C0017,M,30,Ottawa,Charger,Electronics,2025-07-20,1,18.24,18.24
7858,C0384,M,39,Calgary,Serum,Beauty,2025-05-13,2,37.18,74.36
7859,C0082,F,36,Halifax,Mascara,Beauty,2025-06-13,2,19.43,38.86
7860,C0796,F,47,Montreal,Perfume,Beauty,2025-01-07,1,42.67,42.67
7861,C0106,F,56,Edmonton,Perfume,Beauty,2025-03-02,1,46.85,46.85
7862,C0889,F,38,Vancouver,Perfume,Beauty,2025-04-30,1,43.22,43.22
7863,C0147,M,65,Halifax,Perfume,Beauty,2025-01-31,1,40.9,40.9
7864,C1032,F,40,Halifax,Air Fryer,Home,2025-02-17,1,111.25,111.25
7865,C0274,M,33,Ottawa,Headphones,Electronics,2025-04-01,1,74.69,74.69
7866,C0511,M,59,Winnipeg,Jacket,Clothing,2025-01-06,1,88.37,88.37
7867,C0735,M,24,Ottawa,Shampoo,Beauty,2025-10-12,2,12.28,24.56
7868,C0038,M,37,Winnipeg,Keyboard,Electronics,2025-03-25,2,43.2,86.4
7869,C1248,M,65,Toronto,Mouse,Electronics,2025-05-19,2,26.45,52.9
7870,C0571,M,59,Montreal,Lipstick,Beauty,2025-10-02,1,14.08,14.08
7871,C1157,M,31,Toronto,Dress,Clothing,2025-05-13,4,62.8,251.2
7872,C1386,M,43,Toronto,Lipstick,Beauty,2025-04-13,3,15.01,45.03
7873,C1245,F,39,Toronto,Dress,Clothing,2025-04-05,4,62.95,251.8
7874,C0660,F,58,Ottawa,Jacket,Clothing,2025-01-18,1,89.9,89.9
7875,C0082,M,53,Halifax,Headphones,Electronics,2025-01-21,3,64.79,194.37
7876,C1420,F,43,Vancouver,Headphones,Electronics,2025-01-06,2,70.98,141.96
7877,C1209,M,29,Vancouver,Lamp,Home,2025-01-24,1,39.94,39.94
7878,C0881,M,48,Halifax,Keyboard,Electronics,2025-08-13,1,40.14,40.14
7879,C0849,F,57,Halifax,Blender,Home,2025-03-01,2,91.44,182.88
7880,C0787,M,21,Halifax,Serum,Beauty,2025-10-11,1,41,41
7881,C1273,M,57,Calgary,Lipstick,Beauty,2025-08-08,1,14.86,14.86
7882,C0765,F,44,Edmonton,Smartwatch,Electronics,2025-10-06,1,158.58,158.58
7883,C0283,M,26,Calgary,Mouse,Electronics,2025-02-15,2,25.08,50.16
7884,C1461,M,29,Vancouver,T-Shirt,Clothing,2025-10-20,3,20.08,60.24
7885,C0252,M,46,Toronto,Serum,Beauty,2025-05-22,1,41.42,41.42
7886,C1006,M,45,Ottawa,Jacket,Clothing,2025-10-31,2,92.69,185.38
7887,C1396,F,33,Toronto,Perfume,Beauty,2025-03-19,1,43,43
7888,C1325,M,25,Toronto,Headphones,Electronics,2025-07-18,2,70.44,140.88
7889,C1358,F,64,Winnipeg,Camera,Electronics,2025-04-25,1,328.14,328.14
7890,C1348,M,30,Toronto,Smartwatch,Electronics,2025-02-05,3,164.47,493.41
7891,C0708,M,31,Montreal,Shampoo,Beauty,2025-03-01,1,12.2,12.2
7892,C0920,F,32,Montreal,Headphones,Electronics,2025-09-02,1,65.49,65.49
7893,C0855,M,26,Toronto,Dress,Clothing,2025-03-20,1,54.4,54.4
7894,C0036,F,61,Calgary,Headphones,Electronics,2025-07-10,2,67.73,135.46
7895,C1483,F,49,Calgary,Mouse,Electronics,2025-04-07,4,24.64,98.56
7896,C1254,F,39,Vancouver,Jeans,Clothing,2025-10-31,1,50.18,50.18
7897,C1307,F,42,Ottawa,Blender,Home,2025-05-30,1,90.35,90.35
7898,C1189,M,58,Montreal,Headphones,Electronics,2025-02-12,2,67.82,135.64
7899,C1356,M,43,Edmonton,Mascara,Beauty,2025-10-24,3,19.49,58.47
7900,C1199,F,62,Toronto,T-Shirt,Clothing,2025-08-06,1,18.62,18.62
7901,C0960,M,46,Edmonton,Headphones,Electronics,2025-07-26,1,63.8,63.8
7902,C0902,F,35,Montreal,Shampoo,Beauty,2025-05-26,1,11.96,11.96
7903,C1100,F,53,Edmonton,Shampoo,Beauty,2025-09-16,1,11.25,11.25
7904,C1464,M,37,Vancouver,Jeans,Clothing,2025-02-23,1,59.81,59.81
7905,C1152,M,50,Calgary,Shampoo,Beauty,2025-04-29,1,10.82,10.82
7906,C0512,F,37,Winnipeg,T-Shirt,Clothing,2025-08-31,1,19.65,19.65
7907,C0758,F,20,Calgary,Lotion,Beauty,2025-05-22,2,21.71,43.42
7908,C1422,M,60,Winnipeg,Blender,Home,2025-10-17,5,83.04,415.2
7909,C0278,M,51,Halifax,Charger,Electronics,2025-05-07,3,18.37,55.11
7910,C0331,F,23,Winnipeg,Smartwatch,Electronics,2025-08-13,2,153.69,307.38
7911,C0360,F,48,Halifax,Jeans,Clothing,2025-08-17,2,54.98,109.96
7912,C0871,F,52,Ottawa,Camera,Electronics,2025-08-29,1,299.85,299.85
7913,C1464,F,49,Ottawa,Keyboard,Electronics,2025-09-14,2,39.73,79.46
7914,C0102,M,59,Winnipeg,Serum,Beauty,2025-09-02,1,40.56,40.56
7915,C0377,F,26,Vancouver,Lotion,Beauty,2025-06-25,2,21.49,42.98
7916,C1280,M,63,Halifax,Perfume,Beauty,2025-01-10,4,40.94,163.76
7917,C0589,M,65,Ottawa,Lamp,Home,2025-03-24,3,37.29,111.87
7918,C0774,M,44,Vancouver,Mascara,Beauty,2025-05-19,1,17.19,17.19
7919,C1428,F,41,Halifax,Perfume,Beauty,2025-04-29,2,45.85,91.7
7920,C0822,M,39,Halifax,Keyboard,Electronics,2025-05-07,3,38.89,116.67
7921,C0002,M,47,Edmonton,Kettle,Home,2025-04-09,1,29.93,29.93
7922,C0128,M,53,Edmonton,Toaster,Home,2025-03-07,2,36.52,73.04
7923,C1156,M,43,Winnipeg,Lipstick,Beauty,2025-09-16,1,13.8,13.8
7924,C1479,M,19,Montreal,Perfume,Beauty,2025-05-23,3,46.12,138.36
7925,C0943,M,59,Toronto,Hoodie,Clothing,2025-02-28,1,41.52,41.52
7926,C1368,M,61,Calgary,Shampoo,Beauty,2025-09-01,1,11.41,11.41
7927,C0352,F,24,Winnipeg,Sneakers,Clothing,2025-07-11,2,79.52,159.04
7928,C1427,M,44,Halifax,Jeans,Clothing,2025-05-10,1,51.4,51.4
7929,C0042,F,33,Toronto,Vacuum,Home,2025-06-07,1,153.49,153.49
7930,C1379,M,63,Edmonton,Shampoo,Beauty,2025-06-15,1,12.15,12.15
7931,C0259,M,46,Montreal,Hoodie,Clothing,2025-09-18,2,42.08,84.16
7932,C1234,M,38,Edmonton,Lamp,Home,2025-05-13,1,43.92,43.92
7933,C0037,M,43,Winnipeg,Headphones,Electronics,2025-01-12,2,68.91,137.82
7934,C0022,F,35,Ottawa,Smartwatch,Electronics,2025-05-12,2,147.11,294.22
7935,C1185,F,18,Halifax,Perfume,Beauty,2025-06-02,1,41.59,41.59
7936,C0359,F,19,Calgary,Lipstick,Beauty,2025-10-09,2,15.25,30.5
7937,C1378,M,31,Halifax,Camera,Electronics,2025-02-24,1,350.66,350.66
7938,C1457,M,55,Ottawa,Smartwatch,Electronics,2025-09-13,1,162.3,162.3
7939,C1462,F,32,Toronto,Smartwatch,Electronics,2025-05-06,1,174.37,174.37
7940,C0830,F,53,Edmonton,Headphones,Electronics,2025-02-15,1,69.22,69.22
7941,C1309,F,41,Ottawa,Camera,Electronics,2025-06-23,1,315.89,315.89
7942,C0306,F,42,Vancouver,Blender,Home,2025-10-26,1,85,85
7943,C0014,M,26,Toronto,Jacket,Clothing,2025-01-21,2,93.55,187.1
7944,C0048,M,32,Ottawa,Shampoo,Beauty,2025-09-12,1,11.68,11.68
7945,C1324,F,54,Toronto,Headphones,Electronics,2025-06-14,3,75.09,225.27
7946,C1266,F,23,Ottawa,Perfume,Beauty,2025-09-25,1,40.76,40.76
7947,C1436,F,60,Ottawa,Lamp,Home,2025-04-11,1,39.52,39.52
7948,C1122,M,62,Edmonton,Air Fryer,Home,2025-05-29,1,110.24,110.24
7949,C0816,M,29,Edmonton,Hoodie,Clothing,2025-05-21,1,45.96,45.96
7950,C1150,M,44,Edmonton,Lotion,Beauty,2025-02-02,2,19.1,38.2
7951,C0160,M,24,Toronto,T-Shirt,Clothing,2025-08-24,1,19.71,19.71
7952,C1289,F,45,Montreal,Mascara,Beauty,2025-07-17,1,17.94,17.94
7953,C1271,M,29,Winnipeg,Kettle,Home,2025-08-23,1,29.05,29.05
7954,C0185,F,59,Toronto,Perfume,Beauty,2025-04-30,1,47.46,47.46
7955,C0467,M,52,Calgary,Hoodie,Clothing,2025-06-07,1,47.14,47.14
7956,C1326,F,19,Calgary,Charger,Electronics,2025-02-06,1,19.37,19.37
7957,C0783,F,43,Montreal,Blender,Home,2025-05-24,1,93.49,93.49
7958,C0631,F,37,Ottawa,T-Shirt,Clothing,2025-02-14,1,21.39,21.39
7959,C0735,F,42,Toronto,Perfume,Beauty,2025-07-18,1,42.84,42.84
7960,C1469,M,38,Winnipeg,Lotion,Beauty,2025-08-26,2,18.78,37.56
7961,C1263,F,18,Halifax,Sneakers,Clothing,2025-05-09,1,81.84,81.84
7962,C0558,F,45,Edmonton,Mouse,Electronics,2025-06-30,1,24.76,24.76
7963,C1253,M,55,Ottawa,Lotion,Beauty,2025-01-28,1,21.4,21.4
7964,C0327,M,30,Ottawa,Smartwatch,Electronics,2025-10-27,1,168.91,168.91
7965,C1315,M,47,Halifax,Smartwatch,Electronics,2025-03-08,1,171.24,171.24
7966,C0066,F,27,Calgary,Lotion,Beauty,2025-08-30,1,19.09,19.09
7967,C0313,M,62,Edmonton,Lipstick,Beauty,2025-09-01,1,15.28,15.28
7968,C0290,M,39,Winnipeg,Lipstick,Beauty,2025-06-16,1,14.35,14.35
7969,C0227,M,46,Edmonton,Smartwatch,Electronics,2025-09-23,2,147.49,294.98
7970,C0961,M,22,Toronto,T-Shirt,Clothing,2025-02-20,2,20.74,41.48
7971,C0175,F,25,Vancouver,T-Shirt,Clothing,2025-04-19,1,18.57,18.57
7972,C1245,F,28,Edmonton,Kettle,Home,2025-05-14,1,28.94,28.94
7973,C1089,M,43,Winnipeg,Shampoo,Beauty,2025-06-16,2,12.36,24.72
7974,C0847,M,36,Edmonton,Jacket,Clothing,2025-03-21,2,95.58,191.16
7975,C0762,M,36,Calgary,Headphones,Electronics,2025-04-09,4,64.95,259.8
7976,C0270,M,47,Edmonton,Lotion,Beauty,2025-06-02,1,21.13,21.13
7977,C0182,F,53,Halifax,Sneakers,Clothing,2025-10-16,1,93.49,93.49
7978,C0906,M,59,Ottawa,Vacuum,Home,2025-03-24,2,160.53,321.06
7979,C0835,M,26,Ottawa,Lamp,Home,2025-04-12,2,42.01,84.02
7980,C0340,F,24,Vancouver,Air Fryer,Home,2025-08-19,1,113.57,113.57
7981,C0896,M,35,Ottawa,Mascara,Beauty,2025-09-09,2,17.72,35.44
7982,C1330,M,26,Montreal,Lipstick,Beauty,2025-01-25,1,15.69,15.69
7983,C0887,F,23,Vancouver,Blender,Home,2025-02-26,1,88.81,88.81
7984,C0859,F,23,Edmonton,Mascara,Beauty,2025-10-29,1,18.47,18.47
7985,C0753,F,62,Ottawa,Charger,Electronics,2025-04-10,1,21.19,21.19
7986,C1140,F,39,Calgary,Toaster,Home,2025-04-29,2,34.64,69.28
7987,C1035,F,34,Calgary,Toaster,Home,2025-05-31,2,32.35,64.7
7988,C0899,F,32,Winnipeg,Smartwatch,Electronics,2025-03-21,2,161.89,323.78
7989,C0984,F,26,Montreal,Air Fryer,Home,2025-05-30,1,104.83,104.83
7990,C0167,M,23,Vancouver,Jacket,Clothing,2025-05-06,1,87.92,87.92
7991,C1034,F,40,Vancouver,Lamp,Home,2025-10-16,1,36.14,36.14
7992,C0563,F,34,Halifax,Perfume,Beauty,2025-02-10,1,43.95,43.95
7993,C0328,M,49,Ottawa,Lipstick,Beauty,2025-07-09,2,15.93,31.86
7994,C1071,F,49,Ottawa,Charger,Electronics,2025-03-04,1,20.17,20.17
7995,C1402,F,54,Toronto,Lotion,Beauty,2025-07-24,1,18.04,18.04
7996,C0821,F,20,Edmonton,Shampoo,Beauty,2025-07-23,1,11.93,11.93
7997,C0399,F,33,Montreal,Lotion,Beauty,2025-06-28,1,19.17,19.17
7998,C0437,F,19,Vancouver,Keyboard,Electronics,2025-04-15,2,39.82,79.64
7999,C1145,M,20,Ottawa,T-Shirt,Clothing,2025-03-27,1,19.62,19.62
8000,C0810,M,58,Halifax,Perfume,Beauty,2025-09-08,2,48.89,97.78
8001,C0797,F,31,Edmonton,Kettle,Home,2025-01-04,2,25.43,50.86
8002,C1071,F,31,Vancouver,Lamp,Home,2025-07-03,1,41.47,41.47
8003,C0731,F,47,Edmonton,Perfume,Beauty,2025-06-30,1,48.16,48.16
8004,C0798,F,57,Montreal,Dress,Clothing,2025-10-27,2,65.51,131.02
8005,C0635,F,44,Calgary,Headphones,Electronics,2025-01-16,1,65.49,65.49
8006,C0526,M,34,Montreal,Mouse,Electronics,2025-04-04,2,25.16,50.32
8007,C0489,F,56,Vancouver,Toaster,Home,2025-10-06,1,31.81,31.81
8008,C0505,M,26,Ottawa,Lotion,Beauty,2025-06-05,1,20,20
8009,C1103,F,53,Vancouver,Lamp,Home,2025-01-16,3,37,111
8010,C0750,F,27,Toronto,Lotion,Beauty,2025-02-10,1,21.35,21.35
8011,C1391,M,46,Edmonton,Hoodie,Clothing,2025-05-17,1,41.52,41.52
8012,C1339,M,21,Montreal,Headphones,Electronics,2025-09-15,1,70.19,70.19
8013,C1134,M,38,Toronto,Toaster,Home,2025-02-12,1,35.15,35.15
8014,C0874,M,54,Vancouver,Mascara,Beauty,2025-03-07,1,19.7,19.7
8015,C0556,F,19,Winnipeg,Lamp,Home,2025-07-27,1,41.24,41.24
8016,C0409,M,32,Halifax,Lamp,Home,2025-09-02,1,38.3,38.3
8017,C1115,M,45,Vancouver,Keyboard,Electronics,2025-08-31,3,37.93,113.79
8018,C0239,M,42,Edmonton,Kettle,Home,2025-03-18,1,25.92,25.92
8019,C1324,M,43,Toronto,Smartwatch,Electronics,2025-08-07,1,168.21,168.21
8020,C0317,F,26,Ottawa,Hoodie,Clothing,2025-08-11,1,46.72,46.72
8021,C0770,F,47,Ottawa,Headphones,Electronics,2025-01-21,1,71.54,71.54
8022,C1267,F,26,Montreal,Jeans,Clothing,2025-05-27,1,49.95,49.95
8023,C0977,F,18,Halifax,Jeans,Clothing,2025-03-18,1,57.89,57.89
8024,C0079,M,29,Edmonton,Mouse,Electronics,2025-02-04,3,25.71,77.13
8025,C0475,F,62,Toronto,Shampoo,Beauty,2025-05-06,1,13.11,13.11
8026,C0330,F,30,Montreal,Keyboard,Electronics,2025-08-20,1,40.7,40.7
8027,C0510,M,31,Montreal,T-Shirt,Clothing,2025-03-28,2,19.22,38.44
8028,C0777,F,27,Halifax,Perfume,Beauty,2025-10-31,1,43.93,43.93
8029,C0920,M,34,Halifax,Camera,Electronics,2025-07-07,2,299.25,598.5
8030,C0961,F,34,Calgary,Sneakers,Clothing,2025-02-14,1,88.79,88.79
8031,C0166,F,48,Edmonton,Smartwatch,Electronics,2025-03-13,2,166.65,333.3
8032,C0901,M,63,Montreal,Vacuum,Home,2025-08-04,2,141.02,282.04
8033,C1092,F,43,Edmonton,Perfume,Beauty,2025-04-08,3,41.93,125.79
8034,C0237,F,52,Edmonton,Lotion,Beauty,2025-09-28,1,18.31,18.31
8035,C1252,F,53,Montreal,Vacuum,Home,2025-04-01,2,162.36,324.72
8036,C0471,M,28,Calgary,Serum,Beauty,2025-05-22,1,35.97,35.97
8037,C1086,M,33,Montreal,Serum,Beauty,2025-04-27,2,36.82,73.64
8038,C0135,F,46,Montreal,Dress,Clothing,2025-01-02,1,57.37,57.37
8039,C0947,M,62,Edmonton,Mouse,Electronics,2025-02-12,1,24.57,24.57
8040,C0160,F,35,Montreal,Hoodie,Clothing,2025-03-12,1,46.93,46.93
8041,C0619,M,28,Toronto,T-Shirt,Clothing,2025-05-24,1,21.48,21.48
8042,C0842,M,28,Calgary,Lipstick,Beauty,2025-09-03,1,14.05,14.05
8043,C0755,M,26,Halifax,Lotion,Beauty,2025-10-11,2,20.75,41.5
8044,C0755,F,42,Ottawa,Lamp,Home,2025-08-02,1,38.82,38.82
8045,C1125,M,49,Montreal,Charger,Electronics,2025-04-17,2,21.92,43.84
8046,C1249,F,51,Halifax,Lipstick,Beauty,2025-09-20,1,14.4,14.4
8047,C1306,F,20,Toronto,Air Fryer,Home,2025-10-21,1,99.16,99.16
8048,C0555,F,31,Toronto,Lipstick,Beauty,2025-06-25,1,15.05,15.05
8049,C1389,F,65,Toronto,T-Shirt,Clothing,2025-04-17,1,18.6,18.6
8050,C1342,F,57,Calgary,Lotion,Beauty,2025-03-27,1,18.18,18.18
8051,C0415,M,42,Winnipeg,Serum,Beauty,2025-08-15,5,39.51,197.55
8052,C1047,F,33,Winnipeg,Lotion,Beauty,2025-03-23,1,20.93,20.93
8053,C0840,F,53,Calgary,T-Shirt,Clothing,2025-08-29,2,19.84,39.68
8054,C1207,F,26,Halifax,Lamp,Home,2025-01-02,1,41.42,41.42
8055,C0656,M,21,Vancouver,Dress,Clothing,2025-09-08,3,60.46,181.38
8056,C0777,F,62,Montreal,Camera,Electronics,2025-02-11,1,328.31,328.31
8057,C0979,F,19,Ottawa,Camera,Electronics,2025-03-22,3,326.19,978.57
8058,C0551,F,42,Ottawa,Shampoo,Beauty,2025-09-19,1,12.4,12.4
8059,C0300,M,39,Vancouver,Smartwatch,Electronics,2025-07-16,1,150.39,150.39
8060,C1321,M,22,Ottawa,Camera,Electronics,2025-09-05,1,305.2,305.2
8061,C1293,M,38,Montreal,Vacuum,Home,2025-10-23,1,148.2,148.2
8062,C0588,M,27,Ottawa,Mascara,Beauty,2025-02-05,1,17.81,17.81
8063,C0969,M,40,Montreal,T-Shirt,Clothing,2025-04-13,1,21.1,21.1
8064,C1304,M,44,Calgary,Perfume,Beauty,2025-10-30,2,43.81,87.62
8065,C0048,M,47,Winnipeg,Hoodie,Clothing,2025-04-08,1,41.96,41.96
8066,C0205,F,21,Calgary,Lotion,Beauty,2025-05-25,1,19.01,19.01
8067,C0611,M,23,Montreal,Charger,Electronics,2025-10-09,1,18.86,18.86
8068,C0422,F,43,Winnipeg,Keyboard,Electronics,2025-05-07,2,41.85,83.7
8069,C0974,F,27,Winnipeg,Mouse,Electronics,2025-10-31,1,24.85,24.85
8070,C0320,F,22,Edmonton,Smartwatch,Electronics,2025-10-10,1,166.68,166.68
8071,C0948,F,56,Montreal,Mouse,Electronics,2025-10-29,1,24.58,24.58
8072,C1168,F,54,Calgary,Keyboard,Electronics,2025-03-08,1,43.12,43.12
8073,C0090,F,57,Montreal,Toaster,Home,2025-05-27,1,38.38,38.38
8074,C0550,M,18,Vancouver,Blender,Home,2025-03-22,3,87.89,263.67
8075,C1189,F,51,Calgary,Jeans,Clothing,2025-09-10,1,59,59
8076,C1283,M,65,Ottawa,Shampoo,Beauty,2025-08-30,1,12.02,12.02
8077,C0111,F,25,Calgary,Blender,Home,2025-03-06,2,92.39,184.78
8078,C0684,M,38,Ottawa,Camera,Electronics,2025-03-12,1,341.22,341.22
8079,C1032,F,48,Halifax,Mouse,Electronics,2025-02-05,2,27.46,54.92
8080,C0023,F,64,Ottawa,Headphones,Electronics,2025-03-08,5,71.72,358.6
8081,C1433,F,40,Vancouver,Headphones,Electronics,2025-03-24,4,73.91,295.64
8082,C0571,M,28,Calgary,Perfume,Beauty,2025-06-19,1,45.39,45.39
8083,C0441,F,33,Calgary,Mascara,Beauty,2025-03-08,1,17.13,17.13
8084,C1082,F,44,Halifax,Serum,Beauty,2025-04-08,3,36.9,110.7
8085,C1359,M,24,Vancouver,Vacuum,Home,2025-10-20,1,161.82,161.82
8086,C1012,F,41,Winnipeg,Vacuum,Home,2025-09-07,1,136.68,136.68
8087,C0687,F,49,Halifax,T-Shirt,Clothing,2025-10-29,1,20.37,20.37
8088,C1120,M,52,Calgary,Vacuum,Home,2025-07-27,1,146.17,146.17
8089,C1448,M,48,Winnipeg,Lipstick,Beauty,2025-03-04,5,14.66,73.3
8090,C1171,F,64,Ottawa,Sneakers,Clothing,2025-03-19,2,91.54,183.08
8091,C0462,F,46,Edmonton,Jeans,Clothing,2025-01-30,1,58.89,58.89
8092,C0629,M,21,Edmonton,Mouse,Electronics,2025-09-08,2,25.49,50.98
8093,C0752,F,52,Winnipeg,Headphones,Electronics,2025-04-25,1,66.82,66.82
8094,C1452,F,28,Montreal,T-Shirt,Clothing,2025-08-07,3,19.9,59.7
8095,C1379,M,51,Edmonton,Charger,Electronics,2025-06-03,1,19.63,19.63
8096,C0666,F,56,Edmonton,Dress,Clothing,2025-08-09,1,58.24,58.24
8097,C0308,M,32,Vancouver,Mascara,Beauty,2025-01-23,1,16.57,16.57
8098,C0421,M,31,Edmonton,Perfume,Beauty,2025-08-02,1,45.39,45.39
8099,C0303,F,38,Vancouver,Mouse,Electronics,2025-05-28,1,24.01,24.01
8100,C0712,M,24,Halifax,Camera,Electronics,2025-10-29,1,330.29,330.29
8101,C0526,F,34,Winnipeg,Dress,Clothing,2025-07-27,5,57.83,289.15
8102,C1178,M,59,Halifax,Jeans,Clothing,2025-06-08,3,54.24,162.72
8103,C0047,F,35,Montreal,Camera,Electronics,2025-06-16,2,291.35,582.7
8104,C0760,M,31,Halifax,Lipstick,Beauty,2025-03-04,3,16.48,49.44
8105,C0606,F,55,Ottawa,Jeans,Clothing,2025-10-03,3,55.08,165.24
8106,C0499,F,46,Montreal,Kettle,Home,2025-01-23,2,25.34,50.68
8107,C0106,M,27,Calgary,Serum,Beauty,2025-08-12,1,38.31,38.31
8108,C0740,F,34,Montreal,Camera,Electronics,2025-07-20,3,343.7,1031.1
8109,C0907,F,49,Vancouver,Vacuum,Home,2025-10-10,1,158.18,158.18
8110,C0770,M,37,Toronto,Vacuum,Home,2025-08-03,1,156.03,156.03
8111,C0158,F,34,Calgary,Keyboard,Electronics,2025-09-22,1,37.12,37.12
8112,C0371,M,63,Winnipeg,Charger,Electronics,2025-08-17,1,20.63,20.63
8113,C0792,M,24,Edmonton,T-Shirt,Clothing,2025-08-15,3,21.07,63.21
8114,C0245,M,56,Edmonton,Vacuum,Home,2025-10-04,2,152.17,304.34
8115,C0117,F,61,Winnipeg,Mouse,Electronics,2025-08-18,3,26.96,80.88
8116,C0070,F,47,Edmonton,Headphones,Electronics,2025-08-03,2,66.88,133.76
8117,C0878,M,55,Montreal,Toaster,Home,2025-06-06,1,33.2,33.2
8118,C1099,F,57,Montreal,Lipstick,Beauty,2025-01-13,2,16.11,32.22
8119,C0135,M,58,Ottawa,Lipstick,Beauty,2025-07-16,1,15.38,15.38
8120,C0737,F,27,Winnipeg,Camera,Electronics,2025-04-21,1,288.09,288.09
8121,C0890,F,49,Calgary,Mouse,Electronics,2025-04-13,2,24.27,48.54
8122,C0138,M,43,Ottawa,Toaster,Home,2025-04-13,2,37.5,75
8123,C0713,F,65,Vancouver,Lipstick,Beauty,2025-06-19,2,13.58,27.16
8124,C1438,F,34,Vancouver,Vacuum,Home,2025-04-19,1,135.1,135.1
8125,C1456,F,18,Ottawa,Mouse,Electronics,2025-05-06,2,23.91,47.82
8126,C0240,M,56,Calgary,Lotion,Beauty,2025-08-23,1,21.66,21.66
8127,C0537,F,43,Halifax,Lotion,Beauty,2025-05-28,1,21.61,21.61
8128,C0217,M,47,Ottawa,T-Shirt,Clothing,2025-06-20,1,20.08,20.08
8129,C0881,F,26,Edmonton,Sneakers,Clothing,2025-01-01,1,85.91,85.91
8130,C1036,F,61,Halifax,Lipstick,Beauty,2025-02-09,1,14.5,14.5
8131,C1223,F,50,Halifax,Blender,Home,2025-08-25,1,80.64,80.64
8132,C0507,F,43,Ottawa,Vacuum,Home,2025-01-07,2,159.46,318.92
8133,C0418,F,59,Calgary,Dress,Clothing,2025-06-12,1,55.28,55.28
8134,C0387,F,27,Vancouver,Camera,Electronics,2025-10-17,1,319.19,319.19
8135,C1158,M,59,Toronto,Air Fryer,Home,2025-06-06,1,112.96,112.96
8136,C1339,M,49,Ottawa,Mascara,Beauty,2025-04-24,3,16.57,49.71
8137,C0923,M,56,Edmonton,Charger,Electronics,2025-04-22,3,20.08,60.24
8138,C0595,M,64,Halifax,Sneakers,Clothing,2025-09-14,1,86.32,86.32
8139,C0840,F,59,Edmonton,Charger,Electronics,2025-03-14,1,20.97,20.97
8140,C0036,F,65,Ottawa,Headphones,Electronics,2025-07-12,1,66.29,66.29
8141,C0829,M,65,Montreal,Lipstick,Beauty,2025-09-30,1,14.38,14.38
8142,C1490,M,50,Calgary,Lamp,Home,2025-08-12,1,40.56,40.56
8143,C0711,F,44,Montreal,Kettle,Home,2025-04-04,1,30.71,30.71
8144,C1217,M,60,Vancouver,Keyboard,Electronics,2025-07-26,1,37.74,37.74
8145,C1413,F,46,Montreal,Hoodie,Clothing,2025-06-19,2,49.37,98.74
8146,C0682,M,36,Calgary,Shampoo,Beauty,2025-06-05,1,12.51,12.51
8147,C1166,F,35,Ottawa,Mouse,Electronics,2025-09-01,1,26.63,26.63
8148,C0248,F,52,Ottawa,T-Shirt,Clothing,2025-01-03,3,18.36,55.08
8149,C0321,F,64,Toronto,Charger,Electronics,2025-08-08,3,19.2,57.6
8150,C0723,F,45,Vancouver,Perfume,Beauty,2025-01-05,3,41.02,123.06
8151,C1410,M,55,Ottawa,Smartwatch,Electronics,2025-07-13,1,155.89,155.89
8152,C0782,M,27,Montreal,T-Shirt,Clothing,2025-02-23,1,21.93,21.93
8153,C1347,F,20,Toronto,Shampoo,Beauty,2025-10-27,1,11.05,11.05
8154,C0627,M,59,Toronto,Jacket,Clothing,2025-07-28,1,91.12,91.12
8155,C1485,F,46,Winnipeg,Blender,Home,2025-03-17,1,76.6,76.6
8156,C0323,M,33,Vancouver,Shampoo,Beauty,2025-08-06,3,12.51,37.53
8157,C1294,F,53,Halifax,Blender,Home,2025-04-28,4,79.85,319.4
8158,C0930,F,18,Toronto,Headphones,Electronics,2025-10-07,2,64.81,129.62
8159,C1161,F,35,Edmonton,Headphones,Electronics,2025-03-21,2,67.72,135.44
8160,C1418,F,21,Calgary,Vacuum,Home,2025-07-06,1,158.13,158.13
8161,C0904,F,22,Halifax,Jacket,Clothing,2025-01-08,2,82.92,165.84
8162,C0061,F,38,Montreal,Lipstick,Beauty,2025-04-01,3,14.19,42.57
8163,C0935,F,21,Toronto,Camera,Electronics,2025-07-29,2,288.54,577.08
8164,C1022,M,37,Ottawa,Smartwatch,Electronics,2025-09-15,1,174.99,174.99
8165,C0919,F,36,Montreal,Mouse,Electronics,2025-02-10,1,25.46,25.46
8166,C0328,F,52,Halifax,Headphones,Electronics,2025-08-03,1,73.08,73.08
8167,C0895,M,62,Vancouver,Serum,Beauty,2025-07-03,1,39.15,39.15
8168,C0168,F,41,Halifax,Air Fryer,Home,2025-10-31,3,102.18,306.54
8169,C0358,F,37,Halifax,Mouse,Electronics,2025-08-29,2,25.47,50.94
8170,C1083,M,45,Toronto,Lotion,Beauty,2025-04-16,2,18.53,37.06
8171,C1458,M,55,Montreal,T-Shirt,Clothing,2025-01-22,1,19.6,19.6
8172,C0868,F,41,Ottawa,T-Shirt,Clothing,2025-09-02,1,20.28,20.28
8173,C0683,M,37,Toronto,Smartwatch,Electronics,2025-10-01,1,161.88,161.88
8174,C0084,M,41,Vancouver,Keyboard,Electronics,2025-03-20,2,36.95,73.9
8175,C0248,M,23,Vancouver,Air Fryer,Home,2025-10-31,1,99.76,99.76
8176,C0826,M,55,Winnipeg,Mouse,Electronics,2025-01-23,4,26.49,105.96
8177,C1022,M,42,Vancouver,Shampoo,Beauty,2025-04-21,2,12.54,25.08
8178,C1420,M,49,Edmonton,Kettle,Home,2025-05-10,2,25.66,51.32
8179,C0932,F,34,Toronto,Lipstick,Beauty,2025-09-17,3,13.88,41.64
8180,C0969,M,34,Toronto,Serum,Beauty,2025-06-03,5,40.98,204.9
8181,C0481,M,22,Toronto,Mascara,Beauty,2025-01-19,1,18.97,18.97
8182,C0646,F,34,Ottawa,Serum,Beauty,2025-02-18,2,41.77,83.54
8183,C1312,F,26,Edmonton,Perfume,Beauty,2025-03-15,1,42.79,42.79
8184,C0193,M,37,Winnipeg,Jacket,Clothing,2025-08-02,1,89.78,89.78
8185,C0438,M,19,Vancouver,Smartwatch,Electronics,2025-02-22,1,151.57,151.57
8186,C0500,M,36,Montreal,Shampoo,Beauty,2025-07-09,2,12.29,24.58
8187,C0152,F,26,Edmonton,Shampoo,Beauty,2025-05-09,1,11.08,11.08
8188,C0669,M,57,Montreal,Dress,Clothing,2025-05-24,2,55.53,111.06
8189,C0269,F,36,Halifax,Headphones,Electronics,2025-09-05,2,64.01,128.02
8190,C0575,F,62,Toronto,Smartwatch,Electronics,2025-06-29,2,166.19,332.38
8191,C0157,F,21,Vancouver,Sneakers,Clothing,2025-01-07,1,84.9,84.9
8192,C0187,M,23,Winnipeg,Keyboard,Electronics,2025-10-18,2,40.94,81.88
8193,C0317,F,53,Vancouver,Mouse,Electronics,2025-07-25,1,26.9,26.9
8194,C0600,F,28,Toronto,Shampoo,Beauty,2025-03-09,1,12.58,12.58
8195,C0987,M,38,Ottawa,Smartwatch,Electronics,2025-05-23,4,158.78,635.12
8196,C1267,F,59,Montreal,Charger,Electronics,2025-04-18,1,21.94,21.94
8197,C0084,F,65,Montreal,Lamp,Home,2025-07-04,1,39.65,39.65
8198,C0196,F,42,Calgary,Camera,Electronics,2025-08-28,2,295.2,590.4
8199,C1302,M,47,Halifax,Mouse,Electronics,2025-05-31,1,27.46,27.46
8200,C1159,M,35,Winnipeg,Shampoo,Beauty,2025-07-30,1,10.85,10.85
8201,C0378,F,42,Halifax,Mascara,Beauty,2025-03-19,2,18.18,36.36
8202,C0118,F,38,Toronto,Camera,Electronics,2025-08-16,1,307.78,307.78
8203,C0026,M,40,Montreal,Hoodie,Clothing,2025-09-04,1,45.03,45.03
8204,C0239,F,47,Winnipeg,Smartwatch,Electronics,2025-04-12,2,161.88,323.76
8205,C1133,F,61,Montreal,Vacuum,Home,2025-08-02,2,142.2,284.4
8206,C1114,F,63,Ottawa,Lotion,Beauty,2025-05-19,2,20.23,40.46
8207,C0382,M,35,Edmonton,Lipstick,Beauty,2025-07-05,3,15.77,47.31
8208,C0793,M,50,Toronto,Mascara,Beauty,2025-06-17,1,17.16,17.16
8209,C1042,F,62,Toronto,Headphones,Electronics,2025-02-27,2,68.37,136.74
8210,C0664,M,52,Edmonton,Lipstick,Beauty,2025-04-29,2,14.3,28.6
8211,C0502,M,63,Winnipeg,Shampoo,Beauty,2025-03-29,1,12.77,12.77
8212,C0620,M,39,Halifax,Toaster,Home,2025-05-02,4,36.57,146.28
8213,C0776,M,41,Edmonton,Perfume,Beauty,2025-09-01,3,48.34,145.02
8214,C0217,M,40,Edmonton,Camera,Electronics,2025-03-08,1,298.88,298.88
8215,C0995,F,18,Halifax,Charger,Electronics,2025-10-21,2,18.29,36.58
8216,C0024,M,32,Winnipeg,Headphones,Electronics,2025-05-10,2,64.67,129.34
8217,C1000,F,65,Montreal,Keyboard,Electronics,2025-02-09,1,37.29,37.29
8218,C0373,M,45,Montreal,Headphones,Electronics,2025-07-31,3,70.46,211.38
8219,C0614,F,59,Winnipeg,Mouse,Electronics,2025-02-25,2,27.35,54.7
8220,C1493,F,37,Halifax,Blender,Home,2025-07-19,2,82.57,165.14
8221,C0330,F,53,Vancouver,Dress,Clothing,2025-10-18,1,65.5,65.5
8222,C1178,F,60,Calgary,Serum,Beauty,2025-04-17,1,34.49,34.49
8223,C0936,M,33,Edmonton,Lotion,Beauty,2025-07-14,1,21.71,21.71
8224,C0417,F,22,Montreal,Sneakers,Clothing,2025-05-02,2,79.58,159.16
8225,C1465,F,60,Toronto,Headphones,Electronics,2025-04-05,2,75.77,151.54
8226,C0423,F,32,Vancouver,Smartwatch,Electronics,2025-10-14,1,145.8,145.8
8227,C0606,M,19,Winnipeg,Charger,Electronics,2025-05-05,1,21.79,21.79
8228,C1061,M,41,Ottawa,Serum,Beauty,2025-05-06,1,35.73,35.73
8229,C1298,F,30,Toronto,Charger,Electronics,2025-02-05,2,19.21,38.42
8230,C1182,F,40,Halifax,Charger,Electronics,2025-08-05,2,19.96,39.92
8231,C0700,F,29,Vancouver,Serum,Beauty,2025-01-03,1,37.09,37.09
8232,C1457,M,63,Halifax,Camera,Electronics,2025-01-30,1,330.72,330.72
8233,C0113,F,50,Edmonton,Toaster,Home,2025-09-12,1,38.32,38.32
8234,C0542,F,61,Toronto,Charger,Electronics,2025-02-14,1,20.43,20.43
8235,C0941,M,62,Edmonton,Shampoo,Beauty,2025-06-26,2,12.53,25.06
8236,C1462,F,42,Toronto,Headphones,Electronics,2025-08-10,1,64.23,64.23
8237,C1424,M,52,Toronto,Lamp,Home,2025-04-23,1,41.02,41.02
8238,C0018,M,52,Montreal,Vacuum,Home,2025-05-02,2,148.62,297.24
8239,C0162,F,18,Montreal,Lamp,Home,2025-10-02,4,43.09,172.36
8240,C1429,M,60,Calgary,Perfume,Beauty,2025-08-20,5,43.99,219.95
8241,C1484,M,21,Ottawa,Vacuum,Home,2025-09-06,4,155.38,621.52
8242,C0159,F,48,Ottawa,Kettle,Home,2025-04-13,2,26.48,52.96
8243,C1034,M,45,Montreal,Lipstick,Beauty,2025-06-25,2,14.28,28.56
8244,C0873,M,28,Toronto,Keyboard,Electronics,2025-08-24,2,39.01,78.02
8245,C1039,M,49,Toronto,Camera,Electronics,2025-10-09,3,307.46,922.38
8246,C0565,F,19,Winnipeg,Air Fryer,Home,2025-09-02,4,104.59,418.36
8247,C0699,M,61,Edmonton,Shampoo,Beauty,2025-05-13,1,10.92,10.92
8248,C1079,M,30,Vancouver,Charger,Electronics,2025-06-08,1,21.35,21.35
8249,C0446,M,34,Edmonton,Jacket,Clothing,2025-10-07,1,82.16,82.16
8250,C1180,F,21,Edmonton,Kettle,Home,2025-01-22,2,30.17,60.34
8251,C0890,F,48,Vancouver,Sneakers,Clothing,2025-04-12,2,78.63,157.26
8252,C0391,F,55,Vancouver,Jeans,Clothing,2025-05-30,3,50.22,150.66
8253,C0139,F,20,Winnipeg,Lipstick,Beauty,2025-02-26,1,15.19,15.19
8254,C1437,F,60,Edmonton,Vacuum,Home,2025-06-07,1,150.07,150.07
8255,C0884,M,29,Halifax,Keyboard,Electronics,2025-10-30,4,39.93,159.72
8256,C0762,M,61,Ottawa,T-Shirt,Clothing,2025-07-14,1,20.3,20.3
8257,C0125,F,35,Ottawa,Serum,Beauty,2025-06-16,1,36.38,36.38
8258,C0219,F,47,Vancouver,Hoodie,Clothing,2025-07-13,2,46.47,92.94
8259,C0281,F,63,Vancouver,Vacuum,Home,2025-09-17,1,150.07,150.07
8260,C0440,F,28,Vancouver,Kettle,Home,2025-07-19,1,27.07,27.07
8261,C0102,F,41,Ottawa,Perfume,Beauty,2025-01-05,1,47.94,47.94
8262,C1064,F,38,Montreal,Perfume,Beauty,2025-10-27,1,47.05,47.05
8263,C0471,F,65,Edmonton,Blender,Home,2025-04-01,1,83.19,83.19
8264,C1400,M,52,Halifax,Shampoo,Beauty,2025-01-24,1,12.83,12.83
8265,C1215,M,21,Halifax,T-Shirt,Clothing,2025-08-24,1,21.68,21.68
8266,C0434,M,43,Halifax,Mascara,Beauty,2025-08-23,1,18.13,18.13
8267,C0011,F,25,Edmonton,Toaster,Home,2025-08-14,2,33,66
8268,C1270,M,41,Halifax,Headphones,Electronics,2025-01-28,1,75.82,75.82
8269,C0132,M,60,Edmonton,Air Fryer,Home,2025-06-01,1,103.17,103.17
8270,C0484,F,62,Edmonton,Lamp,Home,2025-09-03,1,36.39,36.39
8271,C0415,M,29,Toronto,Smartwatch,Electronics,2025-01-05,1,154.48,154.48
8272,C1354,F,22,Edmonton,Lipstick,Beauty,2025-01-13,1,15.68,15.68
8273,C0822,F,33,Halifax,Mascara,Beauty,2025-02-24,1,19.52,19.52
8274,C0568,M,49,Edmonton,Mouse,Electronics,2025-10-13,4,25.69,102.76
8275,C0862,M,46,Montreal,Smartwatch,Electronics,2025-04-12,3,174.46,523.38
8276,C0355,M,50,Ottawa,Blender,Home,2025-08-02,2,78.07,156.14
8277,C0261,F,58,Ottawa,Mouse,Electronics,2025-04-23,1,22.8,22.8
8278,C0592,F,31,Vancouver,Smartwatch,Electronics,2025-03-31,2,163.33,326.66
8279,C1011,M,42,Montreal,Keyboard,Electronics,2025-09-28,1,43.73,43.73
8280,C0580,F,25,Ottawa,Perfume,Beauty,2025-09-04,2,45.02,90.04
8281,C1028,M,44,Halifax,Keyboard,Electronics,2025-01-30,1,36.41,36.41
8282,C0341,M,52,Calgary,Hoodie,Clothing,2025-01-28,2,42.49,84.98
8283,C0970,F,39,Montreal,T-Shirt,Clothing,2025-03-09,3,18.98,56.94
8284,C0095,F,24,Winnipeg,Charger,Electronics,2025-05-23,1,19.35,19.35
8285,C0016,F,53,Montreal,Headphones,Electronics,2025-02-03,1,63.61,63.61
8286,C1135,F,64,Winnipeg,Jeans,Clothing,2025-08-15,1,59.45,59.45
8287,C0326,F,29,Ottawa,Keyboard,Electronics,2025-07-22,1,40.12,40.12
8288,C1246,F,26,Toronto,Lotion,Beauty,2025-03-02,3,20.68,62.04
8289,C1295,M,62,Ottawa,Serum,Beauty,2025-07-10,1,34.71,34.71
8290,C0875,M,52,Montreal,Headphones,Electronics,2025-01-02,1,63.76,63.76
8291,C1460,F,56,Calgary,T-Shirt,Clothing,2025-04-28,2,20.35,40.7
8292,C0671,F,36,Montreal,Toaster,Home,2025-02-21,1,37.71,37.71
8293,C0094,M,45,Winnipeg,Lotion,Beauty,2025-01-15,1,20.11,20.11
8294,C0997,F,46,Ottawa,Perfume,Beauty,2025-10-11,1,48.4,48.4
8295,C0336,F,25,Edmonton,Toaster,Home,2025-04-06,2,37.18,74.36
8296,C0812,F,60,Vancouver,Hoodie,Clothing,2025-04-08,1,41.18,41.18
8297,C0164,F,44,Winnipeg,Kettle,Home,2025-02-24,2,26.33,52.66
8298,C0894,M,22,Halifax,Toaster,Home,2025-10-05,1,36.1,36.1
8299,C1410,F,65,Toronto,Lotion,Beauty,2025-09-02,1,19.77,19.77
8300,C0412,F,46,Montreal,Jeans,Clothing,2025-02-07,1,52.7,52.7
8301,C0368,F,52,Calgary,Air Fryer,Home,2025-04-30,4,108.21,432.84
8302,C1320,M,50,Calgary,Perfume,Beauty,2025-09-15,1,44.51,44.51
8303,C0319,F,49,Calgary,Toaster,Home,2025-05-20,1,37.87,37.87
8304,C1279,F,38,Toronto,Mascara,Beauty,2025-07-02,3,16.57,49.71
8305,C0489,F,27,Edmonton,Lipstick,Beauty,2025-08-01,4,14.34,57.36
8306,C0550,M,59,Montreal,Lotion,Beauty,2025-05-06,2,20.15,40.3
8307,C0896,F,33,Vancouver,Serum,Beauty,2025-05-20,1,39.51,39.51
8308,C1444,F,28,Ottawa,Charger,Electronics,2025-04-19,1,20.52,20.52
8309,C0187,M,36,Edmonton,Headphones,Electronics,2025-01-09,1,76.18,76.18
8310,C0025,M,30,Winnipeg,Mouse,Electronics,2025-02-01,2,26.48,52.96
8311,C0142,F,32,Montreal,Camera,Electronics,2025-08-23,1,323.65,323.65
8312,C0428,M,59,Montreal,Lipstick,Beauty,2025-03-14,1,14.14,14.14
8313,C1148,F,53,Vancouver,Mascara,Beauty,2025-05-16,1,17.82,17.82
8314,C0025,F,49,Toronto,Lamp,Home,2025-09-11,1,41.55,41.55
8315,C0477,M,36,Winnipeg,Mouse,Electronics,2025-04-26,2,26.69,53.38
8316,C1487,M,32,Ottawa,Headphones,Electronics,2025-06-05,2,76.44,152.88
8317,C0847,F,55,Ottawa,Dress,Clothing,2025-03-23,2,61.27,122.54
8318,C1455,F,39,Ottawa,Kettle,Home,2025-04-17,1,28.15,28.15
8319,C1256,F,30,Winnipeg,Jacket,Clothing,2025-08-17,3,81.32,243.96
8320,C1369,M,37,Edmonton,Charger,Electronics,2025-10-19,1,18.29,18.29
8321,C1047,F,32,Halifax,Perfume,Beauty,2025-04-27,1,41.9,41.9
8322,C0122,M,24,Montreal,Toaster,Home,2025-10-15,1,31.88,31.88
8323,C1247,M,39,Halifax,Lotion,Beauty,2025-08-01,1,19.6,19.6
8324,C0983,F,60,Vancouver,Headphones,Electronics,2025-06-16,1,67.72,67.72
8325,C1254,M,37,Vancouver,Perfume,Beauty,2025-02-18,1,46.24,46.24
8326,C0017,F,36,Toronto,Dress,Clothing,2025-08-09,3,60.43,181.29
8327,C1309,F,44,Vancouver,Serum,Beauty,2025-10-06,3,38.73,116.19
8328,C0002,F,25,Vancouver,Jeans,Clothing,2025-10-16,1,54.69,54.69
8329,C0267,F,35,Ottawa,Jeans,Clothing,2025-06-28,1,52.56,52.56
8330,C0251,F,27,Toronto,Keyboard,Electronics,2025-06-20,1,43.62,43.62
8331,C0277,F,58,Vancouver,Air Fryer,Home,2025-01-04,1,100.9,100.9
8332,C1030,F,52,Winnipeg,Kettle,Home,2025-07-14,1,30.46,30.46
8333,C1261,F,32,Vancouver,Sneakers,Clothing,2025-09-15,1,81.79,81.79
8334,C0224,F,40,Vancouver,Smartwatch,Electronics,2025-02-14,2,160.41,320.82
8335,C0941,M,29,Vancouver,Air Fryer,Home,2025-07-27,1,101.39,101.39
8336,C1437,F,44,Ottawa,Keyboard,Electronics,2025-04-25,1,36.57,36.57
8337,C1055,M,23,Winnipeg,Jeans,Clothing,2025-05-10,2,54.22,108.44
8338,C0473,M,41,Winnipeg,Charger,Electronics,2025-06-09,2,20.97,41.94
8339,C0514,F,39,Montreal,Keyboard,Electronics,2025-01-01,1,38.15,38.15
8340,C1366,F,26,Halifax,Vacuum,Home,2025-10-01,1,151.87,151.87
8341,C0165,M,27,Winnipeg,Hoodie,Clothing,2025-06-09,3,43.01,129.03
8342,C0300,F,20,Winnipeg,Charger,Electronics,2025-09-22,2,19.55,39.1
8343,C0975,F,23,Edmonton,Serum,Beauty,2025-09-05,1,41.09,41.09
8344,C0454,M,43,Halifax,Smartwatch,Electronics,2025-01-24,2,171.39,342.78
8345,C0639,F,62,Winnipeg,T-Shirt,Clothing,2025-09-24,1,20.06,20.06
8346,C0481,M,31,Toronto,Lamp,Home,2025-06-05,2,37.9,75.8
8347,C0075,F,53,Montreal,Sneakers,Clothing,2025-09-29,1,79.78,79.78
8348,C0309,F,59,Edmonton,Lotion,Beauty,2025-04-03,1,21.82,21.82
8349,C0076,M,36,Halifax,Charger,Electronics,2025-01-12,2,18.81,37.62
8350,C0387,M,65,Ottawa,Air Fryer,Home,2025-08-26,2,116.78,233.56
8351,C1374,F,56,Montreal,Hoodie,Clothing,2025-05-01,1,43.82,43.82
8352,C1299,F,40,Edmonton,Serum,Beauty,2025-03-31,1,41.69,41.69
8353,C1325,F,22,Vancouver,Dress,Clothing,2025-03-16,1,58.42,58.42
8354,C0957,M,61,Winnipeg,Smartwatch,Electronics,2025-01-31,1,155.25,155.25
8355,C0747,M,32,Toronto,Serum,Beauty,2025-07-14,1,39.04,39.04
8356,C1079,F,47,Vancouver,Camera,Electronics,2025-03-30,2,349.54,699.08
8357,C0460,M,50,Toronto,Keyboard,Electronics,2025-04-08,1,43.81,43.81
8358,C0661,F,55,Montreal,Mouse,Electronics,2025-05-09,2,26.04,52.08
8359,C0313,F,36,Vancouver,Lipstick,Beauty,2025-10-22,2,15.76,31.52
8360,C0269,F,22,Ottawa,Serum,Beauty,2025-04-05,1,38.48,38.48
8361,C0155,F,26,Vancouver,Dress,Clothing,2025-06-13,2,63.07,126.14
8362,C1220,M,24,Calgary,Lipstick,Beauty,2025-08-18,4,16.08,64.32
8363,C0480,F,41,Winnipeg,Serum,Beauty,2025-05-20,1,37.89,37.89
8364,C1472,M,58,Ottawa,Mouse,Electronics,2025-04-19,3,25.6,76.8
8365,C1129,F,33,Toronto,Charger,Electronics,2025-01-14,2,20.15,40.3
8366,C1098,F,54,Calgary,Blender,Home,2025-06-10,1,86.06,86.06
8367,C1099,F,27,Winnipeg,Keyboard,Electronics,2025-05-12,1,43.12,43.12
8368,C1121,F,38,Vancouver,Blender,Home,2025-04-23,2,82.55,165.1
8369,C1265,F,38,Winnipeg,Toaster,Home,2025-10-13,1,32.96,32.96
8370,C1415,F,64,Winnipeg,Shampoo,Beauty,2025-04-04,2,11.9,23.8
8371,C1133,F,32,Vancouver,Lotion,Beauty,2025-03-30,2,18.83,37.66
8372,C0028,M,30,Vancouver,Charger,Electronics,2025-05-14,1,19.99,19.99
8373,C1126,F,24,Vancouver,Smartwatch,Electronics,2025-09-18,1,172.91,172.91
8374,C0862,M,57,Edmonton,Blender,Home,2025-07-25,1,87,87
8375,C0119,M,25,Halifax,Keyboard,Electronics,2025-02-03,1,42.84,42.84
8376,C1051,F,60,Halifax,Headphones,Electronics,2025-06-18,3,65.33,195.99
8377,C0150,F,58,Calgary,Mascara,Beauty,2025-05-26,1,19.44,19.44
8378,C0682,F,55,Halifax,Lipstick,Beauty,2025-01-20,1,15.31,15.31
8379,C1166,F,19,Ottawa,Keyboard,Electronics,2025-04-17,1,36.25,36.25
8380,C1178,M,54,Edmonton,Mouse,Electronics,2025-05-16,3,25.67,77.01
8381,C0762,F,39,Halifax,Camera,Electronics,2025-01-26,1,348.89,348.89
8382,C0183,F,21,Calgary,Lotion,Beauty,2025-09-03,5,18.32,91.6
8383,C1227,F,64,Ottawa,Blender,Home,2025-06-04,2,86.4,172.8
8384,C1095,F,24,Montreal,Sneakers,Clothing,2025-02-11,3,92.06,276.18
8385,C0183,M,18,Montreal,Serum,Beauty,2025-06-27,1,34.27,34.27
8386,C0173,M,36,Halifax,Smartwatch,Electronics,2025-03-22,1,164.19,164.19
8387,C0542,F,47,Ottawa,Sneakers,Clothing,2025-06-26,1,84.57,84.57
8388,C0355,M,19,Ottawa,Headphones,Electronics,2025-07-12,1,67.86,67.86
8389,C0154,M,30,Ottawa,Camera,Electronics,2025-07-10,2,328.16,656.32
8390,C0601,M,45,Winnipeg,Mascara,Beauty,2025-10-10,1,16.39,16.39
8391,C0385,M,31,Montreal,Blender,Home,2025-09-03,1,89.3,89.3
8392,C0733,F,20,Winnipeg,Lotion,Beauty,2025-04-10,2,18.02,36.04
8393,C0920,M,33,Ottawa,Hoodie,Clothing,2025-02-04,1,43.26,43.26
8394,C1335,F,42,Ottawa,Toaster,Home,2025-10-21,1,35.03,35.03
8395,C1049,M,63,Winnipeg,Blender,Home,2025-10-21,1,82.91,82.91
8396,C1122,M,64,Calgary,Vacuum,Home,2025-02-11,2,144.22,288.44
8397,C0554,F,20,Toronto,Smartwatch,Electronics,2025-06-19,1,170.59,170.59
8398,C1324,M,51,Vancouver,Camera,Electronics,2025-02-26,2,347.83,695.66
8399,C1093,F,20,Vancouver,Jeans,Clothing,2025-02-23,1,59.11,59.11
8400,C0361,F,58,Edmonton,T-Shirt,Clothing,2025-07-07,1,20.09,20.09
8401,C0776,F,46,Calgary,Mouse,Electronics,2025-10-23,2,26.92,53.84
8402,C0874,M,57,Winnipeg,Jacket,Clothing,2025-03-27,2,97.58,195.16
8403,C1087,F,36,Ottawa,Mouse,Electronics,2025-03-05,1,24.55,24.55
8404,C0718,M,37,Toronto,Keyboard,Electronics,2025-03-22,2,38.27,76.54
8405,C0660,F,38,Calgary,Smartwatch,Electronics,2025-09-25,1,147.14,147.14
8406,C0495,F,37,Toronto,Lotion,Beauty,2025-07-04,3,19.92,59.76
8407,C0424,F,45,Montreal,Lipstick,Beauty,2025-01-26,2,16.34,32.68
8408,C0841,M,64,Toronto,Shampoo,Beauty,2025-08-26,1,12.15,12.15
8409,C1404,F,44,Calgary,Camera,Electronics,2025-10-23,3,330.72,992.16
8410,C0255,F,61,Winnipeg,Headphones,Electronics,2025-10-26,1,64.58,64.58
8411,C0261,M,63,Edmonton,Headphones,Electronics,2025-08-13,2,65.01,130.02
8412,C1153,F,42,Vancouver,T-Shirt,Clothing,2025-03-31,4,19.86,79.44
8413,C0523,F,19,Winnipeg,Charger,Electronics,2025-01-17,1,21.81,21.81
8414,C0422,M,60,Montreal,Keyboard,Electronics,2025-03-29,1,38.89,38.89
8415,C0580,F,41,Toronto,Lipstick,Beauty,2025-01-24,2,16.13,32.26
8416,C0416,F,50,Vancouver,Shampoo,Beauty,2025-08-11,1,11.09,11.09
8417,C1029,F,36,Halifax,Toaster,Home,2025-02-27,3,35.82,107.46
8418,C0918,M,43,Toronto,Mouse,Electronics,2025-07-08,1,25.5,25.5
8419,C0206,M,63,Edmonton,Air Fryer,Home,2025-08-10,2,117.92,235.84
8420,C0469,M,58,Toronto,Lotion,Beauty,2025-02-20,1,18.01,18.01
8421,C0082,F,20,Ottawa,Keyboard,Electronics,2025-03-29,1,37.52,37.52
8422,C1091,F,44,Vancouver,Lotion,Beauty,2025-08-10,3,18.88,56.64
8423,C0757,F,31,Edmonton,Shampoo,Beauty,2025-06-16,2,13.08,26.16
8424,C0267,M,37,Winnipeg,Shampoo,Beauty,2025-07-13,1,11.17,11.17
8425,C0751,F,52,Montreal,Mascara,Beauty,2025-04-11,1,16.33,16.33
8426,C0475,F,40,Halifax,Keyboard,Electronics,2025-07-21,2,40.28,80.56
8427,C0153,F,42,Montreal,Lotion,Beauty,2025-01-13,2,20.11,40.22
8428,C0554,F,21,Montreal,T-Shirt,Clothing,2025-05-27,2,21.38,42.76
8429,C0487,F,19,Toronto,Keyboard,Electronics,2025-09-19,2,43.59,87.18
8430,C0571,F,19,Edmonton,Shampoo,Beauty,2025-05-26,1,12.09,12.09
8431,C0629,M,42,Vancouver,Lipstick,Beauty,2025-01-09,3,16.29,48.87
8432,C0761,M,64,Montreal,Headphones,Electronics,2025-03-22,2,73.15,146.3
8433,C1072,M,40,Edmonton,Lotion,Beauty,2025-03-09,1,19.06,19.06
8434,C1048,M,38,Halifax,Jeans,Clothing,2025-05-06,1,59.71,59.71
8435,C1399,M,62,Montreal,Dress,Clothing,2025-02-19,1,62.01,62.01
8436,C0709,F,42,Winnipeg,Shampoo,Beauty,2025-03-11,2,11.79,23.58
8437,C1381,F,44,Edmonton,Mouse,Electronics,2025-05-19,2,25.9,51.8
8438,C1057,M,28,Halifax,Lotion,Beauty,2025-06-19,3,19.61,58.83
8439,C1496,M,31,Toronto,Kettle,Home,2025-03-31,1,25.84,25.84
8440,C0838,F,34,Halifax,Mouse,Electronics,2025-05-19,2,26.09,52.18
8441,C0175,F,32,Calgary,Lotion,Beauty,2025-03-13,3,21.3,63.9
8442,C0565,F,63,Edmonton,Shampoo,Beauty,2025-09-02,1,12.55,12.55
8443,C0685,F,48,Montreal,Blender,Home,2025-03-08,1,80.39,80.39
8444,C0967,M,51,Vancouver,Charger,Electronics,2025-05-10,2,21.83,43.66
8445,C0723,F,53,Montreal,Lotion,Beauty,2025-07-29,3,18.1,54.3
8446,C1337,M,57,Toronto,Kettle,Home,2025-07-13,1,27.06,27.06
8447,C1222,M,61,Calgary,Mouse,Electronics,2025-01-26,1,23.8,23.8
8448,C1022,F,30,Calgary,T-Shirt,Clothing,2025-10-20,1,18.19,18.19
8449,C1027,F,35,Winnipeg,Perfume,Beauty,2025-08-06,1,44.15,44.15
8450,C1073,M,34,Vancouver,Lamp,Home,2025-02-05,1,40.98,40.98
8451,C1038,F,62,Edmonton,Toaster,Home,2025-01-16,1,37.68,37.68
8452,C1428,F,61,Calgary,Lotion,Beauty,2025-03-19,3,21.96,65.88
8453,C1218,F,56,Edmonton,Blender,Home,2025-01-21,2,90.24,180.48
8454,C0793,F,45,Montreal,Camera,Electronics,2025-05-15,1,318,318
8455,C1284,M,43,Halifax,Jacket,Clothing,2025-09-02,3,94.03,282.09
8456,C0247,M,65,Halifax,Shampoo,Beauty,2025-07-03,2,12.82,25.64
8457,C0432,F,31,Halifax,Kettle,Home,2025-06-21,1,27.81,27.81
8458,C0567,M,54,Edmonton,Keyboard,Electronics,2025-02-23,1,42.28,42.28
8459,C0481,F,28,Ottawa,Jacket,Clothing,2025-04-03,2,89.69,179.38
8460,C0258,F,49,Halifax,Charger,Electronics,2025-10-20,2,19.55,39.1
8461,C0535,M,41,Toronto,Dress,Clothing,2025-06-25,1,60.31,60.31
8462,C0108,F,48,Montreal,T-Shirt,Clothing,2025-07-09,1,20.7,20.7
8463,C0176,M,57,Edmonton,Mascara,Beauty,2025-09-03,2,18.82,37.64
8464,C0469,F,58,Montreal,Dress,Clothing,2025-10-22,1,58.28,58.28
8465,C0527,F,25,Toronto,Hoodie,Clothing,2025-07-11,2,45.64,91.28
8466,C0819,F,56,Toronto,Serum,Beauty,2025-04-14,2,41.12,82.24
8467,C0152,F,25,Montreal,Smartwatch,Electronics,2025-03-09,1,175.24,175.24
8468,C1300,F,64,Calgary,Charger,Electronics,2025-06-04,1,18.91,18.91
8469,C0824,F,48,Vancouver,Headphones,Electronics,2025-08-14,1,65.7,65.7
8470,C1062,F,36,Montreal,Perfume,Beauty,2025-08-21,1,46.59,46.59
8471,C0281,M,53,Ottawa,Serum,Beauty,2025-04-14,1,37.35,37.35
8472,C0948,F,56,Montreal,Mouse,Electronics,2025-08-28,2,22.62,45.24
8473,C0431,M,49,Edmonton,Mouse,Electronics,2025-07-31,1,24.23,24.23
8474,C0320,F,38,Halifax,Lotion,Beauty,2025-05-06,1,21.23,21.23
8475,C1195,M,40,Halifax,Jeans,Clothing,2025-05-03,2,58.27,116.54
8476,C0071,M,53,Ottawa,Lamp,Home,2025-02-05,2,39.96,79.92
8477,C1112,M,32,Winnipeg,Shampoo,Beauty,2025-08-26,3,11.93,35.79
8478,C0057,F,19,Montreal,Kettle,Home,2025-08-30,1,28.45,28.45
8479,C0167,F,29,Winnipeg,Blender,Home,2025-05-13,1,80.23,80.23
8480,C0631,M,55,Montreal,T-Shirt,Clothing,2025-08-15,1,20.1,20.1
8481,C0797,F,23,Ottawa,Shampoo,Beauty,2025-03-31,1,10.83,10.83
8482,C1260,M,63,Vancouver,Lotion,Beauty,2025-09-12,2,19.9,39.8
8483,C0922,F,55,Ottawa,T-Shirt,Clothing,2025-03-24,1,19.34,19.34
8484,C1422,F,18,Vancouver,Dress,Clothing,2025-05-19,2,62.1,124.2
8485,C0320,F,55,Winnipeg,Blender,Home,2025-01-20,1,87.35,87.35
8486,C0532,M,43,Vancouver,Kettle,Home,2025-03-25,1,27.33,27.33
8487,C0007,F,65,Ottawa,Shampoo,Beauty,2025-01-27,3,10.82,32.46
8488,C0458,M,40,Edmonton,Smartwatch,Electronics,2025-02-27,1,152.07,152.07
8489,C0238,M,18,Toronto,Perfume,Beauty,2025-08-05,1,46.2,46.2
8490,C0451,F,38,Ottawa,Perfume,Beauty,2025-05-05,1,41.15,41.15
8491,C0896,F,36,Toronto,Jeans,Clothing,2025-10-15,5,50.68,253.4
8492,C1138,F,46,Edmonton,Shampoo,Beauty,2025-07-19,1,12.35,12.35
8493,C0492,F,43,Edmonton,Keyboard,Electronics,2025-10-10,1,42.05,42.05
8494,C1333,M,51,Edmonton,Jeans,Clothing,2025-08-02,2,53.04,106.08
8495,C0449,F,34,Halifax,Lipstick,Beauty,2025-06-05,2,14.97,29.94
8496,C1182,F,35,Winnipeg,Jeans,Clothing,2025-01-18,2,59.9,119.8
8497,C1005,M,49,Edmonton,Sneakers,Clothing,2025-04-15,1,92.57,92.57
8498,C1423,F,21,Winnipeg,Camera,Electronics,2025-06-08,4,307.68,1230.72
8499,C0639,M,47,Montreal,Mascara,Beauty,2025-02-10,2,19.12,38.24
8500,C0203,M,48,Toronto,Mouse,Electronics,2025-10-17,1,25.47,25.47
8501,C0582,M,35,Winnipeg,Mouse,Electronics,2025-01-07,1,27.38,27.38
8502,C1478,F,22,Calgary,Charger,Electronics,2025-01-05,3,19.91,59.73
8503,C0860,F,49,Montreal,Camera,Electronics,2025-01-21,2,337.58,675.16
8504,C0120,M,46,Winnipeg,Hoodie,Clothing,2025-05-14,2,47.41,94.82
8505,C0665,F,29,Montreal,Perfume,Beauty,2025-04-30,2,44.98,89.96
8506,C0944,M,32,Toronto,Lamp,Home,2025-08-30,1,42.37,42.37
8507,C0624,M,32,Toronto,Serum,Beauty,2025-04-16,1,36.18,36.18
8508,C0913,F,52,Calgary,Camera,Electronics,2025-05-11,1,295.82,295.82
8509,C0180,M,52,Montreal,Sneakers,Clothing,2025-02-07,1,83.73,83.73
8510,C0631,M,60,Toronto,Keyboard,Electronics,2025-03-28,1,43.55,43.55
8511,C0642,F,31,Ottawa,Mascara,Beauty,2025-04-23,1,18,18
8512,C0700,F,56,Vancouver,Blender,Home,2025-09-08,2,87.3,174.6
8513,C0953,M,35,Edmonton,Vacuum,Home,2025-03-12,1,153.72,153.72
8514,C0493,M,55,Vancouver,Kettle,Home,2025-09-21,1,25.94,25.94
8515,C0943,F,39,Halifax,Mouse,Electronics,2025-03-10,2,24.45,48.9
8516,C1351,M,55,Toronto,Lipstick,Beauty,2025-09-12,2,15.62,31.24
8517,C0397,M,28,Winnipeg,T-Shirt,Clothing,2025-10-02,1,21.89,21.89
8518,C0790,M,20,Calgary,Dress,Clothing,2025-03-27,2,56.02,112.04
8519,C1207,F,31,Toronto,Keyboard,Electronics,2025-08-06,2,39.28,78.56
8520,C1130,M,61,Calgary,T-Shirt,Clothing,2025-02-19,1,18.38,18.38
8521,C0334,F,42,Montreal,Keyboard,Electronics,2025-05-14,1,37.94,37.94
8522,C0659,M,31,Ottawa,Keyboard,Electronics,2025-08-18,1,39.01,39.01
8523,C1398,M,64,Montreal,Shampoo,Beauty,2025-03-02,2,12.1,24.2
8524,C0001,M,48,Winnipeg,Headphones,Electronics,2025-09-09,1,66.23,66.23
8525,C1499,F,42,Ottawa,Keyboard,Electronics,2025-08-18,1,37.82,37.82
8526,C0452,F,58,Calgary,Serum,Beauty,2025-02-27,3,40.11,120.33
8527,C0184,F,36,Toronto,Headphones,Electronics,2025-07-04,1,76.48,76.48
8528,C1112,F,29,Toronto,Vacuum,Home,2025-07-22,1,144.71,144.71
8529,C0704,F,24,Halifax,Vacuum,Home,2025-02-01,1,155.64,155.64
8530,C0581,F,31,Toronto,Kettle,Home,2025-05-25,1,26.65,26.65
8531,C0340,F,46,Toronto,Jacket,Clothing,2025-06-18,2,97.7,195.4
8532,C0918,F,64,Montreal,Shampoo,Beauty,2025-01-22,2,12.41,24.82
8533,C0622,F,31,Montreal,Camera,Electronics,2025-10-25,1,339.37,339.37
8534,C0172,F,40,Calgary,Blender,Home,2025-03-20,1,77.34,77.34
8535,C0378,M,31,Ottawa,Camera,Electronics,2025-05-16,1,326.3,326.3
8536,C0177,M,40,Ottawa,Mouse,Electronics,2025-10-29,4,25.14,100.56
8537,C0611,F,25,Winnipeg,Lipstick,Beauty,2025-06-25,2,14.38,28.76
8538,C0036,M,30,Ottawa,Dress,Clothing,2025-03-18,1,57.15,57.15
8539,C1477,M,53,Toronto,Camera,Electronics,2025-01-30,1,325.12,325.12
8540,C0225,F,61,Montreal,Hoodie,Clothing,2025-10-11,1,46.86,46.86
8541,C0856,M,18,Vancouver,Camera,Electronics,2025-06-02,1,290.12,290.12
8542,C0930,M,54,Vancouver,Kettle,Home,2025-08-01,5,28.38,141.9
8543,C1317,M,43,Toronto,Dress,Clothing,2025-06-28,2,56.05,112.1
8544,C1497,M,21,Winnipeg,Lamp,Home,2025-10-22,2,37.12,74.24
8545,C1277,M,33,Vancouver,Charger,Electronics,2025-03-24,1,20.49,20.49
8546,C1075,M,42,Ottawa,Charger,Electronics,2025-07-19,1,19.24,19.24
8547,C1317,F,36,Ottawa,Dress,Clothing,2025-05-09,1,59.29,59.29
8548,C0153,M,37,Calgary,Camera,Electronics,2025-10-21,1,311.04,311.04
8549,C0749,F,43,Toronto,Mouse,Electronics,2025-07-10,1,25.74,25.74
8550,C1285,M,49,Calgary,Perfume,Beauty,2025-02-21,1,44.73,44.73
8551,C0766,M,20,Ottawa,T-Shirt,Clothing,2025-03-24,1,21.85,21.85
8552,C0821,M,65,Montreal,Lipstick,Beauty,2025-07-07,1,14.56,14.56
8553,C0105,F,24,Toronto,Lamp,Home,2025-01-13,3,41.92,125.76
8554,C0367,F,49,Winnipeg,Headphones,Electronics,2025-08-07,3,66.6,199.8
8555,C1307,M,22,Edmonton,Keyboard,Electronics,2025-01-17,1,40.07,40.07
8556,C1341,M,38,Calgary,Toaster,Home,2025-08-30,1,35.37,35.37
8557,C0833,M,47,Calgary,Serum,Beauty,2025-06-07,1,36.7,36.7
8558,C1108,M,37,Ottawa,Camera,Electronics,2025-06-15,2,318.19,636.38
8559,C1024,F,46,Calgary,Lamp,Home,2025-05-19,4,38.23,152.92
8560,C1069,M,41,Halifax,Sneakers,Clothing,2025-10-21,3,76.6,229.8
8561,C1411,M,18,Winnipeg,Perfume,Beauty,2025-01-28,2,42.44,84.88
8562,C1213,F,60,Ottawa,Jeans,Clothing,2025-06-10,1,57.2,57.2
8563,C0490,F,42,Montreal,Toaster,Home,2025-07-01,1,36.9,36.9
8564,C0050,F,44,Halifax,T-Shirt,Clothing,2025-10-07,1,19.12,19.12
8565,C0816,F,42,Calgary,Keyboard,Electronics,2025-06-04,2,39.26,78.52
8566,C0201,F,38,Ottawa,Smartwatch,Electronics,2025-10-29,1,145.2,145.2
8567,C0175,F,34,Ottawa,T-Shirt,Clothing,2025-08-02,2,18.95,37.9
8568,C0142,M,45,Montreal,Jacket,Clothing,2025-03-10,2,95.03,190.06
8569,C1299,F,49,Calgary,Mouse,Electronics,2025-10-22,1,25.53,25.53
8570,C0190,F,61,Edmonton,Lotion,Beauty,2025-07-28,3,18.82,56.46
8571,C1158,M,51,Winnipeg,Headphones,Electronics,2025-06-06,1,66.6,66.6
8572,C0858,F,39,Edmonton,Mouse,Electronics,2025-03-16,3,26.58,79.74
8573,C0781,F,59,Montreal,Headphones,Electronics,2025-10-14,3,65.93,197.79
8574,C0869,F,36,Halifax,Serum,Beauty,2025-08-19,1,36.74,36.74
8575,C1121,F,65,Halifax,Jeans,Clothing,2025-03-06,1,56.81,56.81
8576,C1065,F,25,Montreal,Lotion,Beauty,2025-09-28,1,20.24,20.24
8577,C0329,F,19,Montreal,Blender,Home,2025-03-24,2,84.33,168.66
8578,C0965,F,22,Edmonton,Mascara,Beauty,2025-03-15,1,19.44,19.44
8579,C1397,M,45,Calgary,Keyboard,Electronics,2025-09-22,3,37.76,113.28
8580,C0775,F,21,Vancouver,Lotion,Beauty,2025-09-26,1,20.97,20.97
8581,C0095,F,53,Edmonton,Perfume,Beauty,2025-10-28,2,41.93,83.86
8582,C0694,M,18,Ottawa,Lamp,Home,2025-03-31,4,40.93,163.72
8583,C0482,M,32,Ottawa,Jacket,Clothing,2025-10-27,2,96.67,193.34
8584,C0011,F,30,Montreal,Lipstick,Beauty,2025-01-02,1,14.87,14.87
8585,C1491,F,48,Montreal,Charger,Electronics,2025-06-25,1,20.9,20.9
8586,C0773,F,34,Vancouver,Smartwatch,Electronics,2025-05-05,1,170.25,170.25
8587,C0471,M,23,Toronto,Sneakers,Clothing,2025-09-25,1,78.81,78.81
8588,C0431,F,41,Winnipeg,Blender,Home,2025-08-03,1,88.5,88.5
8589,C1067,F,30,Halifax,Mouse,Electronics,2025-03-08,1,27.1,27.1
8590,C0004,M,38,Ottawa,Blender,Home,2025-06-27,2,86.3,172.6
8591,C0337,M,41,Winnipeg,Hoodie,Clothing,2025-09-24,1,42.18,42.18
8592,C0375,F,39,Toronto,Shampoo,Beauty,2025-01-05,2,11.1,22.2
8593,C1119,F,46,Montreal,Camera,Electronics,2025-10-28,1,304.62,304.62
8594,C1471,M,41,Ottawa,Jacket,Clothing,2025-07-21,1,82.86,82.86
8595,C0030,F,61,Ottawa,Toaster,Home,2025-04-27,1,35.09,35.09
8596,C0898,F,29,Montreal,Camera,Electronics,2025-08-20,1,292.46,292.46
8597,C1112,F,37,Halifax,Smartwatch,Electronics,2025-03-25,1,151.15,151.15
8598,C0842,F,59,Halifax,Smartwatch,Electronics,2025-03-30,2,158.08,316.16
8599,C0220,F,51,Toronto,Headphones,Electronics,2025-08-15,4,69.63,278.52
8600,C0128,M,32,Halifax,Lamp,Home,2025-04-21,1,40.52,40.52
8601,C1195,F,21,Toronto,Keyboard,Electronics,2025-01-12,1,41.64,41.64
8602,C0225,M,31,Calgary,Vacuum,Home,2025-01-27,1,136.42,136.42
8603,C1298,M,18,Calgary,Sneakers,Clothing,2025-04-15,3,77.87,233.61
8604,C0408,F,50,Vancouver,Perfume,Beauty,2025-03-27,2,41.05,82.1
8605,C0677,F,64,Winnipeg,Charger,Electronics,2025-06-05,2,19.69,39.38
8606,C0158,M,60,Vancouver,Smartwatch,Electronics,2025-07-18,1,145.34,145.34
8607,C0709,F,46,Toronto,Vacuum,Home,2025-05-17,1,157.38,157.38
8608,C0407,M,27,Halifax,Lipstick,Beauty,2025-01-31,1,14.17,14.17
8609,C0030,F,53,Montreal,Blender,Home,2025-06-13,3,92.47,277.41
8610,C0196,F,31,Toronto,Hoodie,Clothing,2025-04-23,1,44.88,44.88
8611,C1193,M,39,Ottawa,Mouse,Electronics,2025-09-28,2,24.73,49.46
8612,C0819,F,50,Calgary,Hoodie,Clothing,2025-10-14,1,47.52,47.52
8613,C0344,F,45,Calgary,T-Shirt,Clothing,2025-09-15,1,20.85,20.85
8614,C0579,F,24,Winnipeg,Lotion,Beauty,2025-07-20,1,20.43,20.43
8615,C1423,F,53,Edmonton,Perfume,Beauty,2025-10-26,2,48.92,97.84
8616,C0184,M,53,Winnipeg,Jacket,Clothing,2025-01-01,1,88.6,88.6
8617,C0512,F,58,Winnipeg,Hoodie,Clothing,2025-07-30,5,47.78,238.9
8618,C0961,F,51,Toronto,Lipstick,Beauty,2025-09-22,1,14.64,14.64
8619,C1226,F,54,Ottawa,Perfume,Beauty,2025-07-07,1,48.05,48.05
8620,C0621,F,23,Toronto,Shampoo,Beauty,2025-08-29,1,11.42,11.42
8621,C0218,M,52,Edmonton,Dress,Clothing,2025-07-12,2,57.47,114.94
8622,C1100,F,44,Winnipeg,Shampoo,Beauty,2025-04-20,1,12.43,12.43
8623,C0321,F,47,Winnipeg,Charger,Electronics,2025-04-21,1,18.85,18.85
8624,C0002,M,49,Toronto,Dress,Clothing,2025-03-06,1,56.75,56.75
8625,C1116,M,36,Toronto,Lotion,Beauty,2025-03-06,1,19.22,19.22
8626,C1194,F,39,Ottawa,Vacuum,Home,2025-08-23,2,155.37,310.74
8627,C0771,F,38,Calgary,Shampoo,Beauty,2025-04-05,1,12.93,12.93
8628,C1329,F,22,Montreal,Dress,Clothing,2025-07-16,2,62.09,124.18
8629,C0595,F,38,Edmonton,Charger,Electronics,2025-10-18,2,21.31,42.62
8630,C0082,M,58,Vancouver,Lamp,Home,2025-07-15,3,40.35,121.05
8631,C1317,M,37,Winnipeg,Air Fryer,Home,2025-02-07,1,100.52,100.52
8632,C1372,F,55,Halifax,Serum,Beauty,2025-02-08,1,34.96,34.96
8633,C0223,M,48,Ottawa,Mascara,Beauty,2025-05-29,3,18.2,54.6
8634,C0775,F,54,Calgary,Smartwatch,Electronics,2025-06-13,2,154.49,308.98
8635,C0879,F,23,Toronto,Mouse,Electronics,2025-08-08,1,23.6,23.6
8636,C1062,F,48,Montreal,Dress,Clothing,2025-10-03,1,59.6,59.6
8637,C0442,F,64,Vancouver,T-Shirt,Clothing,2025-02-12,3,20.67,62.01
8638,C1157,M,60,Edmonton,Charger,Electronics,2025-08-26,1,19.54,19.54
8639,C0573,M,41,Vancouver,Air Fryer,Home,2025-06-12,2,116.66,233.32
8640,C0595,F,35,Ottawa,Kettle,Home,2025-04-17,1,29.34,29.34
8641,C1229,F,46,Toronto,Jacket,Clothing,2025-10-15,1,94.23,94.23
8642,C0935,M,29,Winnipeg,Headphones,Electronics,2025-10-19,1,76.79,76.79
8643,C0028,M,29,Toronto,Mascara,Beauty,2025-04-15,1,17.26,17.26
8644,C0185,F,46,Montreal,Mascara,Beauty,2025-03-10,1,18.52,18.52
8645,C1154,M,24,Vancouver,Keyboard,Electronics,2025-04-19,3,42.84,128.52
8646,C0070,F,33,Ottawa,Keyboard,Electronics,2025-06-29,2,40.64,81.28
8647,C0719,M,29,Toronto,Smartwatch,Electronics,2025-05-12,2,169.26,338.52
8648,C0668,F,38,Vancouver,Shampoo,Beauty,2025-01-07,2,11.79,23.58
8649,C0549,M,21,Vancouver,Air Fryer,Home,2025-05-29,1,111.99,111.99
8650,C0217,F,59,Calgary,Mascara,Beauty,2025-07-04,1,16.4,16.4
8651,C0608,F,34,Halifax,Serum,Beauty,2025-06-05,3,41.69,125.07
8652,C1273,M,45,Halifax,Charger,Electronics,2025-10-17,1,21.2,21.2
8653,C0695,M,48,Montreal,Lipstick,Beauty,2025-09-02,1,16.11,16.11
8654,C0613,M,64,Halifax,Keyboard,Electronics,2025-09-29,5,41.55,207.75
8655,C0740,F,25,Toronto,Keyboard,Electronics,2025-02-07,1,37.49,37.49
8656,C0472,M,63,Calgary,Camera,Electronics,2025-04-25,3,289.99,869.97
8657,C1362,M,43,Montreal,Keyboard,Electronics,2025-04-29,3,42.92,128.76
8658,C0385,F,57,Calgary,Perfume,Beauty,2025-05-12,1,44.07,44.07
8659,C0003,F,63,Toronto,Lipstick,Beauty,2025-02-25,1,14.29,14.29
8660,C0583,M,65,Halifax,T-Shirt,Clothing,2025-04-30,4,20.25,81
8661,C0097,M,48,Halifax,Smartwatch,Electronics,2025-02-19,1,157.47,157.47
8662,C0597,F,36,Ottawa,Mouse,Electronics,2025-03-23,1,25.76,25.76
8663,C0751,F,24,Calgary,Mascara,Beauty,2025-02-18,1,17.94,17.94
8664,C0688,F,22,Calgary,Camera,Electronics,2025-02-17,2,332.62,665.24
8665,C0643,F,30,Vancouver,Headphones,Electronics,2025-05-14,2,74.95,149.9
8666,C0689,M,35,Halifax,Mouse,Electronics,2025-08-26,3,23.48,70.44
8667,C0613,F,35,Edmonton,Toaster,Home,2025-06-22,3,33.81,101.43
8668,C1464,M,37,Toronto,Lipstick,Beauty,2025-05-25,3,14.81,44.43
8669,C0700,F,40,Calgary,Serum,Beauty,2025-07-06,1,41.51,41.51
8670,C1270,F,53,Edmonton,Jeans,Clothing,2025-04-30,2,53.52,107.04
8671,C0353,F,57,Ottawa,Jacket,Clothing,2025-07-03,1,87.86,87.86
8672,C1022,F,50,Halifax,Perfume,Beauty,2025-03-20,1,46.38,46.38
8673,C1293,M,24,Calgary,Charger,Electronics,2025-06-12,2,19.68,39.36
8674,C0181,M,57,Montreal,Lipstick,Beauty,2025-01-08,1,16.35,16.35
8675,C0477,F,22,Ottawa,Mascara,Beauty,2025-04-09,3,19.42,58.26
8676,C1427,M,49,Ottawa,Smartwatch,Electronics,2025-01-27,1,160.43,160.43
8677,C0666,F,26,Calgary,Shampoo,Beauty,2025-10-03,2,12.35,24.7
8678,C1205,F,47,Calgary,Kettle,Home,2025-10-06,1,25.52,25.52
8679,C1081,F,49,Vancouver,Headphones,Electronics,2025-07-23,1,72.74,72.74
8680,C0422,M,56,Toronto,Perfume,Beauty,2025-06-09,1,46.86,46.86
8681,C0905,F,21,Vancouver,Lotion,Beauty,2025-06-27,1,19.44,19.44
8682,C1070,M,42,Montreal,Jeans,Clothing,2025-07-11,1,51.92,51.92
8683,C0862,M,39,Toronto,Serum,Beauty,2025-02-09,3,41.15,123.45
8684,C0086,F,25,Vancouver,Lamp,Home,2025-08-24,2,39.41,78.82
8685,C0747,M,19,Halifax,Headphones,Electronics,2025-02-02,1,72.15,72.15
8686,C1412,F,54,Vancouver,Smartwatch,Electronics,2025-01-29,1,145.07,145.07
8687,C0893,F,52,Calgary,Smartwatch,Electronics,2025-02-02,1,157.25,157.25
8688,C0594,F,54,Vancouver,Shampoo,Beauty,2025-04-10,1,12.76,12.76
8689,C0178,F,39,Calgary,Serum,Beauty,2025-05-25,2,37.15,74.3
8690,C1117,F,18,Ottawa,Serum,Beauty,2025-03-06,1,38.78,38.78
8691,C1186,F,56,Toronto,Mouse,Electronics,2025-05-02,2,23.55,47.1
8692,C1250,M,59,Calgary,Air Fryer,Home,2025-02-12,1,108.16,108.16
8693,C0193,F,65,Edmonton,Perfume,Beauty,2025-07-28,1,48.85,48.85
8694,C1170,M,50,Edmonton,Shampoo,Beauty,2025-08-18,2,12.16,24.32
8695,C1278,M,21,Edmonton,Keyboard,Electronics,2025-05-07,1,43.22,43.22
8696,C0795,M,65,Edmonton,Lamp,Home,2025-07-05,2,43.22,86.44
8697,C0487,M,26,Vancouver,Hoodie,Clothing,2025-08-25,2,49,98
8698,C0642,M,25,Edmonton,Camera,Electronics,2025-04-01,2,345.31,690.62
8699,C0467,F,39,Halifax,Camera,Electronics,2025-02-12,1,288.21,288.21
8700,C0445,F,59,Calgary,Smartwatch,Electronics,2025-02-15,3,173.89,521.67
8701,C0886,M,38,Ottawa,Hoodie,Clothing,2025-01-25,2,41.74,83.48
8702,C1430,F,65,Montreal,Jacket,Clothing,2025-07-14,1,81.72,81.72
8703,C1339,F,58,Montreal,Camera,Electronics,2025-04-09,1,291.54,291.54
8704,C0889,F,45,Halifax,Perfume,Beauty,2025-09-13,1,43.64,43.64
8705,C0091,M,54,Ottawa,Serum,Beauty,2025-10-21,1,38.92,38.92
8706,C1420,F,19,Vancouver,Mouse,Electronics,2025-09-03,5,24.51,122.55
8707,C0063,M,63,Toronto,Vacuum,Home,2025-06-15,1,135.77,135.77
8708,C0015,F,34,Toronto,Mouse,Electronics,2025-09-14,3,24.88,74.64
8709,C1015,M,48,Calgary,Lipstick,Beauty,2025-10-05,1,14.83,14.83
8710,C1446,F,62,Winnipeg,Air Fryer,Home,2025-07-08,1,115.65,115.65
8711,C1240,M,30,Montreal,Sneakers,Clothing,2025-07-05,4,81.25,325
8712,C0733,F,62,Ottawa,Smartwatch,Electronics,2025-07-01,1,150.96,150.96
8713,C1158,F,35,Winnipeg,Blender,Home,2025-10-02,1,80.85,80.85
8714,C0294,M,41,Vancouver,Keyboard,Electronics,2025-08-15,3,38.43,115.29
8715,C0816,F,48,Ottawa,T-Shirt,Clothing,2025-02-03,3,20.4,61.2
8716,C1352,F,50,Montreal,Dress,Clothing,2025-07-26,2,59.66,119.32
8717,C0258,F,48,Ottawa,Headphones,Electronics,2025-02-13,3,67.72,203.16
8718,C0713,F,44,Ottawa,Kettle,Home,2025-09-02,2,27.3,54.6
8719,C1466,M,53,Ottawa,Dress,Clothing,2025-09-11,1,58.45,58.45
8720,C0162,M,38,Calgary,Charger,Electronics,2025-04-19,2,21.89,43.78
8721,C1022,M,22,Vancouver,Camera,Electronics,2025-04-24,4,302.91,1211.64
8722,C0427,M,28,Halifax,Blender,Home,2025-10-05,1,90.41,90.41
8723,C0024,M,51,Toronto,Mascara,Beauty,2025-08-25,1,18.75,18.75
8724,C1265,M,51,Winnipeg,Charger,Electronics,2025-01-29,1,18.02,18.02
8725,C0998,F,65,Winnipeg,Jeans,Clothing,2025-08-10,2,60.42,120.84
8726,C1126,F,20,Vancouver,Kettle,Home,2025-09-28,1,29.44,29.44
8727,C1305,F,23,Montreal,Camera,Electronics,2025-08-30,2,331.68,663.36
8728,C1449,F,37,Winnipeg,Lipstick,Beauty,2025-04-07,1,14.72,14.72
8729,C0629,M,21,Toronto,Charger,Electronics,2025-09-20,2,20.22,40.44
8730,C0545,M,54,Edmonton,Charger,Electronics,2025-01-07,1,19.01,19.01
8731,C0299,F,56,Calgary,Lotion,Beauty,2025-09-30,1,18.14,18.14
8732,C1041,F,24,Toronto,Lamp,Home,2025-10-15,2,42.69,85.38
8733,C1031,F,34,Toronto,Shampoo,Beauty,2025-07-24,1,12.95,12.95
8734,C0955,M,55,Toronto,Charger,Electronics,2025-07-03,1,18.65,18.65
8735,C0548,M,53,Ottawa,Charger,Electronics,2025-02-27,1,21.15,21.15
8736,C1427,F,51,Halifax,Sneakers,Clothing,2025-04-21,1,89.1,89.1
8737,C0271,F,23,Montreal,Charger,Electronics,2025-07-05,1,18.71,18.71
8738,C0070,M,56,Edmonton,Perfume,Beauty,2025-05-11,4,44.3,177.2
8739,C1209,F,19,Calgary,Perfume,Beauty,2025-03-30,2,44.3,88.6
8740,C0228,M,35,Halifax,Camera,Electronics,2025-04-28,3,336.64,1009.92
8741,C1093,F,59,Edmonton,Smartwatch,Electronics,2025-09-14,1,170.81,170.81
8742,C0237,M,44,Montreal,Headphones,Electronics,2025-04-20,1,64.33,64.33
8743,C0197,M,56,Ottawa,Keyboard,Electronics,2025-03-08,1,40.5,40.5
8744,C1131,M,58,Calgary,Serum,Beauty,2025-05-28,2,39.99,79.98
8745,C1170,M,36,Winnipeg,Mouse,Electronics,2025-08-08,1,26.43,26.43
8746,C1184,F,49,Edmonton,Mouse,Electronics,2025-08-02,2,23.24,46.48
8747,C1263,F,41,Halifax,Perfume,Beauty,2025-03-03,1,45.23,45.23
8748,C0369,M,51,Ottawa,Serum,Beauty,2025-02-25,1,40.72,40.72
8749,C1150,F,42,Calgary,Perfume,Beauty,2025-04-06,1,43.37,43.37
8750,C1181,F,41,Calgary,Serum,Beauty,2025-05-26,2,37.43,74.86
8751,C0817,M,42,Halifax,Toaster,Home,2025-02-17,1,37.13,37.13
8752,C1492,F,29,Vancouver,Mascara,Beauty,2025-10-21,1,16.52,16.52
8753,C1491,M,47,Ottawa,Mascara,Beauty,2025-10-05,3,19.29,57.87
8754,C0884,F,23,Montreal,Lipstick,Beauty,2025-07-22,2,14.43,28.86
8755,C0720,M,47,Winnipeg,Jeans,Clothing,2025-07-18,1,49.52,49.52
8756,C0715,F,50,Halifax,T-Shirt,Clothing,2025-05-04,1,18.94,18.94
8757,C1340,M,32,Winnipeg,Serum,Beauty,2025-07-19,1,34.88,34.88
8758,C0639,M,46,Edmonton,Headphones,Electronics,2025-03-16,1,64.29,64.29
8759,C0796,M,31,Ottawa,Perfume,Beauty,2025-06-06,2,46.74,93.48
8760,C0342,F,42,Edmonton,Smartwatch,Electronics,2025-05-14,1,150.85,150.85
8761,C0155,M,62,Ottawa,Serum,Beauty,2025-04-30,3,41.3,123.9
8762,C0977,F,22,Ottawa,Air Fryer,Home,2025-01-12,1,110.36,110.36
8763,C1160,F,19,Vancouver,Smartwatch,Electronics,2025-08-23,1,158.72,158.72
8764,C0456,M,64,Vancouver,Dress,Clothing,2025-10-22,4,59.21,236.84
8765,C0032,M,33,Vancouver,Lipstick,Beauty,2025-04-18,1,15.58,15.58
8766,C1004,F,56,Vancouver,Hoodie,Clothing,2025-02-02,3,44.57,133.71
8767,C1039,M,55,Halifax,Vacuum,Home,2025-04-30,2,138.86,277.72
8768,C0128,M,34,Ottawa,Lotion,Beauty,2025-09-13,1,21.52,21.52
8769,C1403,M,48,Winnipeg,Camera,Electronics,2025-03-24,1,315.42,315.42
8770,C0424,M,18,Halifax,Mascara,Beauty,2025-06-30,1,16.47,16.47
8771,C0096,F,23,Montreal,Mascara,Beauty,2025-08-16,3,18.11,54.33
8772,C1337,F,48,Toronto,Serum,Beauty,2025-10-02,1,39.12,39.12
8773,C0815,M,23,Ottawa,Headphones,Electronics,2025-07-05,1,66.86,66.86
8774,C0613,F,53,Edmonton,Camera,Electronics,2025-07-30,1,339.22,339.22
8775,C1142,M,25,Montreal,Sneakers,Clothing,2025-09-06,2,87.89,175.78
8776,C0522,M,46,Halifax,Mascara,Beauty,2025-02-12,1,18.54,18.54
8777,C1141,F,26,Toronto,Jacket,Clothing,2025-03-14,1,88.57,88.57
8778,C1372,M,39,Toronto,Serum,Beauty,2025-01-19,5,41.51,207.55
8779,C1204,F,27,Vancouver,Lamp,Home,2025-06-14,1,38.19,38.19
8780,C0224,F,41,Toronto,Charger,Electronics,2025-09-24,1,20.31,20.31
8781,C1248,F,57,Edmonton,Mascara,Beauty,2025-05-08,2,17.31,34.62
8782,C0248,M,19,Edmonton,Sneakers,Clothing,2025-10-28,2,89.16,178.32
8783,C1278,F,37,Montreal,Charger,Electronics,2025-05-22,1,18.19,18.19
8784,C1343,F,34,Vancouver,Blender,Home,2025-02-03,1,77.28,77.28
8785,C0975,M,50,Ottawa,Mouse,Electronics,2025-04-08,1,26.55,26.55
8786,C0649,F,31,Ottawa,Keyboard,Electronics,2025-07-29,1,39.47,39.47
8787,C0742,F,49,Halifax,Headphones,Electronics,2025-07-17,2,67.78,135.56
8788,C0862,M,54,Vancouver,Kettle,Home,2025-09-13,1,28.6,28.6
8789,C0552,M,41,Winnipeg,Mascara,Beauty,2025-02-11,2,18.73,37.46
8790,C0784,M,58,Vancouver,Kettle,Home,2025-04-14,1,26.33,26.33
8791,C1049,F,37,Toronto,Dress,Clothing,2025-07-08,2,56.23,112.46
8792,C0138,F,23,Winnipeg,Serum,Beauty,2025-03-03,1,41.48,41.48
8793,C0926,M,50,Toronto,Perfume,Beauty,2025-05-23,3,45.81,137.43
8794,C0009,M,45,Montreal,Toaster,Home,2025-08-10,1,34.23,34.23
8795,C0569,M,28,Vancouver,Keyboard,Electronics,2025-01-20,2,42.41,84.82
8796,C0302,F,53,Halifax,Headphones,Electronics,2025-10-07,1,70.35,70.35
8797,C0631,M,37,Ottawa,Lipstick,Beauty,2025-09-22,1,14.22,14.22
8798,C0171,M,23,Montreal,Charger,Electronics,2025-09-05,2,18.83,37.66
8799,C0884,F,25,Ottawa,Lipstick,Beauty,2025-04-26,1,14.69,14.69
8800,C0512,M,36,Winnipeg,Mouse,Electronics,2025-09-12,1,26.8,26.8
8801,C0369,F,32,Ottawa,Blender,Home,2025-10-24,2,77.54,155.08
8802,C0375,M,39,Montreal,Mascara,Beauty,2025-01-13,2,16.99,33.98
8803,C0204,M,19,Halifax,Smartwatch,Electronics,2025-02-15,1,172.58,172.58
8804,C0057,F,45,Ottawa,T-Shirt,Clothing,2025-08-30,1,18.49,18.49
8805,C0657,F,53,Vancouver,Blender,Home,2025-03-12,1,87.2,87.2
8806,C1049,F,53,Winnipeg,Jeans,Clothing,2025-02-28,3,51.85,155.55
8807,C1415,F,61,Edmonton,Keyboard,Electronics,2025-07-23,1,40.85,40.85
8808,C1079,F,35,Vancouver,Vacuum,Home,2025-02-20,2,146.49,292.98
8809,C0147,F,29,Halifax,Lotion,Beauty,2025-01-16,1,18.41,18.41
8810,C0977,F,36,Montreal,Mascara,Beauty,2025-02-20,1,18.3,18.3
8811,C1111,M,43,Ottawa,Mascara,Beauty,2025-08-12,1,18.66,18.66
8812,C1005,F,42,Ottawa,Keyboard,Electronics,2025-05-08,2,41.44,82.88
8813,C0922,F,45,Toronto,Jeans,Clothing,2025-06-19,1,56.51,56.51
8814,C0072,F,32,Calgary,Camera,Electronics,2025-09-24,1,320.01,320.01
8815,C0750,F,27,Montreal,Toaster,Home,2025-03-09,1,35.14,35.14
8816,C0953,M,56,Edmonton,Lamp,Home,2025-05-01,1,41.09,41.09
8817,C0136,F,51,Ottawa,Camera,Electronics,2025-06-29,1,332.18,332.18
8818,C1070,M,30,Montreal,Mouse,Electronics,2025-08-14,1,25.77,25.77
8819,C0517,F,33,Toronto,Camera,Electronics,2025-07-10,2,325.56,651.12
8820,C1036,F,57,Halifax,Camera,Electronics,2025-10-28,1,297.97,297.97
8821,C0027,M,48,Halifax,Shampoo,Beauty,2025-09-08,1,11.31,11.31
8822,C0084,M,18,Halifax,Dress,Clothing,2025-01-06,4,57.12,228.48
8823,C0548,M,64,Montreal,Mascara,Beauty,2025-09-19,1,19.51,19.51
8824,C1076,M,40,Vancouver,Shampoo,Beauty,2025-04-01,3,12.62,37.86
8825,C0074,M,31,Ottawa,Sneakers,Clothing,2025-07-13,1,85.9,85.9
8826,C0490,M,56,Toronto,Charger,Electronics,2025-03-05,1,19.01,19.01
8827,C1479,M,47,Vancouver,Vacuum,Home,2025-10-21,1,138.33,138.33
8828,C1272,F,59,Calgary,Charger,Electronics,2025-08-14,1,21.6,21.6
8829,C0012,F,37,Halifax,Keyboard,Electronics,2025-03-04,1,43.14,43.14
8830,C1360,M,42,Calgary,Lipstick,Beauty,2025-03-12,1,13.83,13.83
8831,C1278,F,28,Montreal,Smartwatch,Electronics,2025-01-20,2,169.51,339.02
8832,C0671,F,43,Ottawa,Headphones,Electronics,2025-09-02,1,69.25,69.25
8833,C0603,F,38,Calgary,Kettle,Home,2025-03-05,1,27.01,27.01
8834,C0672,M,22,Toronto,Mouse,Electronics,2025-10-20,1,26.2,26.2
8835,C1002,F,24,Ottawa,Jeans,Clothing,2025-08-13,2,56.26,112.52
8836,C0832,F,29,Edmonton,Shampoo,Beauty,2025-09-23,1,12.67,12.67
8837,C1128,F,19,Toronto,Mouse,Electronics,2025-06-11,1,22.87,22.87
8838,C0603,F,56,Halifax,Smartwatch,Electronics,2025-02-14,2,154.19,308.38
8839,C0315,F,38,Halifax,Jeans,Clothing,2025-09-26,4,53.01,212.04
8840,C0793,M,49,Halifax,Serum,Beauty,2025-01-25,1,36.71,36.71
8841,C0068,M,22,Toronto,Smartwatch,Electronics,2025-10-27,3,160.08,480.24
8842,C1196,F,44,Toronto,T-Shirt,Clothing,2025-08-13,1,19.13,19.13
8843,C1167,F,48,Halifax,Perfume,Beauty,2025-03-15,3,44.5,133.5
8844,C0197,F,29,Winnipeg,Sneakers,Clothing,2025-04-26,2,82.75,165.5
8845,C1197,M,53,Edmonton,Perfume,Beauty,2025-06-01,3,47.12,141.36
8846,C0665,F,38,Halifax,Toaster,Home,2025-03-10,2,35.72,71.44
8847,C0522,F,36,Calgary,Jeans,Clothing,2025-07-21,1,56.69,56.69
8848,C0190,F,20,Montreal,Lamp,Home,2025-10-30,1,37.68,37.68
8849,C0012,F,34,Calgary,Charger,Electronics,2025-04-01,1,19.3,19.3
8850,C0963,M,47,Calgary,Mascara,Beauty,2025-02-19,1,16.28,16.28
8851,C1053,F,53,Winnipeg,Dress,Clothing,2025-10-16,1,55.3,55.3
8852,C0989,F,26,Montreal,Charger,Electronics,2025-04-02,4,19.06,76.24
8853,C0555,F,51,Vancouver,Serum,Beauty,2025-08-23,1,34.7,34.7
8854,C0088,M,46,Toronto,Blender,Home,2025-01-29,1,86.74,86.74
8855,C0856,F,27,Edmonton,Smartwatch,Electronics,2025-06-21,1,175.94,175.94
8856,C0473,M,26,Vancouver,Perfume,Beauty,2025-06-22,2,41.41,82.82
8857,C0111,M,57,Toronto,Lotion,Beauty,2025-08-24,1,21.28,21.28
8858,C0421,M,28,Vancouver,Lotion,Beauty,2025-02-11,1,18.48,18.48
8859,C0069,F,36,Toronto,Camera,Electronics,2025-05-29,3,330.87,992.61
8860,C0119,F,39,Halifax,Toaster,Home,2025-10-15,2,36,72
8861,C0779,F,39,Montreal,Smartwatch,Electronics,2025-08-01,2,172.89,345.78
8862,C1448,M,64,Winnipeg,Jeans,Clothing,2025-06-24,2,50.75,101.5
8863,C0247,M,33,Montreal,Hoodie,Clothing,2025-04-09,1,43.34,43.34
8864,C0831,M,34,Edmonton,Air Fryer,Home,2025-04-30,2,101,202
8865,C0022,F,57,Halifax,Serum,Beauty,2025-10-30,1,37.3,37.3
8866,C0399,F,24,Montreal,Toaster,Home,2025-01-17,1,37.88,37.88
8867,C0326,M,48,Ottawa,Charger,Electronics,2025-01-29,1,21.13,21.13
8868,C1216,M,21,Edmonton,Camera,Electronics,2025-02-17,1,334.27,334.27
8869,C0602,M,46,Edmonton,Air Fryer,Home,2025-10-16,1,110.73,110.73
8870,C0646,F,24,Halifax,Smartwatch,Electronics,2025-05-08,1,172.27,172.27
8871,C0352,F,60,Toronto,Hoodie,Clothing,2025-03-09,1,44.54,44.54
8872,C0811,F,47,Winnipeg,Shampoo,Beauty,2025-02-08,1,11.16,11.16
8873,C0404,M,20,Montreal,Lamp,Home,2025-05-13,2,42.7,85.4
8874,C0637,F,42,Vancouver,Lipstick,Beauty,2025-04-29,1,14.34,14.34
8875,C1451,F,51,Ottawa,Hoodie,Clothing,2025-02-21,3,40.98,122.94
8876,C0702,M,50,Edmonton,Lipstick,Beauty,2025-05-16,1,13.88,13.88
8877,C0323,M,48,Ottawa,Mascara,Beauty,2025-09-04,2,18.39,36.78
8878,C0594,M,41,Edmonton,Headphones,Electronics,2025-06-18,2,71.5,143
8879,C0227,F,55,Montreal,Charger,Electronics,2025-03-11,4,19.04,76.16
8880,C0180,M,63,Calgary,Lipstick,Beauty,2025-02-05,1,15.68,15.68
8881,C0970,M,21,Montreal,Charger,Electronics,2025-10-15,1,21.09,21.09
8882,C0990,F,65,Edmonton,Charger,Electronics,2025-01-05,1,21.68,21.68
8883,C1439,M,27,Winnipeg,Shampoo,Beauty,2025-05-28,1,12.2,12.2
8884,C0951,F,42,Winnipeg,Camera,Electronics,2025-08-25,1,337.88,337.88
8885,C0836,M,54,Calgary,Sneakers,Clothing,2025-03-09,2,89.3,178.6
8886,C1337,F,60,Montreal,Lamp,Home,2025-08-19,1,38.06,38.06
8887,C0664,M,18,Toronto,Air Fryer,Home,2025-05-30,1,105.82,105.82
8888,C0154,F,34,Vancouver,Lamp,Home,2025-08-09,1,39.83,39.83
8889,C0733,F,63,Halifax,Keyboard,Electronics,2025-09-18,1,36.15,36.15
8890,C0806,F,24,Edmonton,Lipstick,Beauty,2025-09-23,3,14.39,43.17
8891,C1060,F,31,Edmonton,Mascara,Beauty,2025-04-24,3,17.91,53.73
8892,C0122,F,18,Winnipeg,Jeans,Clothing,2025-06-14,1,50.69,50.69
8893,C0182,F,23,Calgary,Hoodie,Clothing,2025-02-25,1,41.64,41.64
8894,C1450,M,56,Calgary,Camera,Electronics,2025-09-07,3,317.65,952.95
8895,C1128,M,60,Winnipeg,Serum,Beauty,2025-08-31,1,39.76,39.76
8896,C1106,F,27,Ottawa,Perfume,Beauty,2025-01-02,2,48,96
8897,C0536,M,38,Calgary,Mouse,Electronics,2025-05-23,3,25.23,75.69
8898,C0338,M,20,Toronto,Keyboard,Electronics,2025-06-18,1,39.8,39.8
8899,C0103,M,36,Vancouver,Lipstick,Beauty,2025-03-04,1,14.65,14.65
8900,C1288,F,45,Calgary,Jacket,Clothing,2025-06-03,1,84.47,84.47
8901,C0231,F,19,Ottawa,Headphones,Electronics,2025-09-12,3,65.05,195.15
8902,C1206,F,44,Edmonton,Sneakers,Clothing,2025-03-07,1,89.96,89.96
8903,C0627,F,61,Vancouver,Kettle,Home,2025-10-12,1,27.8,27.8
8904,C0779,M,49,Halifax,Vacuum,Home,2025-07-07,2,158.71,317.42
8905,C0875,M,29,Calgary,Blender,Home,2025-07-12,2,88.47,176.94
8906,C1251,M,18,Toronto,Kettle,Home,2025-10-23,1,26.29,26.29
8907,C0728,F,63,Toronto,Vacuum,Home,2025-01-11,1,150.31,150.31
8908,C0973,F,60,Vancouver,Toaster,Home,2025-06-29,1,34.61,34.61
8909,C0863,F,57,Ottawa,Camera,Electronics,2025-03-31,1,315.13,315.13
8910,C0890,F,46,Toronto,Sneakers,Clothing,2025-08-11,1,85.72,85.72
8911,C0003,M,26,Halifax,Air Fryer,Home,2025-08-14,2,120.61,241.22
8912,C1500,M,35,Montreal,Toaster,Home,2025-04-13,1,37.19,37.19
8913,C1354,M,62,Montreal,Jacket,Clothing,2025-08-20,1,97.27,97.27
8914,C1345,F,53,Halifax,Shampoo,Beauty,2025-09-24,1,10.87,10.87
8915,C0908,M,33,Calgary,Perfume,Beauty,2025-10-11,1,41.76,41.76
8916,C1208,M,52,Toronto,Smartwatch,Electronics,2025-07-09,2,146.71,293.42
8917,C0180,M,53,Montreal,Camera,Electronics,2025-02-17,2,304.85,609.7
8918,C0125,M,21,Calgary,T-Shirt,Clothing,2025-10-11,2,19.77,39.54
8919,C1464,F,57,Calgary,Keyboard,Electronics,2025-10-29,2,41.14,82.28
8920,C1419,F,60,Calgary,Camera,Electronics,2025-02-24,2,320.05,640.1
8921,C0385,M,52,Ottawa,Headphones,Electronics,2025-04-29,1,75.64,75.64
8922,C1136,M,36,Calgary,Perfume,Beauty,2025-01-02,1,48.96,48.96
8923,C0646,F,23,Ottawa,Air Fryer,Home,2025-08-12,2,102.6,205.2
8924,C0202,M,48,Montreal,Hoodie,Clothing,2025-08-24,1,48.18,48.18
8925,C0664,F,44,Halifax,Shampoo,Beauty,2025-07-22,1,11.96,11.96
8926,C0328,F,20,Calgary,Headphones,Electronics,2025-05-24,1,69.35,69.35
8927,C0849,F,53,Montreal,Headphones,Electronics,2025-01-11,1,73.99,73.99
8928,C0408,M,53,Toronto,Mascara,Beauty,2025-09-16,1,16.54,16.54
8929,C0589,M,19,Halifax,Lipstick,Beauty,2025-10-25,2,16.15,32.3
8930,C0265,F,65,Halifax,T-Shirt,Clothing,2025-06-06,1,20.68,20.68
8931,C1467,F,54,Ottawa,Camera,Electronics,2025-07-16,3,344.02,1032.06
8932,C0254,M,32,Winnipeg,Mascara,Beauty,2025-04-02,1,19.78,19.78
8933,C1094,F,54,Halifax,Mascara,Beauty,2025-06-02,1,18.06,18.06
8934,C1366,M,40,Winnipeg,Lamp,Home,2025-05-14,1,36.75,36.75
8935,C1237,F,61,Montreal,Toaster,Home,2025-04-26,1,32.67,32.67
8936,C0610,F,64,Calgary,Toaster,Home,2025-03-08,3,33.77,101.31
8937,C1147,F,23,Montreal,Shampoo,Beauty,2025-05-30,1,11.05,11.05
8938,C0537,M,50,Calgary,T-Shirt,Clothing,2025-09-13,1,21.26,21.26
8939,C0880,F,22,Vancouver,Keyboard,Electronics,2025-02-10,1,38.37,38.37
8940,C0550,F,38,Edmonton,Mouse,Electronics,2025-06-30,1,27.38,27.38
8941,C1219,M,45,Ottawa,Mouse,Electronics,2025-07-07,1,26.01,26.01
8942,C0270,M,38,Toronto,Camera,Electronics,2025-02-08,1,299.1,299.1
8943,C0778,F,41,Montreal,Hoodie,Clothing,2025-08-05,1,44.78,44.78
8944,C1090,F,45,Winnipeg,Jacket,Clothing,2025-05-10,2,89.4,178.8
8945,C0199,F,28,Edmonton,Keyboard,Electronics,2025-09-21,2,39.94,79.88
8946,C0142,F,39,Montreal,Sneakers,Clothing,2025-04-24,1,85.61,85.61
8947,C1265,F,63,Vancouver,Lamp,Home,2025-03-04,1,36.25,36.25
8948,C1233,F,63,Calgary,Jeans,Clothing,2025-04-07,2,57.05,114.1
8949,C1150,F,51,Toronto,Serum,Beauty,2025-01-18,2,37.9,75.8
8950,C1290,F,54,Calgary,Smartwatch,Electronics,2025-07-24,1,169.31,169.31
8951,C0355,M,58,Calgary,Lipstick,Beauty,2025-08-01,1,15.95,15.95
8952,C0817,M,34,Montreal,Jeans,Clothing,2025-04-07,1,52.04,52.04
8953,C0176,F,32,Montreal,Serum,Beauty,2025-10-06,1,34.57,34.57
8954,C0387,M,46,Montreal,Mouse,Electronics,2025-08-24,1,26.02,26.02
8955,C1071,F,51,Halifax,Camera,Electronics,2025-06-17,1,350.58,350.58
8956,C0572,M,58,Edmonton,Mouse,Electronics,2025-03-01,2,24.73,49.46
8957,C0793,F,60,Ottawa,Vacuum,Home,2025-03-26,1,142.79,142.79
8958,C0633,M,39,Ottawa,Jeans,Clothing,2025-09-18,1,51.22,51.22
8959,C0167,M,44,Montreal,Kettle,Home,2025-06-15,2,26.81,53.62
8960,C0558,M,55,Calgary,T-Shirt,Clothing,2025-08-16,2,19.31,38.62
8961,C1241,F,32,Toronto,Mascara,Beauty,2025-03-01,1,17.73,17.73
8962,C1323,M,38,Toronto,Smartwatch,Electronics,2025-06-13,1,164.97,164.97
8963,C0797,M,21,Calgary,Camera,Electronics,2025-08-18,1,305.48,305.48
8964,C1363,F,64,Halifax,Mascara,Beauty,2025-03-23,1,16.38,16.38
8965,C1127,F,35,Edmonton,Headphones,Electronics,2025-06-06,1,68.23,68.23
8966,C0086,M,24,Winnipeg,Kettle,Home,2025-07-10,1,29.99,29.99
8967,C1250,F,33,Halifax,Keyboard,Electronics,2025-09-01,1,39.99,39.99
8968,C0667,M,52,Vancouver,Kettle,Home,2025-08-30,2,30.6,61.2
8969,C1392,F,29,Calgary,Keyboard,Electronics,2025-08-10,1,40.03,40.03
8970,C0003,M,24,Toronto,Serum,Beauty,2025-06-17,1,36.3,36.3
8971,C0824,F,58,Vancouver,Serum,Beauty,2025-05-01,1,35.67,35.67
8972,C0879,F,27,Edmonton,Mouse,Electronics,2025-01-02,2,25.97,51.94
8973,C1344,M,18,Edmonton,Shampoo,Beauty,2025-04-28,3,12.09,36.27
8974,C0789,M,29,Vancouver,Perfume,Beauty,2025-05-16,2,45.94,91.88
8975,C1048,F,44,Halifax,Camera,Electronics,2025-05-07,4,336.33,1345.32
8976,C1498,M,45,Toronto,Headphones,Electronics,2025-08-29,1,73.16,73.16
8977,C0525,F,35,Vancouver,Mouse,Electronics,2025-04-18,1,22.72,22.72
8978,C0966,F,18,Edmonton,Blender,Home,2025-10-26,1,90.14,90.14
8979,C1242,F,40,Ottawa,Blender,Home,2025-04-22,1,85.56,85.56
8980,C0496,F,56,Montreal,Headphones,Electronics,2025-06-12,1,68.48,68.48
8981,C0683,F,34,Edmonton,Kettle,Home,2025-10-02,1,28.21,28.21
8982,C0862,M,62,Edmonton,Air Fryer,Home,2025-01-19,1,112.47,112.47
8983,C0590,F,59,Vancouver,Air Fryer,Home,2025-08-21,1,102.29,102.29
8984,C1126,F,63,Vancouver,Smartwatch,Electronics,2025-01-20,4,157.36,629.44
8985,C0030,F,18,Ottawa,Lipstick,Beauty,2025-08-29,1,14.51,14.51
8986,C0467,M,55,Ottawa,Kettle,Home,2025-09-17,1,27.16,27.16
8987,C0203,M,21,Halifax,Mouse,Electronics,2025-02-18,1,22.96,22.96
8988,C0724,F,32,Halifax,Jeans,Clothing,2025-06-03,2,51.26,102.52
8989,C0153,F,38,Calgary,Dress,Clothing,2025-01-03,2,55.94,111.88
8990,C0678,M,38,Winnipeg,Smartwatch,Electronics,2025-10-19,1,155.94,155.94
8991,C0043,M,39,Toronto,Lipstick,Beauty,2025-06-18,1,16.18,16.18
8992,C0414,M,61,Halifax,Lipstick,Beauty,2025-07-17,2,14.12,28.24
8993,C0443,F,31,Calgary,Mouse,Electronics,2025-06-28,1,24.58,24.58
8994,C0151,F,52,Edmonton,Mouse,Electronics,2025-04-13,4,24.06,96.24
8995,C1068,F,21,Halifax,Mouse,Electronics,2025-08-07,1,26.44,26.44
8996,C1281,F,52,Toronto,Mouse,Electronics,2025-01-16,1,22.75,22.75
8997,C1127,F,49,Winnipeg,Mascara,Beauty,2025-02-16,3,16.91,50.73
8998,C0830,F,45,Ottawa,T-Shirt,Clothing,2025-02-15,1,18.84,18.84
8999,C1232,F,29,Montreal,Lipstick,Beauty,2025-04-10,1,16.48,16.48
9000,C1418,F,47,Toronto,Jeans,Clothing,2025-07-02,1,55.78,55.78
9001,C0108,F,26,Toronto,Jacket,Clothing,2025-08-04,2,83.5,167
9002,C0329,M,36,Halifax,Mouse,Electronics,2025-05-14,1,23.86,23.86
9003,C1358,M,33,Halifax,Lamp,Home,2025-01-09,1,37.34,37.34
9004,C0706,F,47,Ottawa,Smartwatch,Electronics,2025-08-01,1,147.99,147.99
9005,C0633,F,18,Vancouver,Lamp,Home,2025-05-19,2,42.38,84.76
9006,C0950,M,63,Calgary,Keyboard,Electronics,2025-08-10,1,39.97,39.97
9007,C0597,F,62,Halifax,Smartwatch,Electronics,2025-04-01,1,164.2,164.2
9008,C0426,M,40,Montreal,Keyboard,Electronics,2025-04-22,1,38.65,38.65
9009,C0907,M,29,Edmonton,Smartwatch,Electronics,2025-04-23,2,161.72,323.44
9010,C0233,F,22,Winnipeg,Mouse,Electronics,2025-07-17,2,23.79,47.58
9011,C0451,M,37,Toronto,Mouse,Electronics,2025-09-20,1,24.04,24.04
9012,C0755,M,20,Vancouver,Keyboard,Electronics,2025-06-11,2,41.22,82.44
9013,C1291,F,19,Ottawa,Serum,Beauty,2025-03-25,1,35.34,35.34
9014,C0516,F,60,Toronto,Mascara,Beauty,2025-02-14,1,18.42,18.42
9015,C0591,F,37,Vancouver,Lotion,Beauty,2025-02-14,2,21.41,42.82
9016,C1403,M,19,Edmonton,Lotion,Beauty,2025-09-28,1,18.48,18.48
9017,C0484,M,65,Calgary,Shampoo,Beauty,2025-07-29,2,12.95,25.9
9018,C0079,F,57,Halifax,T-Shirt,Clothing,2025-06-23,3,18.32,54.96
9019,C0689,M,52,Ottawa,Lotion,Beauty,2025-09-04,1,19.4,19.4
9020,C1266,F,21,Vancouver,Air Fryer,Home,2025-06-23,1,112.43,112.43
9021,C0406,M,53,Winnipeg,Perfume,Beauty,2025-02-05,3,45.53,136.59
9022,C0906,M,57,Vancouver,Dress,Clothing,2025-10-29,1,55.16,55.16
9023,C0276,F,23,Toronto,Headphones,Electronics,2025-10-25,1,74.18,74.18
9024,C0178,F,31,Edmonton,Smartwatch,Electronics,2025-06-07,1,175.14,175.14
9025,C0671,F,32,Edmonton,Mouse,Electronics,2025-05-19,1,23.41,23.41
9026,C0812,M,54,Winnipeg,Keyboard,Electronics,2025-02-02,2,43.16,86.32
9027,C1000,F,50,Calgary,Camera,Electronics,2025-09-08,1,323.64,323.64
9028,C0988,F,61,Edmonton,Mascara,Beauty,2025-06-20,2,19.57,39.14
9029,C0331,M,36,Winnipeg,T-Shirt,Clothing,2025-04-20,2,18.7,37.4
9030,C0553,F,29,Winnipeg,Charger,Electronics,2025-06-16,1,21.17,21.17
9031,C1294,M,60,Ottawa,Charger,Electronics,2025-05-05,1,18.24,18.24
9032,C0174,F,26,Ottawa,Air Fryer,Home,2025-08-02,2,118.43,236.86
9033,C0477,M,36,Calgary,Charger,Electronics,2025-10-22,2,20.7,41.4
9034,C0092,M,49,Montreal,Jeans,Clothing,2025-06-30,1,53.57,53.57
9035,C0510,F,45,Toronto,Charger,Electronics,2025-03-24,1,18.76,18.76
9036,C0896,M,45,Winnipeg,Lamp,Home,2025-01-25,1,42.53,42.53
9037,C0601,F,48,Vancouver,Mascara,Beauty,2025-09-03,1,18.37,18.37
9038,C0599,M,53,Winnipeg,Jeans,Clothing,2025-02-10,1,53.46,53.46
9039,C0414,F,30,Toronto,Vacuum,Home,2025-02-28,2,148.32,296.64
9040,C0137,M,59,Winnipeg,Perfume,Beauty,2025-06-26,1,47.94,47.94
9041,C0678,F,50,Halifax,Shampoo,Beauty,2025-01-30,4,11.61,46.44
9042,C0089,M,59,Halifax,Camera,Electronics,2025-02-14,2,293.74,587.48
9043,C1067,F,35,Calgary,Jacket,Clothing,2025-06-03,1,97.4,97.4
9044,C0344,F,46,Vancouver,Perfume,Beauty,2025-02-09,1,43.99,43.99
9045,C0296,M,62,Halifax,Smartwatch,Electronics,2025-05-20,2,155.15,310.3
9046,C0341,M,56,Montreal,Lotion,Beauty,2025-09-14,2,18.82,37.64
9047,C0631,F,25,Edmonton,Keyboard,Electronics,2025-03-11,4,43.18,172.72
9048,C1342,M,39,Calgary,Headphones,Electronics,2025-05-16,1,66.05,66.05
9049,C0035,M,18,Toronto,Sneakers,Clothing,2025-08-24,1,87.32,87.32
9050,C0171,F,65,Vancouver,Keyboard,Electronics,2025-04-22,3,43.05,129.15
9051,C0386,M,48,Ottawa,Jacket,Clothing,2025-02-02,1,81.63,81.63
9052,C0335,M,37,Vancouver,Camera,Electronics,2025-07-15,2,341.04,682.08
9053,C0079,M,53,Vancouver,Serum,Beauty,2025-06-27,1,37.32,37.32
9054,C1157,F,40,Calgary,Keyboard,Electronics,2025-05-14,2,41.26,82.52
9055,C0372,M,34,Montreal,Smartwatch,Electronics,2025-07-10,1,155.92,155.92
9056,C1192,M,62,Vancouver,Sneakers,Clothing,2025-01-06,2,88.32,176.64
9057,C0236,M,27,Edmonton,Hoodie,Clothing,2025-10-20,1,42.79,42.79
9058,C0493,M,26,Vancouver,Lipstick,Beauty,2025-06-28,4,13.57,54.28
9059,C0649,F,63,Halifax,Lipstick,Beauty,2025-10-10,1,16.34,16.34
9060,C1351,F,34,Winnipeg,Mascara,Beauty,2025-04-16,1,16.26,16.26
9061,C0155,M,20,Winnipeg,Sneakers,Clothing,2025-09-03,1,90.51,90.51
9062,C0066,F,50,Halifax,Hoodie,Clothing,2025-08-19,3,42.02,126.06
9063,C1389,F,18,Montreal,Lamp,Home,2025-08-03,1,39.14,39.14
9064,C0200,M,37,Halifax,Mouse,Electronics,2025-09-30,1,26.61,26.61
9065,C0512,F,19,Halifax,Keyboard,Electronics,2025-04-15,1,37.65,37.65
9066,C0512,M,33,Montreal,Keyboard,Electronics,2025-01-23,1,42.93,42.93
9067,C0498,F,26,Halifax,Lotion,Beauty,2025-10-22,1,19.99,19.99
9068,C0685,F,31,Edmonton,Smartwatch,Electronics,2025-06-10,1,155.72,155.72
9069,C0695,M,18,Halifax,Perfume,Beauty,2025-07-13,2,46.46,92.92
9070,C1064,M,52,Vancouver,Lotion,Beauty,2025-09-23,1,19.37,19.37
9071,C0272,M,35,Ottawa,Dress,Clothing,2025-03-24,2,58.17,116.34
9072,C0724,M,18,Ottawa,Vacuum,Home,2025-06-17,2,157.01,314.02
9073,C1248,F,60,Ottawa,Headphones,Electronics,2025-05-23,3,67.34,202.02
9074,C0160,F,22,Calgary,Smartwatch,Electronics,2025-02-12,2,150.42,300.84
9075,C0035,M,28,Halifax,Charger,Electronics,2025-01-12,1,21.23,21.23
9076,C0832,F,55,Calgary,Lamp,Home,2025-01-22,2,42.44,84.88
9077,C1423,F,41,Ottawa,Vacuum,Home,2025-01-18,1,149.93,149.93
9078,C0426,F,56,Ottawa,Air Fryer,Home,2025-03-03,1,110.59,110.59
9079,C0121,M,62,Ottawa,Air Fryer,Home,2025-07-08,2,114.31,228.62
9080,C1458,F,49,Montreal,Lipstick,Beauty,2025-03-20,3,15.03,45.09
9081,C0416,F,33,Winnipeg,Headphones,Electronics,2025-06-16,1,68.84,68.84
9082,C0286,F,20,Toronto,Smartwatch,Electronics,2025-05-30,1,175.84,175.84
9083,C0979,F,64,Calgary,Headphones,Electronics,2025-08-11,1,65.07,65.07
9084,C1432,M,25,Winnipeg,Blender,Home,2025-04-15,1,86.58,86.58
9085,C0962,M,49,Calgary,Camera,Electronics,2025-09-11,2,344.7,689.4
9086,C0405,M,39,Calgary,Lotion,Beauty,2025-01-07,1,20.75,20.75
9087,C1194,F,65,Toronto,Smartwatch,Electronics,2025-06-12,1,172.19,172.19
9088,C1360,M,34,Vancouver,Dress,Clothing,2025-10-17,1,58.04,58.04
9089,C0488,F,44,Calgary,Serum,Beauty,2025-07-14,3,36.27,108.81
9090,C1255,F,62,Vancouver,Blender,Home,2025-05-10,2,90.97,181.94
9091,C1124,F,20,Halifax,Camera,Electronics,2025-04-19,2,313.22,626.44
9092,C0745,F,43,Montreal,Lipstick,Beauty,2025-08-07,1,15.63,15.63
9093,C1026,F,52,Winnipeg,Charger,Electronics,2025-05-10,3,18.59,55.77
9094,C0528,M,30,Ottawa,Toaster,Home,2025-09-01,1,36.79,36.79
9095,C0733,F,34,Ottawa,Mouse,Electronics,2025-10-24,3,25.24,75.72
9096,C1287,M,47,Montreal,Jeans,Clothing,2025-03-26,1,52.45,52.45
9097,C0695,F,46,Ottawa,Keyboard,Electronics,2025-09-12,1,39.96,39.96
9098,C0399,M,31,Montreal,Lipstick,Beauty,2025-08-25,1,15.59,15.59
9099,C1047,M,47,Ottawa,Sneakers,Clothing,2025-01-01,1,76.7,76.7
9100,C0247,F,54,Halifax,Charger,Electronics,2025-09-22,1,20.55,20.55
9101,C1281,M,61,Montreal,Mouse,Electronics,2025-07-13,3,25.21,75.63
9102,C0628,F,65,Halifax,Lamp,Home,2025-05-02,1,37.76,37.76
9103,C0069,F,55,Montreal,Keyboard,Electronics,2025-01-04,1,42.02,42.02
9104,C0564,F,26,Ottawa,Kettle,Home,2025-05-29,1,26.9,26.9
9105,C0397,F,65,Vancouver,Perfume,Beauty,2025-03-02,1,42.99,42.99
9106,C0608,F,49,Calgary,Mouse,Electronics,2025-10-09,2,24.86,49.72
9107,C0285,F,21,Calgary,Lipstick,Beauty,2025-04-27,1,15.53,15.53
9108,C0146,M,23,Winnipeg,Hoodie,Clothing,2025-06-21,2,48.86,97.72
9109,C0386,M,18,Toronto,Lotion,Beauty,2025-08-26,1,18.57,18.57
9110,C1307,M,42,Edmonton,Air Fryer,Home,2025-05-18,3,107.72,323.16
9111,C0298,M,57,Edmonton,Jeans,Clothing,2025-08-06,1,50.24,50.24
9112,C1246,M,55,Toronto,Headphones,Electronics,2025-03-23,3,73.62,220.86
9113,C1162,F,20,Ottawa,Charger,Electronics,2025-08-07,1,19.79,19.79
9114,C0515,M,38,Calgary,Keyboard,Electronics,2025-07-21,2,41.66,83.32
9115,C1366,F,31,Edmonton,Mouse,Electronics,2025-03-16,1,24.11,24.11
9116,C1062,F,47,Toronto,Camera,Electronics,2025-02-16,1,342.04,342.04
9117,C1483,M,19,Calgary,Toaster,Home,2025-08-24,1,35.24,35.24
9118,C1094,F,65,Winnipeg,Hoodie,Clothing,2025-05-31,2,48.99,97.98
9119,C0581,F,39,Montreal,T-Shirt,Clothing,2025-05-03,1,18.32,18.32
9120,C0670,F,30,Vancouver,T-Shirt,Clothing,2025-09-03,1,20.06,20.06
9121,C0782,F,42,Montreal,Jacket,Clothing,2025-09-11,2,94.8,189.6
9122,C0002,F,65,Toronto,Camera,Electronics,2025-02-23,2,326.41,652.82
9123,C1160,F,60,Halifax,Toaster,Home,2025-07-06,5,31.66,158.3
9124,C0842,M,28,Toronto,T-Shirt,Clothing,2025-10-08,1,21.89,21.89
9125,C1237,M,65,Halifax,Mouse,Electronics,2025-03-08,1,23.99,23.99
9126,C0083,F,27,Ottawa,Jacket,Clothing,2025-05-21,1,85.49,85.49
9127,C0355,M,61,Vancouver,Camera,Electronics,2025-01-21,2,319.08,638.16
9128,C0141,F,54,Edmonton,Toaster,Home,2025-01-22,3,35.3,105.9
9129,C1010,M,42,Winnipeg,Air Fryer,Home,2025-06-24,4,115.86,463.44
9130,C0950,F,61,Winnipeg,Jeans,Clothing,2025-07-10,3,53.83,161.49
9131,C0600,M,52,Vancouver,Serum,Beauty,2025-10-12,3,37.54,112.62
9132,C1420,F,36,Calgary,Vacuum,Home,2025-10-08,5,151.05,755.25
9133,C0835,F,45,Halifax,Keyboard,Electronics,2025-09-18,1,39.16,39.16
9134,C0793,M,59,Ottawa,Lotion,Beauty,2025-06-06,3,21.66,64.98
9135,C0931,M,65,Vancouver,Kettle,Home,2025-09-18,2,29.97,59.94
9136,C0912,F,60,Toronto,Charger,Electronics,2025-02-08,1,19.82,19.82
9137,C0241,F,65,Montreal,Lamp,Home,2025-01-30,1,36,36
9138,C0624,F,27,Montreal,Charger,Electronics,2025-09-15,1,21.6,21.6
9139,C1325,F,32,Winnipeg,Mouse,Electronics,2025-09-28,2,23.12,46.24
9140,C1017,F,49,Edmonton,Blender,Home,2025-02-20,2,80.66,161.32
9141,C1165,F,20,Vancouver,Camera,Electronics,2025-10-06,1,297.75,297.75
9142,C1176,F,41,Montreal,Serum,Beauty,2025-08-22,2,35.57,71.14
9143,C1021,F,27,Toronto,Dress,Clothing,2025-01-26,1,63.63,63.63
9144,C0986,M,61,Halifax,Smartwatch,Electronics,2025-01-11,2,162.54,325.08
9145,C0906,M,47,Winnipeg,Toaster,Home,2025-01-24,2,38.19,76.38
9146,C0787,F,58,Calgary,Mouse,Electronics,2025-08-04,4,23.66,94.64
9147,C0214,M,50,Toronto,Keyboard,Electronics,2025-05-18,1,39.89,39.89
9148,C0792,F,62,Winnipeg,Headphones,Electronics,2025-08-13,3,76.68,230.04
9149,C1498,M,42,Vancouver,Keyboard,Electronics,2025-04-20,1,42.61,42.61
9150,C1213,M,56,Winnipeg,Mouse,Electronics,2025-07-25,1,26.14,26.14
9151,C0133,M,56,Edmonton,Charger,Electronics,2025-03-12,1,18.76,18.76
9152,C0080,F,42,Halifax,Keyboard,Electronics,2025-07-29,2,42.16,84.32
9153,C0101,F,55,Winnipeg,Shampoo,Beauty,2025-07-04,5,11.63,58.15
9154,C1382,M,29,Toronto,Mouse,Electronics,2025-03-31,1,25.15,25.15
9155,C1088,F,21,Toronto,Perfume,Beauty,2025-09-04,3,45.98,137.94
9156,C0635,M,45,Montreal,Mascara,Beauty,2025-08-21,1,18.39,18.39
9157,C1389,F,37,Edmonton,Sneakers,Clothing,2025-02-02,1,88.85,88.85
9158,C1133,M,27,Calgary,Air Fryer,Home,2025-05-27,1,113.56,113.56
9159,C0187,F,48,Halifax,Blender,Home,2025-06-19,1,77.66,77.66
9160,C1429,M,36,Halifax,Camera,Electronics,2025-08-02,4,317.27,1269.08
9161,C1376,F,19,Edmonton,Jeans,Clothing,2025-08-16,2,56.8,113.6
9162,C0985,M,21,Halifax,Air Fryer,Home,2025-05-26,1,105.51,105.51
9163,C0206,M,32,Ottawa,Blender,Home,2025-05-26,2,81.82,163.64
9164,C0883,F,55,Vancouver,Smartwatch,Electronics,2025-01-22,1,147.99,147.99
9165,C0047,F,50,Vancouver,Hoodie,Clothing,2025-03-30,1,44.27,44.27
9166,C0821,M,35,Toronto,Dress,Clothing,2025-06-29,1,65.84,65.84
9167,C0099,F,57,Montreal,Dress,Clothing,2025-10-27,2,57.42,114.84
9168,C0505,F,49,Montreal,Perfume,Beauty,2025-09-22,4,45.28,181.12
9169,C0990,M,49,Vancouver,Lipstick,Beauty,2025-02-19,1,15.73,15.73
9170,C1258,M,30,Edmonton,Headphones,Electronics,2025-08-18,1,63.19,63.19
9171,C0423,F,33,Ottawa,Serum,Beauty,2025-03-02,1,41.04,41.04
9172,C0927,M,50,Ottawa,Hoodie,Clothing,2025-01-19,1,43.98,43.98
9173,C0977,F,51,Calgary,Lotion,Beauty,2025-01-25,2,21.48,42.96
9174,C0217,F,31,Toronto,Serum,Beauty,2025-07-26,1,34.5,34.5
9175,C0174,M,64,Vancouver,Perfume,Beauty,2025-03-16,2,41.81,83.62
9176,C0441,F,19,Halifax,Serum,Beauty,2025-05-21,1,36.65,36.65
9177,C0106,F,30,Edmonton,Shampoo,Beauty,2025-10-08,1,11.63,11.63
9178,C0411,F,46,Ottawa,Lamp,Home,2025-04-01,1,42.78,42.78
9179,C1437,F,60,Winnipeg,Smartwatch,Electronics,2025-03-16,1,144.36,144.36
9180,C0113,M,59,Ottawa,Lipstick,Beauty,2025-03-05,3,15.42,46.26
9181,C0146,F,51,Montreal,Smartwatch,Electronics,2025-03-23,1,148.2,148.2
9182,C0644,M,34,Calgary,Charger,Electronics,2025-09-07,1,21.29,21.29
9183,C1108,F,20,Vancouver,Mascara,Beauty,2025-05-18,2,19,38
9184,C0536,M,47,Calgary,Kettle,Home,2025-04-07,4,28,112
9185,C0298,F,21,Halifax,Toaster,Home,2025-04-10,3,32.99,98.97
9186,C0188,M,48,Ottawa,Toaster,Home,2025-09-30,1,35.94,35.94
9187,C0111,M,22,Calgary,Blender,Home,2025-08-29,1,79.16,79.16
9188,C0056,M,19,Winnipeg,Perfume,Beauty,2025-01-05,2,42.21,84.42
9189,C0581,M,21,Ottawa,Jacket,Clothing,2025-08-03,2,92.28,184.56
9190,C1498,F,61,Edmonton,Sneakers,Clothing,2025-03-08,1,93.35,93.35
9191,C0530,F,55,Montreal,T-Shirt,Clothing,2025-06-04,1,21.56,21.56
9192,C0449,F,44,Edmonton,Shampoo,Beauty,2025-01-29,1,12.22,12.22
9193,C1418,F,44,Toronto,Sneakers,Clothing,2025-01-09,1,85.66,85.66
9194,C1187,M,32,Winnipeg,Jacket,Clothing,2025-07-19,1,98.97,98.97
9195,C0219,F,56,Halifax,T-Shirt,Clothing,2025-08-18,1,20.19,20.19
9196,C0892,M,55,Halifax,Serum,Beauty,2025-09-24,1,37.39,37.39
9197,C0331,M,31,Vancouver,Toaster,Home,2025-06-12,1,37.87,37.87
9198,C1475,M,35,Toronto,Jacket,Clothing,2025-03-16,1,85.22,85.22
9199,C1308,M,46,Halifax,Blender,Home,2025-10-19,1,78.16,78.16
9200,C1163,F,24,Calgary,Charger,Electronics,2025-07-02,1,20.54,20.54
9201,C0504,M,55,Ottawa,T-Shirt,Clothing,2025-04-19,3,18.38,55.14
9202,C1380,M,41,Toronto,Smartwatch,Electronics,2025-07-19,1,155.94,155.94
9203,C0281,M,55,Montreal,Keyboard,Electronics,2025-06-30,2,39.39,78.78
9204,C0844,F,23,Winnipeg,Headphones,Electronics,2025-01-28,2,70.67,141.34
9205,C0012,F,37,Edmonton,Hoodie,Clothing,2025-02-22,1,49.42,49.42
9206,C1464,M,59,Calgary,Lotion,Beauty,2025-09-05,1,18.88,18.88
9207,C0565,F,53,Calgary,Keyboard,Electronics,2025-02-09,1,39.01,39.01
9208,C1120,M,27,Winnipeg,Air Fryer,Home,2025-08-10,2,101.91,203.82
9209,C0232,M,39,Toronto,Toaster,Home,2025-10-24,1,35.75,35.75
9210,C1136,F,50,Calgary,Camera,Electronics,2025-06-15,1,334.57,334.57
9211,C1071,F,40,Vancouver,Dress,Clothing,2025-01-29,2,59.78,119.56
9212,C0254,F,63,Toronto,T-Shirt,Clothing,2025-07-08,2,18.98,37.96
9213,C1447,M,58,Toronto,Perfume,Beauty,2025-07-21,1,46.09,46.09
9214,C0288,F,59,Edmonton,Charger,Electronics,2025-10-23,2,20.16,40.32
9215,C1330,M,21,Montreal,Perfume,Beauty,2025-05-10,1,42.04,42.04
9216,C1008,F,38,Winnipeg,Keyboard,Electronics,2025-02-17,2,39.25,78.5
9217,C0374,M,30,Calgary,Keyboard,Electronics,2025-09-14,1,39.48,39.48
9218,C0195,M,59,Halifax,Dress,Clothing,2025-03-29,2,65.79,131.58
9219,C1049,F,30,Montreal,Hoodie,Clothing,2025-09-15,1,48.14,48.14
9220,C1030,F,29,Calgary,Lipstick,Beauty,2025-02-28,1,15.7,15.7
9221,C0865,M,41,Toronto,Lipstick,Beauty,2025-02-18,1,16.17,16.17
9222,C0143,M,52,Winnipeg,Charger,Electronics,2025-08-04,2,20.94,41.88
9223,C0703,M,36,Calgary,Smartwatch,Electronics,2025-03-17,1,172.91,172.91
9224,C0171,F,26,Winnipeg,Lipstick,Beauty,2025-02-03,1,13.66,13.66
9225,C0490,F,30,Winnipeg,Hoodie,Clothing,2025-09-05,1,44.6,44.6
9226,C0096,F,39,Montreal,Jacket,Clothing,2025-10-17,1,94.44,94.44
9227,C0984,F,57,Winnipeg,Smartwatch,Electronics,2025-01-23,2,162.67,325.34
9228,C1219,M,53,Toronto,Jeans,Clothing,2025-01-19,4,51.43,205.72
9229,C0260,M,45,Edmonton,Smartwatch,Electronics,2025-04-06,2,154.9,309.8
9230,C1260,F,58,Calgary,Vacuum,Home,2025-09-08,3,144.53,433.59
9231,C1083,M,24,Montreal,Camera,Electronics,2025-08-29,1,304.73,304.73
9232,C0052,M,47,Winnipeg,Shampoo,Beauty,2025-02-14,1,11.62,11.62
9233,C0787,F,48,Edmonton,T-Shirt,Clothing,2025-03-17,1,20.06,20.06
9234,C0122,M,28,Calgary,Charger,Electronics,2025-04-17,4,21.42,85.68
9235,C1241,F,47,Edmonton,Air Fryer,Home,2025-03-01,2,115.32,230.64
9236,C0695,F,32,Montreal,Camera,Electronics,2025-05-12,1,341.46,341.46
9237,C0089,F,30,Vancouver,Lipstick,Beauty,2025-06-06,1,16.15,16.15
9238,C1467,F,52,Halifax,Lipstick,Beauty,2025-02-24,1,14.75,14.75
9239,C0970,F,52,Montreal,Headphones,Electronics,2025-07-05,1,67.84,67.84
9240,C0038,M,37,Ottawa,Lamp,Home,2025-06-24,2,36.46,72.92
9241,C0084,M,60,Winnipeg,Charger,Electronics,2025-01-31,1,21.72,21.72
9242,C1132,M,40,Halifax,Blender,Home,2025-06-04,3,77.62,232.86
9243,C1010,M,54,Calgary,Lamp,Home,2025-09-02,3,41.93,125.79
9244,C0709,M,37,Halifax,Toaster,Home,2025-01-30,3,34.15,102.45
9245,C0739,M,36,Ottawa,Mouse,Electronics,2025-02-18,3,27.24,81.72
9246,C1027,F,61,Vancouver,Jacket,Clothing,2025-06-19,1,88.55,88.55
9247,C0672,F,35,Montreal,Mouse,Electronics,2025-03-16,4,26.58,106.32
9248,C1316,M,21,Halifax,Smartwatch,Electronics,2025-07-25,1,153.04,153.04
9249,C0030,F,25,Edmonton,Lotion,Beauty,2025-06-10,3,19.2,57.6
9250,C0628,F,63,Toronto,Mouse,Electronics,2025-05-29,1,25.48,25.48
9251,C1191,F,47,Halifax,Serum,Beauty,2025-03-29,1,41.78,41.78
9252,C0093,M,65,Toronto,Toaster,Home,2025-06-17,1,35.12,35.12
9253,C0218,F,37,Edmonton,Shampoo,Beauty,2025-07-08,1,13.05,13.05
9254,C1113,M,25,Halifax,Smartwatch,Electronics,2025-04-24,3,169.16,507.48
9255,C1212,M,22,Montreal,Blender,Home,2025-01-13,2,90.03,180.06
9256,C0972,F,58,Vancouver,Camera,Electronics,2025-06-15,1,315.9,315.9
9257,C0886,F,51,Edmonton,Serum,Beauty,2025-06-06,1,37.14,37.14
9258,C0698,F,57,Halifax,Shampoo,Beauty,2025-06-30,2,11.26,22.52
9259,C0282,F,24,Winnipeg,Blender,Home,2025-10-19,1,92.89,92.89
9260,C0975,F,39,Halifax,Serum,Beauty,2025-04-14,2,41.49,82.98
9261,C0389,M,26,Montreal,Smartwatch,Electronics,2025-04-21,1,167.91,167.91
9262,C0929,F,28,Edmonton,Camera,Electronics,2025-09-18,2,306.96,613.92
9263,C0873,F,29,Toronto,Toaster,Home,2025-05-28,4,33.22,132.88
9264,C0137,M,25,Toronto,Vacuum,Home,2025-05-19,1,164.66,164.66
9265,C0288,F,49,Toronto,Jeans,Clothing,2025-06-18,1,50.23,50.23
9266,C1357,F,34,Winnipeg,Serum,Beauty,2025-06-07,3,40.61,121.83
9267,C0619,F,43,Halifax,Charger,Electronics,2025-02-25,3,19.42,58.26
9268,C0412,F,50,Montreal,Keyboard,Electronics,2025-03-14,5,39.35,196.75
9269,C0407,F,43,Vancouver,Perfume,Beauty,2025-09-05,1,47.99,47.99
9270,C0600,M,39,Vancouver,Mouse,Electronics,2025-06-29,1,22.95,22.95
9271,C1149,F,20,Winnipeg,Headphones,Electronics,2025-04-01,1,67.96,67.96
9272,C1221,F,48,Vancouver,Charger,Electronics,2025-07-13,1,21.81,21.81
9273,C0622,F,31,Winnipeg,Blender,Home,2025-07-14,2,88.38,176.76
9274,C1072,M,35,Edmonton,Charger,Electronics,2025-10-12,1,21.02,21.02
9275,C1346,F,51,Winnipeg,Air Fryer,Home,2025-09-05,2,115.67,231.34
9276,C1214,F,57,Toronto,Camera,Electronics,2025-08-17,3,291.88,875.64
9277,C0069,M,34,Halifax,Camera,Electronics,2025-10-10,4,301.01,1204.04
9278,C0696,F,58,Calgary,Camera,Electronics,2025-06-12,1,319.44,319.44
9279,C1354,F,29,Edmonton,Serum,Beauty,2025-04-01,1,37,37
9280,C0495,M,56,Montreal,Lipstick,Beauty,2025-07-30,2,14.73,29.46
9281,C0884,F,50,Winnipeg,Keyboard,Electronics,2025-09-23,1,42.25,42.25
9282,C0292,M,49,Toronto,Sneakers,Clothing,2025-05-07,2,76.75,153.5
9283,C1021,M,38,Vancouver,Air Fryer,Home,2025-10-09,3,113.53,340.59
9284,C0733,F,31,Montreal,Perfume,Beauty,2025-03-12,1,40.5,40.5
9285,C0416,M,19,Edmonton,Dress,Clothing,2025-04-01,1,54.76,54.76
9286,C1243,M,24,Vancouver,Kettle,Home,2025-04-04,1,27.49,27.49
9287,C0897,M,32,Ottawa,Lamp,Home,2025-03-17,2,42.73,85.46
9288,C1300,F,48,Toronto,Sneakers,Clothing,2025-04-14,1,78.96,78.96
9289,C0418,F,45,Winnipeg,Mouse,Electronics,2025-07-16,2,25.27,50.54
9290,C0563,M,58,Vancouver,Lipstick,Beauty,2025-07-03,3,15.54,46.62
9291,C1444,M,25,Ottawa,Charger,Electronics,2025-03-18,1,18.92,18.92
9292,C0727,F,24,Vancouver,Mouse,Electronics,2025-10-24,4,25.06,100.24
9293,C1185,M,53,Halifax,Headphones,Electronics,2025-02-03,2,75.76,151.52
9294,C0001,F,27,Toronto,Smartwatch,Electronics,2025-05-02,3,160.39,481.17
9295,C1091,M,56,Calgary,Hoodie,Clothing,2025-07-22,1,41.92,41.92
9296,C0163,M,64,Vancouver,T-Shirt,Clothing,2025-10-25,1,20.51,20.51
9297,C0315,M,47,Vancouver,Sneakers,Clothing,2025-05-09,1,86.57,86.57
9298,C0333,F,62,Edmonton,Jacket,Clothing,2025-10-17,1,81.49,81.49
9299,C0525,M,57,Ottawa,T-Shirt,Clothing,2025-08-01,1,18.36,18.36
9300,C1302,F,58,Toronto,Lotion,Beauty,2025-05-18,3,18.63,55.89
9301,C0056,F,58,Vancouver,Lotion,Beauty,2025-09-18,1,18.55,18.55
9302,C0389,M,22,Edmonton,Headphones,Electronics,2025-06-21,4,66.63,266.52
9303,C0593,F,38,Edmonton,Dress,Clothing,2025-05-27,1,59.45,59.45
9304,C0939,F,23,Montreal,Headphones,Electronics,2025-05-29,1,68.2,68.2
9305,C1275,F,33,Winnipeg,Toaster,Home,2025-01-29,1,37.73,37.73
9306,C0951,F,33,Edmonton,Shampoo,Beauty,2025-04-12,5,12.27,61.35
9307,C0731,F,41,Toronto,Lotion,Beauty,2025-10-23,1,21.5,21.5
9308,C0527,F,63,Ottawa,Lamp,Home,2025-09-11,1,40.22,40.22
9309,C1322,M,36,Ottawa,Mascara,Beauty,2025-10-01,3,16.52,49.56
9310,C1417,F,36,Winnipeg,Keyboard,Electronics,2025-02-18,1,39.71,39.71
9311,C0124,M,65,Ottawa,Mascara,Beauty,2025-07-08,2,19.16,38.32
9312,C1095,F,54,Toronto,Mouse,Electronics,2025-03-06,1,23.47,23.47
9313,C0394,M,50,Halifax,Toaster,Home,2025-06-13,1,32.14,32.14
9314,C0704,F,22,Edmonton,Camera,Electronics,2025-08-12,1,309.08,309.08
9315,C1449,M,26,Toronto,Mouse,Electronics,2025-01-07,3,24.44,73.32
9316,C0909,F,38,Vancouver,Lipstick,Beauty,2025-03-02,3,14.42,43.26
9317,C0912,M,24,Ottawa,Jacket,Clothing,2025-07-11,1,83.43,83.43
9318,C0994,F,59,Edmonton,Charger,Electronics,2025-03-29,1,19,19
9319,C0328,F,42,Ottawa,Lamp,Home,2025-06-07,1,41.46,41.46
9320,C1084,F,64,Edmonton,Lamp,Home,2025-09-30,1,39.09,39.09
9321,C0567,F,38,Edmonton,Perfume,Beauty,2025-10-09,1,46.19,46.19
9322,C0988,F,61,Toronto,Jeans,Clothing,2025-05-25,1,55.4,55.4
9323,C0455,F,30,Toronto,Air Fryer,Home,2025-06-12,1,111.08,111.08
9324,C0674,M,38,Montreal,Keyboard,Electronics,2025-06-23,1,37.99,37.99
9325,C0737,F,27,Ottawa,Lotion,Beauty,2025-04-18,2,20.09,40.18
9326,C1156,M,41,Edmonton,Hoodie,Clothing,2025-10-28,3,40.71,122.13
9327,C0102,M,44,Toronto,Air Fryer,Home,2025-05-24,1,108.5,108.5
9328,C1255,M,50,Toronto,Shampoo,Beauty,2025-02-27,2,12.17,24.34
9329,C0571,M,43,Vancouver,Smartwatch,Electronics,2025-10-25,1,149.82,149.82
9330,C0809,M,53,Ottawa,Jacket,Clothing,2025-07-07,1,85.62,85.62
9331,C1242,M,34,Winnipeg,Air Fryer,Home,2025-01-20,2,103.83,207.66
9332,C0943,M,38,Halifax,Air Fryer,Home,2025-07-31,2,100.55,201.1
9333,C1307,M,62,Montreal,Camera,Electronics,2025-01-24,1,310.26,310.26
9334,C0368,F,19,Toronto,Toaster,Home,2025-04-01,1,38.35,38.35
9335,C0091,F,32,Winnipeg,Charger,Electronics,2025-08-04,3,19.42,58.26
9336,C1393,F,61,Vancouver,Shampoo,Beauty,2025-02-21,2,11.91,23.82
9337,C0139,M,19,Edmonton,Blender,Home,2025-05-18,2,87.6,175.2
9338,C1367,M,24,Vancouver,Jeans,Clothing,2025-06-02,2,56.63,113.26
9339,C0114,F,53,Winnipeg,Mouse,Electronics,2025-08-08,1,27.25,27.25
9340,C0022,M,63,Calgary,Keyboard,Electronics,2025-06-22,1,42.86,42.86
9341,C1047,F,60,Edmonton,Vacuum,Home,2025-01-01,4,158.82,635.28
9342,C1089,F,49,Edmonton,Keyboard,Electronics,2025-01-25,1,43.61,43.61
9343,C0460,M,20,Halifax,T-Shirt,Clothing,2025-07-23,1,18.92,18.92
9344,C0114,M,20,Edmonton,Lamp,Home,2025-07-20,2,40.94,81.88
9345,C0540,F,50,Ottawa,Perfume,Beauty,2025-07-10,1,48.48,48.48
9346,C0921,M,62,Vancouver,Jeans,Clothing,2025-10-31,1,56.37,56.37
9347,C1263,F,42,Montreal,Air Fryer,Home,2025-08-20,1,120.5,120.5
9348,C0257,F,54,Ottawa,Dress,Clothing,2025-08-08,1,55.2,55.2
9349,C1309,F,53,Montreal,Vacuum,Home,2025-03-07,2,148.18,296.36
9350,C1428,M,52,Edmonton,Sneakers,Clothing,2025-01-24,1,93.12,93.12
9351,C1070,F,36,Vancouver,Lipstick,Beauty,2025-03-23,1,14.64,14.64
9352,C0652,M,62,Ottawa,Smartwatch,Electronics,2025-04-01,1,167.67,167.67
9353,C0456,M,65,Vancouver,Jeans,Clothing,2025-06-21,1,49.83,49.83
9354,C0679,F,36,Vancouver,Lipstick,Beauty,2025-02-04,1,15.58,15.58
9355,C0392,M,50,Vancouver,Lotion,Beauty,2025-02-03,1,21.74,21.74
9356,C0466,F,35,Edmonton,Kettle,Home,2025-09-19,2,27.34,54.68
9357,C1237,M,44,Toronto,T-Shirt,Clothing,2025-06-26,2,18.09,36.18
9358,C0412,F,47,Halifax,Perfume,Beauty,2025-05-24,1,40.75,40.75
9359,C1183,M,48,Edmonton,Jacket,Clothing,2025-08-03,1,97.06,97.06
9360,C0911,F,56,Toronto,Lamp,Home,2025-05-21,1,41.78,41.78
9361,C0551,F,20,Winnipeg,Mouse,Electronics,2025-09-25,1,23.03,23.03
9362,C0993,M,39,Halifax,Sneakers,Clothing,2025-05-19,1,77.43,77.43
9363,C1495,M,27,Montreal,Smartwatch,Electronics,2025-02-16,1,169.75,169.75
9364,C0472,M,25,Winnipeg,Lipstick,Beauty,2025-03-01,1,15.93,15.93
9365,C1134,F,51,Winnipeg,Smartwatch,Electronics,2025-02-18,4,147.86,591.44
9366,C0776,M,59,Winnipeg,Charger,Electronics,2025-02-21,2,19.21,38.42
9367,C0810,F,35,Toronto,Keyboard,Electronics,2025-03-02,3,42.24,126.72
9368,C0443,M,29,Halifax,Hoodie,Clothing,2025-08-02,1,45.23,45.23
9369,C0465,M,63,Montreal,Toaster,Home,2025-04-05,1,38.2,38.2
9370,C1359,M,49,Halifax,Mouse,Electronics,2025-04-30,1,24.91,24.91
9371,C0846,M,19,Toronto,Air Fryer,Home,2025-08-07,4,113.89,455.56
9372,C0916,M,34,Halifax,Lipstick,Beauty,2025-02-09,1,15.03,15.03
9373,C0608,M,29,Halifax,Serum,Beauty,2025-08-20,1,41.37,41.37
9374,C0742,F,24,Edmonton,Hoodie,Clothing,2025-07-30,1,44.09,44.09
9375,C0544,F,32,Vancouver,Lotion,Beauty,2025-02-07,2,18.92,37.84
9376,C0900,F,19,Winnipeg,Lipstick,Beauty,2025-07-30,1,14.48,14.48
9377,C0925,M,44,Winnipeg,Lamp,Home,2025-03-24,1,42.82,42.82
9378,C0645,F,43,Toronto,Camera,Electronics,2025-04-28,5,319.87,1599.35
9379,C1259,M,42,Calgary,Sneakers,Clothing,2025-10-30,1,82.52,82.52
9380,C0844,F,29,Edmonton,Charger,Electronics,2025-01-27,1,20.18,20.18
9381,C0023,F,34,Vancouver,Perfume,Beauty,2025-07-28,1,41.7,41.7
9382,C0737,F,18,Calgary,Keyboard,Electronics,2025-05-05,2,36.04,72.08
9383,C0144,F,48,Vancouver,Headphones,Electronics,2025-10-03,1,66.93,66.93
9384,C0306,F,57,Edmonton,Mouse,Electronics,2025-10-25,1,25.53,25.53
9385,C0492,F,22,Edmonton,Keyboard,Electronics,2025-10-24,2,41.69,83.38
9386,C1419,M,45,Toronto,Dress,Clothing,2025-03-13,1,63.92,63.92
9387,C0584,F,45,Ottawa,Dress,Clothing,2025-02-27,3,65.12,195.36
9388,C1249,F,25,Montreal,Perfume,Beauty,2025-10-23,2,44.21,88.42
9389,C1072,F,31,Vancouver,Headphones,Electronics,2025-04-29,1,73.37,73.37
9390,C0546,M,23,Ottawa,Keyboard,Electronics,2025-03-03,1,36.6,36.6
9391,C0405,F,35,Ottawa,Dress,Clothing,2025-03-28,2,54.69,109.38
9392,C0766,F,54,Toronto,Dress,Clothing,2025-04-09,2,55.5,111
9393,C1126,F,27,Vancouver,Lipstick,Beauty,2025-05-04,2,14.85,29.7
9394,C0241,M,64,Winnipeg,Toaster,Home,2025-01-07,1,32.98,32.98
9395,C1314,M,52,Ottawa,Charger,Electronics,2025-05-14,3,19.15,57.45
9396,C1280,M,52,Montreal,Shampoo,Beauty,2025-10-10,1,12.35,12.35
9397,C0361,F,34,Calgary,Lotion,Beauty,2025-01-02,1,19.43,19.43
9398,C0067,F,63,Winnipeg,Smartwatch,Electronics,2025-06-09,4,161.84,647.36
9399,C0280,F,44,Toronto,Camera,Electronics,2025-06-06,2,314.39,628.78
9400,C1430,F,41,Halifax,Shampoo,Beauty,2025-08-14,1,11.21,11.21
9401,C0778,F,27,Edmonton,Air Fryer,Home,2025-05-23,3,100.63,301.89
9402,C1029,M,65,Toronto,Camera,Electronics,2025-09-23,1,303.12,303.12
9403,C0543,M,34,Halifax,Headphones,Electronics,2025-09-23,1,63.81,63.81
9404,C1176,F,62,Winnipeg,Mouse,Electronics,2025-02-06,2,25.59,51.18
9405,C1291,F,50,Toronto,Lotion,Beauty,2025-10-15,1,21.18,21.18
9406,C0563,F,50,Montreal,Headphones,Electronics,2025-10-19,3,67.76,203.28
9407,C0048,F,34,Edmonton,Perfume,Beauty,2025-03-14,2,43.98,87.96
9408,C0334,F,35,Toronto,Headphones,Electronics,2025-01-16,1,74.43,74.43
9409,C0136,F,61,Halifax,Serum,Beauty,2025-03-24,3,35.89,107.67
9410,C0519,F,55,Halifax,Smartwatch,Electronics,2025-06-23,1,147.81,147.81
9411,C0119,M,24,Montreal,Mascara,Beauty,2025-03-17,1,18,18
9412,C1312,M,43,Halifax,Blender,Home,2025-10-18,3,87.49,262.47
9413,C0342,F,65,Edmonton,Lamp,Home,2025-02-20,3,40.8,122.4
9414,C1302,F,18,Ottawa,Serum,Beauty,2025-07-05,1,39.63,39.63
9415,C1003,F,28,Vancouver,Mouse,Electronics,2025-01-05,1,22.78,22.78
9416,C0627,M,27,Ottawa,Mascara,Beauty,2025-09-19,1,17.74,17.74
9417,C0164,M,48,Vancouver,Camera,Electronics,2025-06-28,1,303.27,303.27
9418,C0285,F,42,Winnipeg,Lotion,Beauty,2025-05-22,1,21.04,21.04
9419,C0964,M,18,Halifax,Headphones,Electronics,2025-09-25,1,75.22,75.22
9420,C1247,F,60,Toronto,Smartwatch,Electronics,2025-04-24,1,153,153
9421,C0377,F,20,Ottawa,Hoodie,Clothing,2025-06-29,2,41.36,82.72
9422,C0053,M,65,Montreal,Mouse,Electronics,2025-03-09,1,23.77,23.77
9423,C0328,F,18,Winnipeg,Headphones,Electronics,2025-04-17,1,64.46,64.46
9424,C0341,F,24,Toronto,Mouse,Electronics,2025-02-28,4,24.11,96.44
9425,C0527,F,60,Halifax,Sneakers,Clothing,2025-10-01,1,85.65,85.65
9426,C0639,M,31,Ottawa,Vacuum,Home,2025-01-31,2,164.21,328.42
9427,C1142,M,40,Ottawa,Smartwatch,Electronics,2025-02-04,1,156.78,156.78
9428,C1206,F,65,Montreal,Sneakers,Clothing,2025-09-17,1,80.24,80.24
9429,C0506,M,34,Montreal,Mouse,Electronics,2025-01-09,1,23.33,23.33
9430,C1349,F,31,Ottawa,T-Shirt,Clothing,2025-04-19,1,18.69,18.69
9431,C0868,M,26,Edmonton,Jeans,Clothing,2025-05-23,1,51.62,51.62
9432,C0704,F,38,Montreal,Lipstick,Beauty,2025-02-11,1,15.79,15.79
9433,C1218,M,62,Winnipeg,Lamp,Home,2025-07-06,1,36.49,36.49
9434,C0178,F,19,Calgary,Charger,Electronics,2025-03-26,1,21.99,21.99
9435,C0968,F,49,Edmonton,Keyboard,Electronics,2025-07-20,1,40.18,40.18
9436,C0559,F,25,Edmonton,Headphones,Electronics,2025-10-15,4,70.62,282.48
9437,C0909,F,53,Winnipeg,Vacuum,Home,2025-10-28,3,145.73,437.19
9438,C0654,M,43,Calgary,Shampoo,Beauty,2025-09-18,3,12.46,37.38
9439,C0009,F,54,Montreal,Serum,Beauty,2025-06-08,2,37.78,75.56
9440,C1436,F,32,Ottawa,Lamp,Home,2025-06-02,1,38.63,38.63
9441,C0934,F,51,Montreal,Serum,Beauty,2025-07-03,1,36.22,36.22
9442,C0524,M,38,Winnipeg,Perfume,Beauty,2025-09-14,2,48.83,97.66
9443,C1037,F,40,Montreal,Perfume,Beauty,2025-03-08,1,43.12,43.12
9444,C0277,M,26,Vancouver,Mouse,Electronics,2025-08-01,1,24.68,24.68
9445,C0439,F,57,Halifax,Camera,Electronics,2025-08-08,1,310.42,310.42
9446,C1062,F,43,Calgary,Shampoo,Beauty,2025-08-12,1,11.01,11.01
9447,C0820,F,60,Toronto,Dress,Clothing,2025-04-04,1,56.23,56.23
9448,C0435,M,39,Toronto,Blender,Home,2025-02-28,4,79.72,318.88
9449,C1268,M,30,Toronto,Camera,Electronics,2025-06-27,2,332.39,664.78
9450,C0840,F,42,Winnipeg,Smartwatch,Electronics,2025-10-17,1,157.01,157.01
9451,C0744,M,24,Montreal,Headphones,Electronics,2025-04-22,2,73.95,147.9
9452,C1197,M,44,Toronto,Toaster,Home,2025-07-01,1,36.46,36.46
9453,C0251,M,32,Vancouver,Shampoo,Beauty,2025-08-12,2,11.26,22.52
9454,C0632,M,29,Montreal,Lotion,Beauty,2025-06-09,3,20.25,60.75
9455,C1366,F,62,Ottawa,Jeans,Clothing,2025-09-21,1,57.67,57.67
9456,C0845,F,50,Ottawa,Mascara,Beauty,2025-06-12,2,18.48,36.96
9457,C0014,F,38,Montreal,Headphones,Electronics,2025-10-07,1,71.4,71.4
9458,C0274,F,42,Edmonton,Jacket,Clothing,2025-01-03,1,94.31,94.31
9459,C1007,M,57,Calgary,Toaster,Home,2025-03-22,2,31.9,63.8
9460,C0353,M,64,Calgary,Camera,Electronics,2025-10-19,2,334.81,669.62
9461,C1159,M,39,Halifax,Kettle,Home,2025-06-28,2,26.73,53.46
9462,C0970,M,31,Ottawa,Serum,Beauty,2025-04-04,4,38.55,154.2
9463,C0442,M,25,Toronto,Blender,Home,2025-08-05,2,80.62,161.24
9464,C1403,F,41,Winnipeg,Charger,Electronics,2025-01-22,2,21.36,42.72
9465,C0567,F,20,Vancouver,Dress,Clothing,2025-05-06,2,59.77,119.54
9466,C0802,M,29,Montreal,Jacket,Clothing,2025-09-25,1,92.57,92.57
9467,C0127,F,64,Winnipeg,Jeans,Clothing,2025-05-23,1,58.23,58.23
9468,C1325,F,39,Vancouver,T-Shirt,Clothing,2025-09-25,1,21.58,21.58
9469,C1019,F,33,Vancouver,Camera,Electronics,2025-04-13,1,334.85,334.85
9470,C0821,F,24,Edmonton,Charger,Electronics,2025-02-25,2,18.6,37.2
9471,C1183,F,35,Vancouver,Mouse,Electronics,2025-08-15,1,26.77,26.77
9472,C1224,M,62,Montreal,Air Fryer,Home,2025-04-16,1,112.61,112.61
9473,C1089,M,40,Toronto,Hoodie,Clothing,2025-05-24,3,45.99,137.97
9474,C0695,M,43,Winnipeg,Lipstick,Beauty,2025-02-02,1,16.26,16.26
9475,C0739,F,55,Edmonton,Jacket,Clothing,2025-04-27,1,85.48,85.48
9476,C0623,F,19,Montreal,Sneakers,Clothing,2025-06-20,1,80.57,80.57
9477,C0079,F,19,Edmonton,T-Shirt,Clothing,2025-01-18,2,20.05,40.1
9478,C1116,M,39,Ottawa,Sneakers,Clothing,2025-08-24,1,89.26,89.26
9479,C0140,M,55,Halifax,Perfume,Beauty,2025-06-17,4,44.53,178.12
9480,C1025,F,59,Winnipeg,Mascara,Beauty,2025-06-04,1,18.48,18.48
9481,C0267,M,45,Winnipeg,Perfume,Beauty,2025-08-28,3,44.57,133.71
9482,C1075,F,34,Toronto,Mouse,Electronics,2025-04-28,1,25.55,25.55
9483,C0229,F,65,Ottawa,Blender,Home,2025-03-22,1,90.48,90.48
9484,C1393,F,35,Vancouver,Dress,Clothing,2025-06-17,1,56.17,56.17
9485,C0450,M,19,Toronto,Hoodie,Clothing,2025-06-22,1,46.76,46.76
9486,C0557,F,52,Vancouver,Air Fryer,Home,2025-08-06,1,116.32,116.32
9487,C1123,F,32,Ottawa,Lotion,Beauty,2025-08-16,1,19.79,19.79
9488,C1096,M,32,Edmonton,Perfume,Beauty,2025-07-10,1,43.41,43.41
9489,C0597,F,61,Montreal,Serum,Beauty,2025-08-14,3,34.3,102.9
9490,C1205,M,62,Edmonton,Mouse,Electronics,2025-06-17,1,26.49,26.49
9491,C0941,F,51,Halifax,Smartwatch,Electronics,2025-10-24,4,154.49,617.96
9492,C0835,F,32,Edmonton,Serum,Beauty,2025-07-08,3,36.92,110.76
9493,C0729,M,35,Toronto,Keyboard,Electronics,2025-07-12,1,38.69,38.69
9494,C0156,F,30,Vancouver,Serum,Beauty,2025-01-01,1,37.99,37.99
9495,C0860,F,55,Winnipeg,Kettle,Home,2025-01-09,2,29.13,58.26
9496,C0840,M,25,Calgary,Headphones,Electronics,2025-03-16,2,73.81,147.62
9497,C0577,F,33,Vancouver,Mouse,Electronics,2025-05-23,3,24.46,73.38
9498,C0917,M,37,Ottawa,Keyboard,Electronics,2025-07-13,2,41.3,82.6
9499,C0655,M,43,Ottawa,Hoodie,Clothing,2025-01-10,1,46.99,46.99
9500,C0392,F,52,Winnipeg,Perfume,Beauty,2025-05-19,1,43.17,43.17
9501,C1384,F,34,Edmonton,Camera,Electronics,2025-01-30,3,294.18,882.54
9502,C1366,F,43,Edmonton,Air Fryer,Home,2025-10-06,2,118.68,237.36
9503,C1044,F,35,Halifax,Camera,Electronics,2025-10-05,3,331.34,994.02
9504,C0333,F,61,Montreal,T-Shirt,Clothing,2025-02-11,2,20.59,41.18
9505,C0192,M,24,Toronto,Charger,Electronics,2025-08-16,1,18.24,18.24
9506,C1370,F,61,Halifax,Charger,Electronics,2025-10-12,4,21.27,85.08
9507,C0295,F,52,Winnipeg,Serum,Beauty,2025-07-20,3,38.5,115.5
9508,C0135,F,29,Calgary,Lamp,Home,2025-07-29,1,42.78,42.78
9509,C0203,F,64,Ottawa,Smartwatch,Electronics,2025-06-27,1,175.19,175.19
9510,C0088,F,61,Toronto,Shampoo,Beauty,2025-03-27,1,13.1,13.1
9511,C0345,M,58,Calgary,Charger,Electronics,2025-02-17,2,21.42,42.84
9512,C0563,F,18,Winnipeg,Smartwatch,Electronics,2025-10-20,1,144.35,144.35
9513,C0250,F,42,Winnipeg,Perfume,Beauty,2025-07-25,1,48.47,48.47
9514,C0319,M,33,Winnipeg,Lamp,Home,2025-07-10,1,36.6,36.6
9515,C0289,F,32,Montreal,Lamp,Home,2025-01-16,1,42.81,42.81
9516,C0301,M,28,Toronto,Serum,Beauty,2025-05-08,1,36.33,36.33
9517,C1030,F,54,Vancouver,Camera,Electronics,2025-10-30,2,327.04,654.08
9518,C0549,M,56,Edmonton,Air Fryer,Home,2025-07-04,3,99.84,299.52
9519,C0258,F,20,Edmonton,Smartwatch,Electronics,2025-05-10,1,168.68,168.68
9520,C0618,F,62,Winnipeg,Smartwatch,Electronics,2025-06-14,2,147.57,295.14
9521,C0222,M,62,Calgary,Keyboard,Electronics,2025-04-03,2,39.29,78.58
9522,C0313,F,59,Vancouver,Kettle,Home,2025-10-06,1,29.78,29.78
9523,C0348,F,56,Winnipeg,Sneakers,Clothing,2025-08-01,1,88.32,88.32
9524,C0864,F,37,Edmonton,Toaster,Home,2025-05-21,1,31.54,31.54
9525,C0629,M,40,Vancouver,Shampoo,Beauty,2025-04-25,1,11.77,11.77
9526,C0691,F,32,Edmonton,Headphones,Electronics,2025-10-31,3,63.59,190.77
9527,C0091,M,35,Halifax,Hoodie,Clothing,2025-01-07,2,46.56,93.12
9528,C1195,F,56,Halifax,Lipstick,Beauty,2025-02-25,1,16.41,16.41
9529,C0294,F,52,Halifax,Sneakers,Clothing,2025-07-11,3,87.64,262.92
9530,C0192,F,46,Calgary,Jeans,Clothing,2025-01-22,3,51.97,155.91
9531,C1124,F,37,Vancouver,Perfume,Beauty,2025-03-21,3,43.7,131.1
9532,C0806,F,59,Calgary,Jeans,Clothing,2025-10-11,1,60.24,60.24
9533,C0031,M,32,Vancouver,Keyboard,Electronics,2025-04-13,2,37.79,75.58
9534,C0606,F,49,Montreal,Sneakers,Clothing,2025-08-05,2,86.05,172.1
9535,C0782,M,29,Montreal,Headphones,Electronics,2025-05-22,2,68.61,137.22
9536,C1122,F,65,Winnipeg,Mouse,Electronics,2025-03-26,1,26.34,26.34
9537,C0052,F,29,Toronto,Air Fryer,Home,2025-03-18,2,118.08,236.16
9538,C0475,F,42,Vancouver,Lamp,Home,2025-09-15,1,38.73,38.73
9539,C1367,F,51,Montreal,Lipstick,Beauty,2025-08-16,2,15.48,30.96
9540,C0810,M,25,Montreal,Keyboard,Electronics,2025-03-19,2,40.39,80.78
9541,C0350,F,41,Winnipeg,Serum,Beauty,2025-06-11,1,36.32,36.32
9542,C1001,F,62,Montreal,Headphones,Electronics,2025-03-23,1,66.81,66.81
9543,C0758,M,18,Ottawa,Camera,Electronics,2025-08-04,2,322.47,644.94
9544,C1042,F,42,Vancouver,Headphones,Electronics,2025-02-20,1,65.16,65.16
9545,C0230,M,51,Toronto,Headphones,Electronics,2025-06-13,1,74.35,74.35
9546,C0714,F,31,Montreal,Serum,Beauty,2025-09-08,2,34.72,69.44
9547,C0610,F,53,Calgary,Perfume,Beauty,2025-08-01,3,41.35,124.05
9548,C0575,F,23,Ottawa,Shampoo,Beauty,2025-07-30,1,11.62,11.62
9549,C1184,M,62,Vancouver,Smartwatch,Electronics,2025-06-12,1,147.78,147.78
9550,C0863,F,26,Edmonton,T-Shirt,Clothing,2025-03-26,2,19.9,39.8
9551,C1436,F,65,Winnipeg,Shampoo,Beauty,2025-01-03,3,11.76,35.28
9552,C0388,F,18,Halifax,Jacket,Clothing,2025-01-05,1,93.99,93.99
9553,C0655,F,26,Toronto,Blender,Home,2025-08-23,1,92.7,92.7
9554,C0002,F,41,Montreal,Kettle,Home,2025-10-02,1,29.42,29.42
9555,C0892,M,56,Calgary,Air Fryer,Home,2025-10-17,3,102.95,308.85
9556,C0151,M,35,Halifax,Jacket,Clothing,2025-01-20,1,97.84,97.84
9557,C1371,F,65,Ottawa,Lipstick,Beauty,2025-07-14,1,14.68,14.68
9558,C0753,F,56,Calgary,Smartwatch,Electronics,2025-05-29,1,159.17,159.17
9559,C1442,M,35,Calgary,Blender,Home,2025-04-26,1,83.67,83.67
9560,C1192,M,58,Ottawa,Headphones,Electronics,2025-01-04,2,66.93,133.86
9561,C0628,F,45,Calgary,Sneakers,Clothing,2025-01-22,1,91.72,91.72
9562,C0947,M,19,Montreal,Perfume,Beauty,2025-07-09,1,43.49,43.49
9563,C1034,F,54,Winnipeg,Blender,Home,2025-01-12,1,86.34,86.34
9564,C0679,M,58,Ottawa,Charger,Electronics,2025-07-08,1,18.96,18.96
9565,C0900,F,53,Vancouver,Smartwatch,Electronics,2025-01-27,2,169.52,339.04
9566,C1362,F,65,Ottawa,Charger,Electronics,2025-05-22,1,21.1,21.1
9567,C0111,F,41,Edmonton,Air Fryer,Home,2025-01-07,3,105.52,316.56
9568,C0180,M,52,Toronto,Jacket,Clothing,2025-01-10,1,93.27,93.27
9569,C0977,M,23,Halifax,Mouse,Electronics,2025-06-28,1,26.02,26.02
9570,C1435,F,34,Edmonton,Jeans,Clothing,2025-01-03,1,55.69,55.69
9571,C0181,F,47,Edmonton,Camera,Electronics,2025-04-13,3,326.44,979.32
9572,C0367,M,25,Winnipeg,Serum,Beauty,2025-10-27,1,38.57,38.57
9573,C0174,M,59,Montreal,Shampoo,Beauty,2025-02-23,2,11,22
9574,C0086,M,27,Halifax,Mascara,Beauty,2025-06-11,1,18.61,18.61
9575,C0548,F,33,Vancouver,Smartwatch,Electronics,2025-08-18,1,159.03,159.03
9576,C0947,F,55,Winnipeg,Smartwatch,Electronics,2025-07-30,1,158.03,158.03
9577,C1087,F,43,Winnipeg,Toaster,Home,2025-10-08,3,37.52,112.56
9578,C0431,F,48,Winnipeg,Toaster,Home,2025-03-11,1,31.66,31.66
9579,C0658,F,25,Edmonton,Perfume,Beauty,2025-10-28,2,42.76,85.52
9580,C1398,M,52,Montreal,Lipstick,Beauty,2025-03-09,4,13.86,55.44
9581,C0264,F,51,Montreal,Mascara,Beauty,2025-10-09,1,16.33,16.33
9582,C0169,M,27,Ottawa,Smartwatch,Electronics,2025-10-09,1,152.82,152.82
9583,C0317,M,57,Edmonton,Mascara,Beauty,2025-06-03,1,19.76,19.76
9584,C0404,M,61,Vancouver,Serum,Beauty,2025-08-12,1,36.25,36.25
9585,C0213,M,29,Ottawa,Dress,Clothing,2025-07-08,1,61.96,61.96
9586,C0634,M,58,Toronto,Hoodie,Clothing,2025-02-10,2,41.56,83.12
9587,C0962,F,44,Toronto,Serum,Beauty,2025-06-22,2,38.77,77.54
9588,C1385,M,36,Toronto,Smartwatch,Electronics,2025-08-26,2,175.5,351
9589,C0672,M,43,Ottawa,Keyboard,Electronics,2025-09-27,3,38.33,114.99
9590,C0123,M,32,Halifax,Kettle,Home,2025-06-14,1,29.95,29.95
9591,C1046,M,48,Ottawa,Camera,Electronics,2025-05-10,1,351.84,351.84
9592,C1242,F,63,Toronto,Lipstick,Beauty,2025-01-05,1,15.27,15.27
9593,C0553,M,54,Ottawa,Toaster,Home,2025-05-10,1,33.67,33.67
9594,C0877,F,35,Calgary,Smartwatch,Electronics,2025-06-25,1,165.55,165.55
9595,C0394,F,46,Calgary,Mascara,Beauty,2025-01-22,1,19.24,19.24
9596,C0557,F,61,Calgary,Keyboard,Electronics,2025-02-10,2,37.37,74.74
9597,C0261,F,44,Montreal,Mouse,Electronics,2025-06-02,4,24.76,99.04
9598,C0524,M,55,Vancouver,Headphones,Electronics,2025-02-15,1,67.47,67.47
9599,C0233,M,37,Edmonton,Perfume,Beauty,2025-01-09,2,43.05,86.1
9600,C0288,F,38,Vancouver,Smartwatch,Electronics,2025-04-11,2,171.55,343.1
9601,C0376,M,46,Halifax,Perfume,Beauty,2025-02-16,1,44.29,44.29
9602,C0936,F,60,Halifax,Vacuum,Home,2025-07-26,1,145.17,145.17
9603,C0714,M,32,Halifax,Shampoo,Beauty,2025-08-29,5,12.25,61.25
9604,C0832,M,39,Vancouver,Lotion,Beauty,2025-01-03,2,18.88,37.76
9605,C0087,M,40,Toronto,Kettle,Home,2025-09-21,4,26.49,105.96
9606,C0897,M,21,Winnipeg,Vacuum,Home,2025-02-05,1,150.61,150.61
9607,C0693,M,41,Calgary,Sneakers,Clothing,2025-10-26,1,83.46,83.46
9608,C0170,F,31,Edmonton,Keyboard,Electronics,2025-08-31,1,38.36,38.36
9609,C1253,F,54,Calgary,Mascara,Beauty,2025-08-26,4,16.39,65.56
9610,C1235,M,38,Halifax,Vacuum,Home,2025-08-07,1,150.62,150.62
9611,C0493,M,60,Ottawa,Lamp,Home,2025-07-20,1,42.53,42.53
9612,C0022,M,56,Montreal,Serum,Beauty,2025-01-27,1,40.67,40.67
9613,C1326,F,30,Halifax,Hoodie,Clothing,2025-03-30,1,42.62,42.62
9614,C0032,F,36,Montreal,Lotion,Beauty,2025-09-26,1,20.4,20.4
9615,C1335,F,43,Calgary,Sneakers,Clothing,2025-05-04,2,91.05,182.1
9616,C0345,F,53,Ottawa,Dress,Clothing,2025-10-08,1,58.9,58.9
9617,C1161,M,61,Calgary,Kettle,Home,2025-09-12,1,30.42,30.42
9618,C0484,F,63,Toronto,Hoodie,Clothing,2025-01-02,1,48.63,48.63
9619,C0577,F,50,Winnipeg,Vacuum,Home,2025-05-03,1,141.24,141.24
9620,C1452,F,57,Toronto,Shampoo,Beauty,2025-08-24,1,11.42,11.42
9621,C1006,M,33,Vancouver,Mouse,Electronics,2025-03-18,1,23.4,23.4
9622,C0316,F,36,Edmonton,Shampoo,Beauty,2025-03-19,2,11.27,22.54
9623,C0767,F,54,Edmonton,Mouse,Electronics,2025-06-12,1,27.04,27.04
9624,C0925,F,31,Edmonton,Kettle,Home,2025-05-30,1,30.41,30.41
9625,C1087,F,61,Winnipeg,Smartwatch,Electronics,2025-02-17,1,145.66,145.66
9626,C0588,M,61,Vancouver,Keyboard,Electronics,2025-04-24,1,40.75,40.75
9627,C0282,M,47,Calgary,Headphones,Electronics,2025-03-05,1,70.9,70.9
9628,C0035,M,48,Winnipeg,Hoodie,Clothing,2025-05-30,2,44.01,88.02
9629,C0375,F,37,Winnipeg,Lotion,Beauty,2025-03-14,2,20.53,41.06
9630,C1287,F,61,Vancouver,Keyboard,Electronics,2025-02-16,2,43.58,87.16
9631,C0053,F,60,Winnipeg,Perfume,Beauty,2025-10-23,1,42.03,42.03
9632,C0809,F,64,Calgary,Lamp,Home,2025-06-30,1,36.96,36.96
9633,C0516,F,24,Montreal,Perfume,Beauty,2025-09-16,2,40.8,81.6
9634,C0514,F,59,Toronto,Vacuum,Home,2025-04-05,1,145.91,145.91
9635,C0291,F,54,Winnipeg,Keyboard,Electronics,2025-04-11,1,38.7,38.7
9636,C0929,F,64,Ottawa,Shampoo,Beauty,2025-03-24,2,11.83,23.66
9637,C0485,F,19,Ottawa,Jacket,Clothing,2025-03-23,1,90.06,90.06
9638,C1458,F,39,Montreal,Serum,Beauty,2025-05-01,2,39.96,79.92
9639,C0653,M,30,Winnipeg,Charger,Electronics,2025-01-03,1,19.57,19.57
9640,C1139,F,63,Edmonton,Serum,Beauty,2025-01-13,1,36.71,36.71
9641,C1139,M,55,Winnipeg,Mouse,Electronics,2025-06-13,3,26.63,79.89
9642,C0775,M,48,Calgary,Mouse,Electronics,2025-04-15,1,26.75,26.75
9643,C0124,F,18,Edmonton,Keyboard,Electronics,2025-06-15,1,37.86,37.86
9644,C1319,M,64,Halifax,Perfume,Beauty,2025-03-16,1,43.33,43.33
9645,C1411,F,60,Toronto,Camera,Electronics,2025-03-01,1,340.81,340.81
9646,C0273,F,30,Halifax,Vacuum,Home,2025-08-21,1,137.38,137.38
9647,C0665,F,34,Halifax,Kettle,Home,2025-03-14,1,27.02,27.02
9648,C1406,M,21,Calgary,Smartwatch,Electronics,2025-10-05,4,158.35,633.4
9649,C1246,F,60,Calgary,Smartwatch,Electronics,2025-05-29,3,149.99,449.97
9650,C1166,M,48,Montreal,Lotion,Beauty,2025-05-03,2,18.72,37.44
9651,C1245,F,50,Montreal,Charger,Electronics,2025-10-16,3,19.7,59.1
9652,C0199,M,31,Vancouver,Perfume,Beauty,2025-01-04,1,47.29,47.29
9653,C0083,M,38,Montreal,Lipstick,Beauty,2025-08-25,1,16.02,16.02
9654,C0929,M,39,Vancouver,Lipstick,Beauty,2025-07-27,1,16.44,16.44
9655,C1237,M,22,Halifax,Headphones,Electronics,2025-06-21,2,64.04,128.08
9656,C1331,F,54,Edmonton,Mouse,Electronics,2025-07-26,1,23.58,23.58
9657,C0378,F,49,Edmonton,Sneakers,Clothing,2025-05-30,1,89.36,89.36
9658,C1297,F,20,Winnipeg,Serum,Beauty,2025-08-12,2,38.31,76.62
9659,C0983,F,58,Halifax,Kettle,Home,2025-02-28,1,27.04,27.04
9660,C1085,F,30,Ottawa,Sneakers,Clothing,2025-10-20,1,80,80
9661,C0347,M,28,Vancouver,Headphones,Electronics,2025-05-31,1,66.93,66.93
9662,C0031,F,59,Vancouver,Shampoo,Beauty,2025-06-10,1,11.83,11.83
9663,C1384,F,55,Edmonton,Perfume,Beauty,2025-04-23,1,42.09,42.09
9664,C0552,F,41,Ottawa,Perfume,Beauty,2025-08-20,1,49.18,49.18
9665,C1345,M,26,Toronto,Keyboard,Electronics,2025-07-05,1,36.86,36.86
9666,C0276,F,30,Calgary,Lamp,Home,2025-08-27,1,43.88,43.88
9667,C0745,M,39,Edmonton,Serum,Beauty,2025-09-04,1,40.6,40.6
9668,C0418,M,35,Calgary,Mascara,Beauty,2025-05-20,4,17.72,70.88
9669,C0833,M,27,Montreal,Lamp,Home,2025-04-22,1,41.92,41.92
9670,C1264,F,64,Montreal,Air Fryer,Home,2025-07-14,2,113.77,227.54
9671,C1174,F,29,Toronto,Charger,Electronics,2025-05-05,2,18.85,37.7
9672,C1086,M,47,Winnipeg,Vacuum,Home,2025-08-27,1,145.17,145.17
9673,C0733,M,64,Montreal,Smartwatch,Electronics,2025-01-01,1,160.42,160.42
9674,C0429,F,63,Calgary,Serum,Beauty,2025-05-01,1,39.05,39.05
9675,C0251,F,36,Halifax,Keyboard,Electronics,2025-03-30,2,40.34,80.68
9676,C0011,F,36,Edmonton,Mouse,Electronics,2025-01-20,1,24.86,24.86
9677,C0417,M,27,Edmonton,T-Shirt,Clothing,2025-09-30,1,19.77,19.77
9678,C0550,F,18,Vancouver,Serum,Beauty,2025-06-26,1,37.99,37.99
9679,C0577,M,24,Vancouver,Mouse,Electronics,2025-04-24,1,24.67,24.67
9680,C1215,F,28,Winnipeg,Smartwatch,Electronics,2025-10-09,1,161.32,161.32
9681,C0550,F,21,Montreal,Headphones,Electronics,2025-01-27,3,75.43,226.29
9682,C0767,F,53,Calgary,Shampoo,Beauty,2025-07-07,1,12.32,12.32
9683,C0457,F,38,Edmonton,Smartwatch,Electronics,2025-03-28,1,167.12,167.12
9684,C1293,F,39,Ottawa,Jeans,Clothing,2025-03-21,2,56.07,112.14
9685,C0944,F,27,Ottawa,Keyboard,Electronics,2025-06-29,2,41.14,82.28
9686,C0244,M,40,Edmonton,Camera,Electronics,2025-02-24,1,325.01,325.01
9687,C0280,M,22,Edmonton,Camera,Electronics,2025-09-04,1,289.72,289.72
9688,C0804,M,65,Edmonton,Camera,Electronics,2025-08-21,1,351.97,351.97
9689,C1172,M,29,Vancouver,Headphones,Electronics,2025-09-27,1,63.47,63.47
9690,C1133,F,47,Calgary,Jeans,Clothing,2025-04-19,1,53.85,53.85
9691,C1465,F,50,Edmonton,Sneakers,Clothing,2025-08-26,1,78.29,78.29
9692,C0449,M,54,Winnipeg,Charger,Electronics,2025-06-04,1,18.39,18.39
9693,C0956,M,35,Vancouver,Charger,Electronics,2025-06-17,3,21.17,63.51
9694,C0099,M,21,Calgary,Jacket,Clothing,2025-03-09,1,88.67,88.67
9695,C0852,F,44,Edmonton,Smartwatch,Electronics,2025-09-22,1,169.64,169.64
9696,C1128,M,64,Winnipeg,Smartwatch,Electronics,2025-08-23,4,152.73,610.92
9697,C1217,F,40,Ottawa,Serum,Beauty,2025-02-08,2,36.15,72.3
9698,C0627,M,23,Edmonton,Kettle,Home,2025-05-23,1,26.61,26.61
9699,C0046,M,24,Montreal,Charger,Electronics,2025-01-18,1,20.46,20.46
9700,C0574,F,36,Toronto,Hoodie,Clothing,2025-02-21,4,47.83,191.32
9701,C0626,F,63,Montreal,Vacuum,Home,2025-08-10,1,148.57,148.57
9702,C1222,F,32,Calgary,Shampoo,Beauty,2025-10-20,2,11.71,23.42
9703,C0764,F,65,Vancouver,Lamp,Home,2025-03-21,3,43.79,131.37
9704,C0105,F,39,Halifax,Jacket,Clothing,2025-06-30,1,83.1,83.1
9705,C0029,F,49,Vancouver,Keyboard,Electronics,2025-05-20,2,39.89,79.78
9706,C0169,F,32,Ottawa,Perfume,Beauty,2025-07-28,5,44.18,220.9
9707,C0634,F,23,Edmonton,Serum,Beauty,2025-10-08,2,34.95,69.9
9708,C0869,M,23,Halifax,Charger,Electronics,2025-05-02,1,19.07,19.07
9709,C0888,M,23,Ottawa,Headphones,Electronics,2025-07-30,3,63.4,190.2
9710,C0457,M,29,Montreal,Keyboard,Electronics,2025-05-15,1,43.02,43.02
9711,C0443,F,19,Edmonton,Shampoo,Beauty,2025-06-26,2,12.26,24.52
9712,C1361,M,42,Winnipeg,Jeans,Clothing,2025-02-08,1,58.47,58.47
9713,C0796,F,21,Montreal,Lipstick,Beauty,2025-03-16,1,15.06,15.06
9714,C0399,M,23,Winnipeg,Lotion,Beauty,2025-02-18,1,20.4,20.4
9715,C0186,M,59,Toronto,Mouse,Electronics,2025-08-05,1,26,26
9716,C0298,M,54,Calgary,Camera,Electronics,2025-09-03,1,346.11,346.11
9717,C0841,F,55,Montreal,Serum,Beauty,2025-08-19,1,34.9,34.9
9718,C0531,F,31,Montreal,Perfume,Beauty,2025-09-12,1,43.48,43.48
9719,C1479,M,64,Ottawa,Lotion,Beauty,2025-07-22,1,20.84,20.84
9720,C1497,F,36,Edmonton,Vacuum,Home,2025-05-24,3,163.75,491.25
9721,C1101,M,24,Calgary,Lamp,Home,2025-10-23,2,43.85,87.7
9722,C0642,M,35,Ottawa,Charger,Electronics,2025-01-07,1,20.55,20.55
9723,C0658,F,61,Halifax,Toaster,Home,2025-04-11,1,32.86,32.86
9724,C0245,M,25,Winnipeg,Blender,Home,2025-10-23,1,78.53,78.53
9725,C1448,F,45,Winnipeg,Shampoo,Beauty,2025-08-16,1,13.07,13.07
9726,C1018,M,38,Toronto,Dress,Clothing,2025-04-13,2,59.21,118.42
9727,C0136,F,52,Montreal,Hoodie,Clothing,2025-04-02,2,42.25,84.5
9728,C1161,F,64,Edmonton,Serum,Beauty,2025-10-05,1,41.3,41.3
9729,C0205,M,27,Montreal,Shampoo,Beauty,2025-07-06,2,11.05,22.1
9730,C0884,F,45,Montreal,Mascara,Beauty,2025-05-26,2,18.83,37.66
9731,C0556,F,36,Vancouver,Perfume,Beauty,2025-09-24,1,46.13,46.13
9732,C0060,M,61,Winnipeg,Blender,Home,2025-04-29,1,77.99,77.99
9733,C0249,M,52,Calgary,Charger,Electronics,2025-09-21,1,19.35,19.35
9734,C1439,F,45,Halifax,Toaster,Home,2025-10-03,1,32.55,32.55
9735,C0885,F,63,Ottawa,Blender,Home,2025-07-22,1,86.78,86.78
9736,C0638,F,20,Ottawa,Lamp,Home,2025-02-28,1,39.82,39.82
9737,C0983,F,56,Winnipeg,Blender,Home,2025-06-02,1,76.57,76.57
9738,C0397,F,44,Ottawa,Lotion,Beauty,2025-07-05,1,21.9,21.9
9739,C0045,M,34,Toronto,Headphones,Electronics,2025-04-25,1,67.89,67.89
9740,C0002,F,32,Vancouver,Toaster,Home,2025-10-02,1,33.31,33.31
9741,C1186,M,59,Halifax,Mascara,Beauty,2025-08-24,1,17,17
9742,C1221,F,56,Toronto,Mascara,Beauty,2025-03-07,1,16.77,16.77
9743,C0706,F,39,Calgary,Jacket,Clothing,2025-09-20,1,98.98,98.98
9744,C0559,F,37,Ottawa,Toaster,Home,2025-02-20,2,33.57,67.14
9745,C0226,M,44,Ottawa,Lipstick,Beauty,2025-08-20,2,14.72,29.44
9746,C1026,M,52,Ottawa,Kettle,Home,2025-01-13,1,30.08,30.08
9747,C1236,F,64,Montreal,Lamp,Home,2025-10-21,1,41.14,41.14
9748,C1317,F,22,Halifax,Smartwatch,Electronics,2025-01-20,2,155.8,311.6
9749,C1104,M,19,Winnipeg,Shampoo,Beauty,2025-08-01,2,12.96,25.92
9750,C0119,F,58,Winnipeg,Jeans,Clothing,2025-09-27,1,57.75,57.75
9751,C0598,F,62,Montreal,Keyboard,Electronics,2025-02-09,2,37.82,75.64
9752,C0568,F,37,Halifax,Mascara,Beauty,2025-05-15,1,18.52,18.52
9753,C0942,F,24,Edmonton,Keyboard,Electronics,2025-09-19,1,43.38,43.38
9754,C0575,F,53,Ottawa,Vacuum,Home,2025-06-30,5,149.89,749.45
9755,C0008,F,25,Winnipeg,Perfume,Beauty,2025-08-15,1,47.1,47.1
9756,C0235,F,44,Halifax,Lotion,Beauty,2025-09-22,3,21.88,65.64
9757,C0427,F,23,Halifax,Shampoo,Beauty,2025-04-16,1,12.46,12.46
9758,C0602,M,41,Ottawa,T-Shirt,Clothing,2025-04-06,1,18.41,18.41
9759,C0279,F,53,Montreal,Shampoo,Beauty,2025-10-22,1,11.39,11.39
9760,C0912,F,22,Toronto,Mouse,Electronics,2025-05-03,2,25.48,50.96
9761,C0853,M,37,Vancouver,Jacket,Clothing,2025-10-04,1,85.96,85.96
9762,C0640,F,37,Toronto,Shampoo,Beauty,2025-02-06,2,13.1,26.2
9763,C0360,F,58,Winnipeg,Jacket,Clothing,2025-09-25,2,88.3,176.6
9764,C1204,F,57,Vancouver,Hoodie,Clothing,2025-07-17,1,44.62,44.62
9765,C0605,M,51,Winnipeg,Jeans,Clothing,2025-09-12,1,57.22,57.22
9766,C0212,F,56,Montreal,Mascara,Beauty,2025-01-15,1,18.09,18.09
9767,C0716,F,27,Halifax,Lamp,Home,2025-03-26,2,39.06,78.12
9768,C0549,M,20,Edmonton,Blender,Home,2025-04-02,3,77.8,233.4
9769,C0218,F,51,Edmonton,Hoodie,Clothing,2025-04-10,1,45.87,45.87
9770,C1475,F,52,Ottawa,Perfume,Beauty,2025-06-23,1,48.31,48.31
9771,C0146,M,54,Winnipeg,Lamp,Home,2025-08-03,1,41.49,41.49
9772,C1083,M,62,Ottawa,Headphones,Electronics,2025-03-27,1,68.34,68.34
9773,C0641,M,62,Ottawa,Lipstick,Beauty,2025-03-23,1,13.88,13.88
9774,C1427,M,55,Winnipeg,Mouse,Electronics,2025-04-27,2,26.58,53.16
9775,C1057,F,63,Toronto,Kettle,Home,2025-06-16,4,30.47,121.88
9776,C0990,F,40,Ottawa,Camera,Electronics,2025-08-30,2,312.85,625.7
9777,C0411,M,54,Vancouver,Charger,Electronics,2025-10-05,1,20.91,20.91
9778,C1458,M,38,Ottawa,T-Shirt,Clothing,2025-05-14,1,19.64,19.64
9779,C1395,F,44,Montreal,Headphones,Electronics,2025-06-29,1,70.03,70.03
9780,C1205,F,18,Ottawa,Lamp,Home,2025-06-14,1,42.69,42.69
9781,C1074,M,26,Toronto,Keyboard,Electronics,2025-07-31,1,36.67,36.67
9782,C0322,F,20,Halifax,Camera,Electronics,2025-01-06,1,321.94,321.94
9783,C1107,M,55,Toronto,Toaster,Home,2025-03-14,2,33,66
9784,C0536,M,53,Winnipeg,Sneakers,Clothing,2025-03-18,1,82.28,82.28
9785,C0069,M,51,Halifax,Camera,Electronics,2025-10-10,3,329.24,987.72
9786,C1032,F,47,Montreal,Blender,Home,2025-08-03,1,76.96,76.96
9787,C0916,M,48,Winnipeg,Lipstick,Beauty,2025-06-14,1,15.28,15.28
9788,C0761,M,47,Calgary,Perfume,Beauty,2025-06-23,1,43.05,43.05
9789,C1123,F,33,Winnipeg,Keyboard,Electronics,2025-04-08,1,41.36,41.36
9790,C0710,F,46,Toronto,Shampoo,Beauty,2025-01-25,5,11.14,55.7
9791,C0827,F,23,Calgary,Serum,Beauty,2025-05-31,1,39.79,39.79
9792,C0208,M,31,Montreal,Keyboard,Electronics,2025-08-08,3,41.17,123.51
9793,C0815,F,27,Ottawa,Lipstick,Beauty,2025-06-03,1,16.41,16.41
9794,C0898,F,41,Edmonton,Shampoo,Beauty,2025-03-17,1,12.99,12.99
9795,C1216,M,53,Calgary,Headphones,Electronics,2025-08-19,1,66.97,66.97
9796,C1396,M,41,Halifax,Charger,Electronics,2025-01-03,3,18.11,54.33
9797,C0026,M,24,Montreal,Jacket,Clothing,2025-03-14,1,92.8,92.8
9798,C0507,M,54,Calgary,Vacuum,Home,2025-04-21,4,153.09,612.36
9799,C0148,M,63,Calgary,Charger,Electronics,2025-03-13,1,18.11,18.11
9800,C0861,M,65,Winnipeg,Dress,Clothing,2025-09-12,1,55.47,55.47
9801,C0378,M,57,Ottawa,Air Fryer,Home,2025-08-06,2,111.86,223.72
9802,C0980,F,65,Edmonton,Lotion,Beauty,2025-07-27,1,21.65,21.65
9803,C0065,F,55,Toronto,Lipstick,Beauty,2025-09-06,1,16.22,16.22
9804,C0729,M,42,Halifax,Vacuum,Home,2025-10-17,2,139.54,279.08
9805,C0803,F,60,Calgary,Keyboard,Electronics,2025-03-06,1,39.08,39.08
9806,C0629,F,51,Halifax,Vacuum,Home,2025-10-12,1,136.3,136.3
9807,C0597,M,18,Vancouver,Kettle,Home,2025-01-04,1,27.83,27.83
9808,C0279,M,45,Ottawa,Air Fryer,Home,2025-07-15,1,115.57,115.57
9809,C0366,F,58,Winnipeg,Jacket,Clothing,2025-04-29,1,95.22,95.22
9810,C0499,F,46,Vancouver,Charger,Electronics,2025-07-09,1,20,20
9811,C0169,F,49,Ottawa,Lipstick,Beauty,2025-06-15,2,13.79,27.58
9812,C0462,F,22,Ottawa,Sneakers,Clothing,2025-08-20,1,82.98,82.98
9813,C0420,F,51,Edmonton,Perfume,Beauty,2025-05-10,2,48.89,97.78
9814,C0876,M,63,Halifax,Blender,Home,2025-04-02,1,80.4,80.4
9815,C0040,F,43,Toronto,Hoodie,Clothing,2025-05-05,1,43.38,43.38
9816,C0363,M,30,Vancouver,Lamp,Home,2025-10-27,1,41.97,41.97
9817,C0084,F,29,Calgary,Keyboard,Electronics,2025-07-26,2,41.87,83.74
9818,C1262,M,39,Ottawa,Keyboard,Electronics,2025-04-24,2,43.3,86.6
9819,C0344,F,26,Halifax,Mouse,Electronics,2025-04-11,1,24.44,24.44
9820,C1482,M,23,Edmonton,Keyboard,Electronics,2025-02-01,1,40.12,40.12
9821,C0509,F,53,Vancouver,Blender,Home,2025-05-11,2,84.45,168.9
9822,C0841,M,27,Vancouver,Blender,Home,2025-01-17,3,92.27,276.81
9823,C0338,M,54,Toronto,Air Fryer,Home,2025-09-05,2,115.93,231.86
9824,C1022,M,49,Vancouver,Serum,Beauty,2025-03-05,1,40.52,40.52
9825,C0874,M,21,Calgary,Keyboard,Electronics,2025-03-19,1,37.06,37.06
9826,C0862,M,21,Vancouver,Toaster,Home,2025-07-19,2,37.04,74.08
9827,C0182,M,30,Toronto,Camera,Electronics,2025-02-10,1,315.71,315.71
9828,C0007,M,33,Winnipeg,Headphones,Electronics,2025-09-15,1,63.33,63.33
9829,C0665,F,60,Ottawa,Blender,Home,2025-06-30,1,77.52,77.52
9830,C0408,M,43,Vancouver,Blender,Home,2025-10-17,1,88.02,88.02
9831,C1323,M,50,Vancouver,Smartwatch,Electronics,2025-05-05,4,155.9,623.6
9832,C0262,F,21,Montreal,Dress,Clothing,2025-04-22,3,64.42,193.26
9833,C1423,M,43,Calgary,Lotion,Beauty,2025-08-23,1,20.94,20.94
9834,C0475,M,26,Edmonton,Hoodie,Clothing,2025-07-21,1,40.7,40.7
9835,C1213,F,58,Halifax,Perfume,Beauty,2025-02-09,2,46.68,93.36
9836,C0277,F,28,Calgary,Serum,Beauty,2025-07-18,1,35.66,35.66
9837,C0826,M,22,Edmonton,Sneakers,Clothing,2025-05-06,1,83.68,83.68
9838,C0096,F,55,Edmonton,Serum,Beauty,2025-03-15,1,38.95,38.95
9839,C1056,M,49,Calgary,Blender,Home,2025-06-28,1,91.34,91.34
9840,C1292,F,46,Edmonton,Jeans,Clothing,2025-01-05,1,54.52,54.52
9841,C0748,M,55,Vancouver,Jacket,Clothing,2025-04-28,1,95.55,95.55
9842,C0393,F,57,Calgary,Dress,Clothing,2025-08-20,1,63.4,63.4
9843,C0399,F,45,Calgary,Headphones,Electronics,2025-05-29,3,68.8,206.4
9844,C1262,M,41,Winnipeg,Air Fryer,Home,2025-07-20,3,110.02,330.06
9845,C0729,F,36,Montreal,Mascara,Beauty,2025-01-31,2,18.72,37.44
9846,C0995,M,18,Halifax,Keyboard,Electronics,2025-08-25,1,36.25,36.25
9847,C0808,F,22,Toronto,Jacket,Clothing,2025-06-04,1,97.03,97.03
9848,C1374,M,40,Toronto,Smartwatch,Electronics,2025-07-17,2,168.63,337.26
9849,C1375,F,36,Ottawa,Keyboard,Electronics,2025-04-17,3,38,114
9850,C0767,F,19,Halifax,Camera,Electronics,2025-06-08,1,350.8,350.8
9851,C1035,M,65,Halifax,Lamp,Home,2025-06-18,1,37.44,37.44
9852,C1088,M,19,Edmonton,T-Shirt,Clothing,2025-10-28,1,21.66,21.66
9853,C1146,M,26,Halifax,Lipstick,Beauty,2025-09-15,1,14.47,14.47
9854,C0187,F,35,Edmonton,Headphones,Electronics,2025-03-03,1,73.68,73.68
9855,C0392,F,33,Halifax,Hoodie,Clothing,2025-05-29,4,44.61,178.44
9856,C0200,M,56,Edmonton,Smartwatch,Electronics,2025-06-11,1,167.57,167.57
9857,C0055,M,26,Edmonton,Serum,Beauty,2025-03-27,1,35.38,35.38
9858,C0382,F,61,Montreal,Keyboard,Electronics,2025-01-13,4,38.16,152.64
9859,C0295,F,40,Edmonton,Smartwatch,Electronics,2025-10-02,1,147.2,147.2
9860,C0055,F,50,Edmonton,Lipstick,Beauty,2025-05-04,3,16.1,48.3
9861,C0643,F,55,Vancouver,Jeans,Clothing,2025-04-14,1,52.76,52.76
9862,C1451,F,51,Edmonton,Headphones,Electronics,2025-02-18,4,72.72,290.88
9863,C0941,F,43,Edmonton,Hoodie,Clothing,2025-01-03,1,47.88,47.88
9864,C0080,M,34,Ottawa,Jeans,Clothing,2025-09-07,4,59.42,237.68
9865,C0640,F,31,Calgary,Kettle,Home,2025-09-10,1,25.8,25.8
9866,C1296,M,30,Ottawa,Mascara,Beauty,2025-07-30,1,19.41,19.41
9867,C1285,M,39,Toronto,Smartwatch,Electronics,2025-03-12,1,150.31,150.31
9868,C1275,F,60,Halifax,Serum,Beauty,2025-09-28,1,39.8,39.8
9869,C0296,M,65,Halifax,Hoodie,Clothing,2025-02-07,1,47.06,47.06
9870,C0739,M,35,Ottawa,Lipstick,Beauty,2025-06-02,4,13.53,54.12
9871,C0173,F,37,Ottawa,Headphones,Electronics,2025-08-03,1,66.09,66.09
9872,C0899,M,47,Edmonton,Mouse,Electronics,2025-01-10,2,24.96,49.92
9873,C1277,F,52,Montreal,Serum,Beauty,2025-04-10,1,37.39,37.39
9874,C0536,F,50,Calgary,Shampoo,Beauty,2025-10-25,2,13,26
9875,C1150,M,63,Vancouver,Keyboard,Electronics,2025-08-22,1,38.88,38.88
9876,C0768,M,34,Edmonton,Lipstick,Beauty,2025-07-18,4,16.31,65.24
9877,C0439,M,52,Vancouver,Serum,Beauty,2025-06-23,1,37.69,37.69
9878,C1313,M,29,Montreal,Charger,Electronics,2025-08-05,1,21.86,21.86
9879,C1203,M,19,Winnipeg,Lamp,Home,2025-02-09,1,41.9,41.9
9880,C1104,M,51,Edmonton,Mouse,Electronics,2025-07-05,2,26.65,53.3
9881,C0097,M,29,Montreal,Headphones,Electronics,2025-10-07,2,64.47,128.94
9882,C0714,F,43,Halifax,Headphones,Electronics,2025-03-10,2,71.21,142.42
9883,C0030,M,49,Edmonton,Keyboard,Electronics,2025-09-06,1,37.14,37.14
9884,C0994,F,38,Edmonton,T-Shirt,Clothing,2025-03-26,1,19.19,19.19
9885,C1468,F,22,Halifax,Shampoo,Beauty,2025-06-17,3,12.3,36.9
9886,C1287,F,45,Vancouver,Vacuum,Home,2025-01-29,1,156.79,156.79
9887,C1414,M,40,Edmonton,Dress,Clothing,2025-02-06,1,54.47,54.47
9888,C0655,M,65,Ottawa,Dress,Clothing,2025-01-20,2,60.37,120.74
9889,C0864,M,49,Calgary,Mascara,Beauty,2025-05-26,1,18.24,18.24
9890,C1090,M,22,Halifax,Charger,Electronics,2025-09-17,2,18.32,36.64
9891,C0736,M,52,Vancouver,Blender,Home,2025-05-19,1,85.01,85.01
9892,C0853,F,23,Ottawa,Mascara,Beauty,2025-09-12,4,18.77,75.08
9893,C0531,F,36,Ottawa,Sneakers,Clothing,2025-03-27,3,77.4,232.2
9894,C1294,F,61,Toronto,Kettle,Home,2025-02-21,2,29.46,58.92
9895,C1073,F,57,Montreal,Air Fryer,Home,2025-10-26,1,111.68,111.68
9896,C1058,M,23,Edmonton,Perfume,Beauty,2025-05-22,1,48,48
9897,C0240,M,31,Winnipeg,Toaster,Home,2025-05-02,3,33.03,99.09
9898,C0596,F,20,Edmonton,Toaster,Home,2025-05-31,1,37.33,37.33
9899,C0688,F,28,Vancouver,T-Shirt,Clothing,2025-05-28,2,18.38,36.76
9900,C0314,M,56,Vancouver,Serum,Beauty,2025-03-24,1,37.27,37.27
9901,C0846,F,58,Edmonton,Lotion,Beauty,2025-05-29,1,18.8,18.8
9902,C1173,M,41,Calgary,Headphones,Electronics,2025-06-19,1,75.26,75.26
9903,C1479,F,60,Winnipeg,Serum,Beauty,2025-09-27,1,39.56,39.56
9904,C1002,F,62,Edmonton,Keyboard,Electronics,2025-08-16,2,36.2,72.4
9905,C0157,M,35,Edmonton,Jacket,Clothing,2025-01-05,2,81.17,162.34
9906,C0905,F,48,Winnipeg,Keyboard,Electronics,2025-06-01,1,38.33,38.33
9907,C1256,M,27,Vancouver,Jeans,Clothing,2025-08-09,2,51.08,102.16
9908,C1231,M,43,Ottawa,Perfume,Beauty,2025-06-06,3,46.17,138.51
9909,C0172,M,46,Ottawa,Perfume,Beauty,2025-09-15,2,46.47,92.94
9910,C1436,M,19,Calgary,Lotion,Beauty,2025-01-06,1,21.77,21.77
9911,C1190,M,47,Winnipeg,Camera,Electronics,2025-10-17,1,348.93,348.93
9912,C0505,F,56,Ottawa,Jacket,Clothing,2025-07-23,3,92.86,278.58
9913,C0544,M,64,Halifax,Perfume,Beauty,2025-10-05,1,40.55,40.55
9914,C1100,M,27,Ottawa,Kettle,Home,2025-05-14,3,27.21,81.63
9915,C1236,F,29,Halifax,Mouse,Electronics,2025-03-18,2,25.07,50.14
9916,C0603,F,37,Halifax,Jeans,Clothing,2025-04-26,2,54.99,109.98
9917,C1046,F,58,Vancouver,Perfume,Beauty,2025-07-20,4,45.93,183.72
9918,C0154,M,36,Halifax,Shampoo,Beauty,2025-03-28,2,13.11,26.22
9919,C0424,M,23,Winnipeg,Serum,Beauty,2025-03-09,1,40.93,40.93
9920,C0648,M,40,Montreal,Keyboard,Electronics,2025-04-11,1,36.87,36.87
9921,C0292,M,36,Vancouver,Lipstick,Beauty,2025-06-11,1,14.3,14.3
9922,C1434,M,48,Toronto,Jeans,Clothing,2025-03-12,1,58.66,58.66
9923,C0613,F,50,Calgary,Lamp,Home,2025-06-22,1,42.59,42.59
9924,C0593,M,19,Edmonton,Blender,Home,2025-06-18,1,81.18,81.18
9925,C1145,M,32,Ottawa,Smartwatch,Electronics,2025-04-13,1,167.38,167.38
9926,C0647,M,28,Winnipeg,Lotion,Beauty,2025-08-16,1,20.69,20.69
9927,C0385,F,43,Vancouver,Camera,Electronics,2025-05-13,3,318.31,954.93
9928,C0731,F,35,Vancouver,Jeans,Clothing,2025-03-01,2,51.72,103.44
9929,C0234,F,18,Halifax,Jeans,Clothing,2025-05-25,3,59.28,177.84
9930,C0218,M,49,Halifax,Jeans,Clothing,2025-07-30,1,56.96,56.96
9931,C1440,M,21,Edmonton,Hoodie,Clothing,2025-04-19,1,42.02,42.02
9932,C1486,F,39,Edmonton,Lipstick,Beauty,2025-07-12,1,15.61,15.61
9933,C1363,M,53,Ottawa,Serum,Beauty,2025-07-02,1,39.83,39.83
9934,C0246,F,46,Calgary,Lotion,Beauty,2025-01-09,1,21.55,21.55
9935,C0149,M,53,Vancouver,Smartwatch,Electronics,2025-05-12,1,151.13,151.13
9936,C0894,F,50,Halifax,Perfume,Beauty,2025-03-15,1,49.4,49.4
9937,C0404,M,56,Montreal,Smartwatch,Electronics,2025-04-06,2,148.91,297.82
9938,C0503,F,31,Halifax,Blender,Home,2025-05-09,2,86.71,173.42
9939,C0384,F,65,Edmonton,Sneakers,Clothing,2025-08-10,1,87.67,87.67
9940,C0033,M,64,Ottawa,Air Fryer,Home,2025-05-08,1,108.22,108.22
9941,C0402,M,54,Calgary,Jacket,Clothing,2025-01-07,1,89.55,89.55
9942,C1449,F,62,Toronto,Lotion,Beauty,2025-08-13,1,21.56,21.56
9943,C0657,M,22,Edmonton,Serum,Beauty,2025-04-26,4,39.1,156.4
9944,C0269,M,39,Ottawa,Kettle,Home,2025-04-13,3,27.98,83.94
9945,C0299,F,22,Toronto,Camera,Electronics,2025-08-14,1,296.21,296.21
9946,C0113,M,54,Ottawa,Lipstick,Beauty,2025-02-22,1,13.52,13.52
9947,C1006,F,55,Vancouver,Mouse,Electronics,2025-01-03,1,23.12,23.12
9948,C1345,M,63,Calgary,Perfume,Beauty,2025-02-01,1,49.11,49.11
9949,C0919,M,51,Montreal,Smartwatch,Electronics,2025-09-15,3,168.45,505.35
9950,C1064,F,32,Halifax,Mouse,Electronics,2025-03-21,2,27.34,54.68
9951,C0674,F,65,Toronto,Smartwatch,Electronics,2025-05-04,1,145.14,145.14
9952,C0946,M,54,Winnipeg,Kettle,Home,2025-09-17,1,29.01,29.01
9953,C0365,F,44,Toronto,Keyboard,Electronics,2025-07-29,2,36.35,72.7
9954,C0206,F,65,Winnipeg,Shampoo,Beauty,2025-02-14,1,12.68,12.68
9955,C0981,F,18,Ottawa,Shampoo,Beauty,2025-09-29,2,11.71,23.42
9956,C1259,M,46,Toronto,Headphones,Electronics,2025-08-15,1,64.34,64.34
9957,C0107,F,25,Winnipeg,Toaster,Home,2025-04-23,1,35.48,35.48
9958,C0597,F,50,Halifax,Lamp,Home,2025-01-30,2,38.24,76.48
9959,C1116,M,24,Ottawa,Blender,Home,2025-10-03,1,87.71,87.71
9960,C1438,F,46,Ottawa,Mascara,Beauty,2025-08-02,1,18.57,18.57
9961,C0040,F,48,Toronto,Camera,Electronics,2025-03-28,1,333.12,333.12
9962,C0396,M,55,Toronto,Headphones,Electronics,2025-10-19,1,76.89,76.89
9963,C1498,M,25,Winnipeg,Smartwatch,Electronics,2025-01-22,2,156.37,312.74
9964,C1490,F,48,Vancouver,Smartwatch,Electronics,2025-01-21,1,158.89,158.89
9965,C1012,F,54,Vancouver,Headphones,Electronics,2025-06-25,2,74.26,148.52
9966,C0306,F,32,Edmonton,Keyboard,Electronics,2025-09-18,1,40.63,40.63
9967,C0043,F,49,Vancouver,Air Fryer,Home,2025-06-17,1,99.82,99.82
9968,C0855,F,43,Calgary,Lipstick,Beauty,2025-08-09,2,16.03,32.06
9969,C1008,M,65,Montreal,Lamp,Home,2025-03-23,2,36.41,72.82
9970,C1157,F,28,Vancouver,Lotion,Beauty,2025-03-20,1,18.68,18.68
9971,C0577,M,40,Vancouver,Lipstick,Beauty,2025-10-28,1,13.81,13.81
9972,C1375,F,51,Ottawa,Jeans,Clothing,2025-06-08,1,50.36,50.36
9973,C0149,F,50,Montreal,Hoodie,Clothing,2025-05-23,2,40.73,81.46
9974,C0071,M,34,Toronto,Shampoo,Beauty,2025-02-14,1,10.93,10.93
9975,C0321,F,50,Calgary,Smartwatch,Electronics,2025-08-24,1,158.16,158.16
9976,C0444,F,19,Toronto,Perfume,Beauty,2025-06-19,1,42.78,42.78
9977,C0767,F,21,Ottawa,Mouse,Electronics,2025-08-13,1,23.13,23.13
9978,C1186,M,29,Calgary,Hoodie,Clothing,2025-10-21,2,46.43,92.86
9979,C1384,F,46,Vancouver,Sneakers,Clothing,2025-10-07,1,80.34,80.34
9980,C0458,M,59,Winnipeg,Kettle,Home,2025-04-01,1,25.31,25.31
9981,C0688,F,59,Montreal,Smartwatch,Electronics,2025-05-27,1,157.39,157.39
9982,C0793,M,64,Montreal,Toaster,Home,2025-10-08,1,33.67,33.67
9983,C1220,F,60,Vancouver,Smartwatch,Electronics,2025-03-11,1,154.2,154.2
9984,C1184,M,56,Toronto,Hoodie,Clothing,2025-02-18,1,44.51,44.51
9985,C0813,M,59,Toronto,Jacket,Clothing,2025-01-17,1,93.04,93.04
9986,C0092,F,36,Vancouver,Headphones,Electronics,2025-05-29,2,71.63,143.26
9987,C0653,M,19,Vancouver,Mouse,Electronics,2025-02-12,2,27.19,54.38
9988,C0261,F,24,Halifax,Keyboard,Electronics,2025-07-31,1,40.14,40.14
9989,C0145,F,63,Montreal,Serum,Beauty,2025-07-23,1,37.79,37.79
9990,C0239,F,39,Toronto,Hoodie,Clothing,2025-07-24,1,42.42,42.42
9991,C1095,F,28,Edmonton,Keyboard,Electronics,2025-03-04,1,42.04,42.04
9992,C0906,F,50,Calgary,Headphones,Electronics,2025-01-24,3,64.97,194.91
9993,C1499,M,37,Calgary,Keyboard,Electronics,2025-02-02,4,39.93,159.72
9994,C0919,F,22,Ottawa,Hoodie,Clothing,2025-07-28,2,44.29,88.58
9995,C0656,M,21,Ottawa,Serum,Beauty,2025-09-30,1,39.2,39.2
9996,C0308,F,31,Ottawa,Jeans,Clothing,2025-06-25,2,59.59,119.18
9997,C0667,F,20,Winnipeg,Jeans,Clothing,2025-02-13,1,59.91,59.91
9998,C1423,F,35,Toronto,Sneakers,Clothing,2025-06-02,2,79.35,158.7
9999,C0774,M,44,Calgary,Smartwatch,Electronics,2025-07-07,1,152.38,152.38
10000,C1002,F,21,Toronto,Mascara,Beauty,2025-10-12,1,19.12,19.12
